[2025-10-28 17:14:50] local.ERROR: SQLSTATE[08006] [7] connection to server at "127.0.0.1", port 5432 failed: Connection refused
	Is the server running on that host and accepting TCP/IP connections? (Connection: pgsql, SQL: select exists (select 1 from pg_class c, pg_namespace n where n.nspname = current_schema() and c.relname = 'migrations' and c.relkind in ('r', 'p') and n.oid = c.relnamespace)) {"exception":"[object] (Illuminate\\Database\\QueryException(code: 7): SQLSTATE[08006] [7] connection to server at \"127.0.0.1\", port 5432 failed: Connection refused
\tIs the server running on that host and accepting TCP/IP connections? (Connection: pgsql, SQL: select exists (select 1 from pg_class c, pg_namespace n where n.nspname = current_schema() and c.relname = 'migrations' and c.relkind in ('r', 'p') and n.oid = c.relnamespace)) at /Applications/XAMPP/xamppfiles/htdocs/final-project-cloud-computing-b-cc-kelompok-8-boboiboy-kuasa-bug-gaib/Nusatarawisata-kaltim/vendor/laravel/framework/src/Illuminate/Database/Connection.php:824)
[stacktrace]
#0 /Applications/XAMPP/xamppfiles/htdocs/final-project-cloud-computing-b-cc-kelompok-8-boboiboy-kuasa-bug-gaib/Nusatarawisata-kaltim/vendor/laravel/framework/src/Illuminate/Database/Connection.php(778): Illuminate\\Database\\Connection->runQueryCallback('select exists (...', Array, Object(Closure))
#1 /Applications/XAMPP/xamppfiles/htdocs/final-project-cloud-computing-b-cc-kelompok-8-boboiboy-kuasa-bug-gaib/Nusatarawisata-kaltim/vendor/laravel/framework/src/Illuminate/Database/Connection.php(397): Illuminate\\Database\\Connection->run('select exists (...', Array, Object(Closure))
#2 /Applications/XAMPP/xamppfiles/htdocs/final-project-cloud-computing-b-cc-kelompok-8-boboiboy-kuasa-bug-gaib/Nusatarawisata-kaltim/vendor/laravel/framework/src/Illuminate/Database/Connection.php(343): Illuminate\\Database\\Connection->select('select exists (...', Array, true)
#3 /Applications/XAMPP/xamppfiles/htdocs/final-project-cloud-computing-b-cc-kelompok-8-boboiboy-kuasa-bug-gaib/Nusatarawisata-kaltim/vendor/laravel/framework/src/Illuminate/Database/Connection.php(360): Illuminate\\Database\\Connection->selectOne('select exists (...', Array, true)
#4 /Applications/XAMPP/xamppfiles/htdocs/final-project-cloud-computing-b-cc-kelompok-8-boboiboy-kuasa-bug-gaib/Nusatarawisata-kaltim/vendor/laravel/framework/src/Illuminate/Database/Schema/Builder.php(174): Illuminate\\Database\\Connection->scalar('select exists (...')
#5 /Applications/XAMPP/xamppfiles/htdocs/final-project-cloud-computing-b-cc-kelompok-8-boboiboy-kuasa-bug-gaib/Nusatarawisata-kaltim/vendor/laravel/framework/src/Illuminate/Database/Migrations/DatabaseMigrationRepository.php(185): Illuminate\\Database\\Schema\\Builder->hasTable('migrations')
#6 /Applications/XAMPP/xamppfiles/htdocs/final-project-cloud-computing-b-cc-kelompok-8-boboiboy-kuasa-bug-gaib/Nusatarawisata-kaltim/vendor/laravel/framework/src/Illuminate/Database/Migrations/Migrator.php(753): Illuminate\\Database\\Migrations\\DatabaseMigrationRepository->repositoryExists()
#7 /Applications/XAMPP/xamppfiles/htdocs/final-project-cloud-computing-b-cc-kelompok-8-boboiboy-kuasa-bug-gaib/Nusatarawisata-kaltim/vendor/laravel/framework/src/Illuminate/Database/Console/Migrations/MigrateCommand.php(164): Illuminate\\Database\\Migrations\\Migrator->repositoryExists()
#8 /Applications/XAMPP/xamppfiles/htdocs/final-project-cloud-computing-b-cc-kelompok-8-boboiboy-kuasa-bug-gaib/Nusatarawisata-kaltim/vendor/laravel/framework/src/Illuminate/Support/helpers.php(329): Illuminate\\Database\\Console\\Migrations\\MigrateCommand->Illuminate\\Database\\Console\\Migrations\\{closure}(1)
#9 /Applications/XAMPP/xamppfiles/htdocs/final-project-cloud-computing-b-cc-kelompok-8-boboiboy-kuasa-bug-gaib/Nusatarawisata-kaltim/vendor/laravel/framework/src/Illuminate/Database/Console/Migrations/MigrateCommand.php(164): retry(1, Object(Closure), 0, Object(Closure))
#10 /Applications/XAMPP/xamppfiles/htdocs/final-project-cloud-computing-b-cc-kelompok-8-boboiboy-kuasa-bug-gaib/Nusatarawisata-kaltim/vendor/laravel/framework/src/Illuminate/Database/Console/Migrations/MigrateCommand.php(140): Illuminate\\Database\\Console\\Migrations\\MigrateCommand->repositoryExists()
#11 /Applications/XAMPP/xamppfiles/htdocs/final-project-cloud-computing-b-cc-kelompok-8-boboiboy-kuasa-bug-gaib/Nusatarawisata-kaltim/vendor/laravel/framework/src/Illuminate/Database/Console/Migrations/MigrateCommand.php(110): Illuminate\\Database\\Console\\Migrations\\MigrateCommand->prepareDatabase()
#12 /Applications/XAMPP/xamppfiles/htdocs/final-project-cloud-computing-b-cc-kelompok-8-boboiboy-kuasa-bug-gaib/Nusatarawisata-kaltim/vendor/laravel/framework/src/Illuminate/Database/Migrations/Migrator.php(666): Illuminate\\Database\\Console\\Migrations\\MigrateCommand->Illuminate\\Database\\Console\\Migrations\\{closure}()
#13 /Applications/XAMPP/xamppfiles/htdocs/final-project-cloud-computing-b-cc-kelompok-8-boboiboy-kuasa-bug-gaib/Nusatarawisata-kaltim/vendor/laravel/framework/src/Illuminate/Database/Console/Migrations/MigrateCommand.php(109): Illuminate\\Database\\Migrations\\Migrator->usingConnection(NULL, Object(Closure))
#14 /Applications/XAMPP/xamppfiles/htdocs/final-project-cloud-computing-b-cc-kelompok-8-boboiboy-kuasa-bug-gaib/Nusatarawisata-kaltim/vendor/laravel/framework/src/Illuminate/Database/Console/Migrations/MigrateCommand.php(88): Illuminate\\Database\\Console\\Migrations\\MigrateCommand->runMigrations()
#15 /Applications/XAMPP/xamppfiles/htdocs/final-project-cloud-computing-b-cc-kelompok-8-boboiboy-kuasa-bug-gaib/Nusatarawisata-kaltim/vendor/laravel/framework/src/Illuminate/Container/BoundMethod.php(36): Illuminate\\Database\\Console\\Migrations\\MigrateCommand->handle()
#16 /Applications/XAMPP/xamppfiles/htdocs/final-project-cloud-computing-b-cc-kelompok-8-boboiboy-kuasa-bug-gaib/Nusatarawisata-kaltim/vendor/laravel/framework/src/Illuminate/Container/Util.php(43): Illuminate\\Container\\BoundMethod::Illuminate\\Container\\{closure}()
#17 /Applications/XAMPP/xamppfiles/htdocs/final-project-cloud-computing-b-cc-kelompok-8-boboiboy-kuasa-bug-gaib/Nusatarawisata-kaltim/vendor/laravel/framework/src/Illuminate/Container/BoundMethod.php(96): Illuminate\\Container\\Util::unwrapIfClosure(Object(Closure))
#18 /Applications/XAMPP/xamppfiles/htdocs/final-project-cloud-computing-b-cc-kelompok-8-boboiboy-kuasa-bug-gaib/Nusatarawisata-kaltim/vendor/laravel/framework/src/Illuminate/Container/BoundMethod.php(35): Illuminate\\Container\\BoundMethod::callBoundMethod(Object(Illuminate\\Foundation\\Application), Array, Object(Closure))
#19 /Applications/XAMPP/xamppfiles/htdocs/final-project-cloud-computing-b-cc-kelompok-8-boboiboy-kuasa-bug-gaib/Nusatarawisata-kaltim/vendor/laravel/framework/src/Illuminate/Container/Container.php(836): Illuminate\\Container\\BoundMethod::call(Object(Illuminate\\Foundation\\Application), Array, Array, NULL)
#20 /Applications/XAMPP/xamppfiles/htdocs/final-project-cloud-computing-b-cc-kelompok-8-boboiboy-kuasa-bug-gaib/Nusatarawisata-kaltim/vendor/laravel/framework/src/Illuminate/Console/Command.php(211): Illuminate\\Container\\Container->call(Array)
#21 /Applications/XAMPP/xamppfiles/htdocs/final-project-cloud-computing-b-cc-kelompok-8-boboiboy-kuasa-bug-gaib/Nusatarawisata-kaltim/vendor/symfony/console/Command/Command.php(318): Illuminate\\Console\\Command->execute(Object(Symfony\\Component\\Console\\Input\\ArgvInput), Object(Illuminate\\Console\\OutputStyle))
#22 /Applications/XAMPP/xamppfiles/htdocs/final-project-cloud-computing-b-cc-kelompok-8-boboiboy-kuasa-bug-gaib/Nusatarawisata-kaltim/vendor/laravel/framework/src/Illuminate/Console/Command.php(180): Symfony\\Component\\Console\\Command\\Command->run(Object(Symfony\\Component\\Console\\Input\\ArgvInput), Object(Illuminate\\Console\\OutputStyle))
#23 /Applications/XAMPP/xamppfiles/htdocs/final-project-cloud-computing-b-cc-kelompok-8-boboiboy-kuasa-bug-gaib/Nusatarawisata-kaltim/vendor/symfony/console/Application.php(1073): Illuminate\\Console\\Command->run(Object(Symfony\\Component\\Console\\Input\\ArgvInput), Object(Symfony\\Component\\Console\\Output\\ConsoleOutput))
#24 /Applications/XAMPP/xamppfiles/htdocs/final-project-cloud-computing-b-cc-kelompok-8-boboiboy-kuasa-bug-gaib/Nusatarawisata-kaltim/vendor/symfony/console/Application.php(356): Symfony\\Component\\Console\\Application->doRunCommand(Object(Illuminate\\Database\\Console\\Migrations\\MigrateCommand), Object(Symfony\\Component\\Console\\Input\\ArgvInput), Object(Symfony\\Component\\Console\\Output\\ConsoleOutput))
#25 /Applications/XAMPP/xamppfiles/htdocs/final-project-cloud-computing-b-cc-kelompok-8-boboiboy-kuasa-bug-gaib/Nusatarawisata-kaltim/vendor/symfony/console/Application.php(195): Symfony\\Component\\Console\\Application->doRun(Object(Symfony\\Component\\Console\\Input\\ArgvInput), Object(Symfony\\Component\\Console\\Output\\ConsoleOutput))
#26 /Applications/XAMPP/xamppfiles/htdocs/final-project-cloud-computing-b-cc-kelompok-8-boboiboy-kuasa-bug-gaib/Nusatarawisata-kaltim/vendor/laravel/framework/src/Illuminate/Foundation/Console/Kernel.php(197): Symfony\\Component\\Console\\Application->run(Object(Symfony\\Component\\Console\\Input\\ArgvInput), Object(Symfony\\Component\\Console\\Output\\ConsoleOutput))
#27 /Applications/XAMPP/xamppfiles/htdocs/final-project-cloud-computing-b-cc-kelompok-8-boboiboy-kuasa-bug-gaib/Nusatarawisata-kaltim/vendor/laravel/framework/src/Illuminate/Foundation/Application.php(1235): Illuminate\\Foundation\\Console\\Kernel->handle(Object(Symfony\\Component\\Console\\Input\\ArgvInput), Object(Symfony\\Component\\Console\\Output\\ConsoleOutput))
#28 /Applications/XAMPP/xamppfiles/htdocs/final-project-cloud-computing-b-cc-kelompok-8-boboiboy-kuasa-bug-gaib/Nusatarawisata-kaltim/artisan(16): Illuminate\\Foundation\\Application->handleCommand(Object(Symfony\\Component\\Console\\Input\\ArgvInput))
#29 {main}

[previous exception] [object] (PDOException(code: 7): SQLSTATE[08006] [7] connection to server at \"127.0.0.1\", port 5432 failed: Connection refused
\tIs the server running on that host and accepting TCP/IP connections? at /Applications/XAMPP/xamppfiles/htdocs/final-project-cloud-computing-b-cc-kelompok-8-boboiboy-kuasa-bug-gaib/Nusatarawisata-kaltim/vendor/laravel/framework/src/Illuminate/Database/Connectors/Connector.php:66)
[stacktrace]
#0 /Applications/XAMPP/xamppfiles/htdocs/final-project-cloud-computing-b-cc-kelompok-8-boboiboy-kuasa-bug-gaib/Nusatarawisata-kaltim/vendor/laravel/framework/src/Illuminate/Database/Connectors/Connector.php(66): PDO->__construct('pgsql:host=127....', 'postgres', Object(SensitiveParameterValue), Array)
#1 /Applications/XAMPP/xamppfiles/htdocs/final-project-cloud-computing-b-cc-kelompok-8-boboiboy-kuasa-bug-gaib/Nusatarawisata-kaltim/vendor/laravel/framework/src/Illuminate/Database/Connectors/Connector.php(44): Illuminate\\Database\\Connectors\\Connector->createPdoConnection('pgsql:host=127....', 'postgres', Object(SensitiveParameterValue), Array)
#2 /Applications/XAMPP/xamppfiles/htdocs/final-project-cloud-computing-b-cc-kelompok-8-boboiboy-kuasa-bug-gaib/Nusatarawisata-kaltim/vendor/laravel/framework/src/Illuminate/Database/Connectors/PostgresConnector.php(35): Illuminate\\Database\\Connectors\\Connector->createConnection('pgsql:host=127....', Array, Array)
#3 /Applications/XAMPP/xamppfiles/htdocs/final-project-cloud-computing-b-cc-kelompok-8-boboiboy-kuasa-bug-gaib/Nusatarawisata-kaltim/vendor/laravel/framework/src/Illuminate/Database/Connectors/ConnectionFactory.php(184): Illuminate\\Database\\Connectors\\PostgresConnector->connect(Array)
#4 [internal function]: Illuminate\\Database\\Connectors\\ConnectionFactory->Illuminate\\Database\\Connectors\\{closure}()
#5 /Applications/XAMPP/xamppfiles/htdocs/final-project-cloud-computing-b-cc-kelompok-8-boboiboy-kuasa-bug-gaib/Nusatarawisata-kaltim/vendor/laravel/framework/src/Illuminate/Database/Connection.php(1234): call_user_func(Object(Closure))
#6 /Applications/XAMPP/xamppfiles/htdocs/final-project-cloud-computing-b-cc-kelompok-8-boboiboy-kuasa-bug-gaib/Nusatarawisata-kaltim/vendor/laravel/framework/src/Illuminate/Database/Connection.php(1270): Illuminate\\Database\\Connection->getPdo()
#7 /Applications/XAMPP/xamppfiles/htdocs/final-project-cloud-computing-b-cc-kelompok-8-boboiboy-kuasa-bug-gaib/Nusatarawisata-kaltim/vendor/laravel/framework/src/Illuminate/Database/Connection.php(511): Illuminate\\Database\\Connection->getReadPdo()
#8 /Applications/XAMPP/xamppfiles/htdocs/final-project-cloud-computing-b-cc-kelompok-8-boboiboy-kuasa-bug-gaib/Nusatarawisata-kaltim/vendor/laravel/framework/src/Illuminate/Database/Connection.php(406): Illuminate\\Database\\Connection->getPdoForSelect(true)
#9 /Applications/XAMPP/xamppfiles/htdocs/final-project-cloud-computing-b-cc-kelompok-8-boboiboy-kuasa-bug-gaib/Nusatarawisata-kaltim/vendor/laravel/framework/src/Illuminate/Database/Connection.php(811): Illuminate\\Database\\Connection->Illuminate\\Database\\{closure}('select exists (...', Array)
#10 /Applications/XAMPP/xamppfiles/htdocs/final-project-cloud-computing-b-cc-kelompok-8-boboiboy-kuasa-bug-gaib/Nusatarawisata-kaltim/vendor/laravel/framework/src/Illuminate/Database/Connection.php(778): Illuminate\\Database\\Connection->runQueryCallback('select exists (...', Array, Object(Closure))
#11 /Applications/XAMPP/xamppfiles/htdocs/final-project-cloud-computing-b-cc-kelompok-8-boboiboy-kuasa-bug-gaib/Nusatarawisata-kaltim/vendor/laravel/framework/src/Illuminate/Database/Connection.php(397): Illuminate\\Database\\Connection->run('select exists (...', Array, Object(Closure))
#12 /Applications/XAMPP/xamppfiles/htdocs/final-project-cloud-computing-b-cc-kelompok-8-boboiboy-kuasa-bug-gaib/Nusatarawisata-kaltim/vendor/laravel/framework/src/Illuminate/Database/Connection.php(343): Illuminate\\Database\\Connection->select('select exists (...', Array, true)
#13 /Applications/XAMPP/xamppfiles/htdocs/final-project-cloud-computing-b-cc-kelompok-8-boboiboy-kuasa-bug-gaib/Nusatarawisata-kaltim/vendor/laravel/framework/src/Illuminate/Database/Connection.php(360): Illuminate\\Database\\Connection->selectOne('select exists (...', Array, true)
#14 /Applications/XAMPP/xamppfiles/htdocs/final-project-cloud-computing-b-cc-kelompok-8-boboiboy-kuasa-bug-gaib/Nusatarawisata-kaltim/vendor/laravel/framework/src/Illuminate/Database/Schema/Builder.php(174): Illuminate\\Database\\Connection->scalar('select exists (...')
#15 /Applications/XAMPP/xamppfiles/htdocs/final-project-cloud-computing-b-cc-kelompok-8-boboiboy-kuasa-bug-gaib/Nusatarawisata-kaltim/vendor/laravel/framework/src/Illuminate/Database/Migrations/DatabaseMigrationRepository.php(185): Illuminate\\Database\\Schema\\Builder->hasTable('migrations')
#16 /Applications/XAMPP/xamppfiles/htdocs/final-project-cloud-computing-b-cc-kelompok-8-boboiboy-kuasa-bug-gaib/Nusatarawisata-kaltim/vendor/laravel/framework/src/Illuminate/Database/Migrations/Migrator.php(753): Illuminate\\Database\\Migrations\\DatabaseMigrationRepository->repositoryExists()
#17 /Applications/XAMPP/xamppfiles/htdocs/final-project-cloud-computing-b-cc-kelompok-8-boboiboy-kuasa-bug-gaib/Nusatarawisata-kaltim/vendor/laravel/framework/src/Illuminate/Database/Console/Migrations/MigrateCommand.php(164): Illuminate\\Database\\Migrations\\Migrator->repositoryExists()
#18 /Applications/XAMPP/xamppfiles/htdocs/final-project-cloud-computing-b-cc-kelompok-8-boboiboy-kuasa-bug-gaib/Nusatarawisata-kaltim/vendor/laravel/framework/src/Illuminate/Support/helpers.php(329): Illuminate\\Database\\Console\\Migrations\\MigrateCommand->Illuminate\\Database\\Console\\Migrations\\{closure}(1)
#19 /Applications/XAMPP/xamppfiles/htdocs/final-project-cloud-computing-b-cc-kelompok-8-boboiboy-kuasa-bug-gaib/Nusatarawisata-kaltim/vendor/laravel/framework/src/Illuminate/Database/Console/Migrations/MigrateCommand.php(164): retry(1, Object(Closure), 0, Object(Closure))
#20 /Applications/XAMPP/xamppfiles/htdocs/final-project-cloud-computing-b-cc-kelompok-8-boboiboy-kuasa-bug-gaib/Nusatarawisata-kaltim/vendor/laravel/framework/src/Illuminate/Database/Console/Migrations/MigrateCommand.php(140): Illuminate\\Database\\Console\\Migrations\\MigrateCommand->repositoryExists()
#21 /Applications/XAMPP/xamppfiles/htdocs/final-project-cloud-computing-b-cc-kelompok-8-boboiboy-kuasa-bug-gaib/Nusatarawisata-kaltim/vendor/laravel/framework/src/Illuminate/Database/Console/Migrations/MigrateCommand.php(110): Illuminate\\Database\\Console\\Migrations\\MigrateCommand->prepareDatabase()
#22 /Applications/XAMPP/xamppfiles/htdocs/final-project-cloud-computing-b-cc-kelompok-8-boboiboy-kuasa-bug-gaib/Nusatarawisata-kaltim/vendor/laravel/framework/src/Illuminate/Database/Migrations/Migrator.php(666): Illuminate\\Database\\Console\\Migrations\\MigrateCommand->Illuminate\\Database\\Console\\Migrations\\{closure}()
#23 /Applications/XAMPP/xamppfiles/htdocs/final-project-cloud-computing-b-cc-kelompok-8-boboiboy-kuasa-bug-gaib/Nusatarawisata-kaltim/vendor/laravel/framework/src/Illuminate/Database/Console/Migrations/MigrateCommand.php(109): Illuminate\\Database\\Migrations\\Migrator->usingConnection(NULL, Object(Closure))
#24 /Applications/XAMPP/xamppfiles/htdocs/final-project-cloud-computing-b-cc-kelompok-8-boboiboy-kuasa-bug-gaib/Nusatarawisata-kaltim/vendor/laravel/framework/src/Illuminate/Database/Console/Migrations/MigrateCommand.php(88): Illuminate\\Database\\Console\\Migrations\\MigrateCommand->runMigrations()
#25 /Applications/XAMPP/xamppfiles/htdocs/final-project-cloud-computing-b-cc-kelompok-8-boboiboy-kuasa-bug-gaib/Nusatarawisata-kaltim/vendor/laravel/framework/src/Illuminate/Container/BoundMethod.php(36): Illuminate\\Database\\Console\\Migrations\\MigrateCommand->handle()
#26 /Applications/XAMPP/xamppfiles/htdocs/final-project-cloud-computing-b-cc-kelompok-8-boboiboy-kuasa-bug-gaib/Nusatarawisata-kaltim/vendor/laravel/framework/src/Illuminate/Container/Util.php(43): Illuminate\\Container\\BoundMethod::Illuminate\\Container\\{closure}()
#27 /Applications/XAMPP/xamppfiles/htdocs/final-project-cloud-computing-b-cc-kelompok-8-boboiboy-kuasa-bug-gaib/Nusatarawisata-kaltim/vendor/laravel/framework/src/Illuminate/Container/BoundMethod.php(96): Illuminate\\Container\\Util::unwrapIfClosure(Object(Closure))
#28 /Applications/XAMPP/xamppfiles/htdocs/final-project-cloud-computing-b-cc-kelompok-8-boboiboy-kuasa-bug-gaib/Nusatarawisata-kaltim/vendor/laravel/framework/src/Illuminate/Container/BoundMethod.php(35): Illuminate\\Container\\BoundMethod::callBoundMethod(Object(Illuminate\\Foundation\\Application), Array, Object(Closure))
#29 /Applications/XAMPP/xamppfiles/htdocs/final-project-cloud-computing-b-cc-kelompok-8-boboiboy-kuasa-bug-gaib/Nusatarawisata-kaltim/vendor/laravel/framework/src/Illuminate/Container/Container.php(836): Illuminate\\Container\\BoundMethod::call(Object(Illuminate\\Foundation\\Application), Array, Array, NULL)
#30 /Applications/XAMPP/xamppfiles/htdocs/final-project-cloud-computing-b-cc-kelompok-8-boboiboy-kuasa-bug-gaib/Nusatarawisata-kaltim/vendor/laravel/framework/src/Illuminate/Console/Command.php(211): Illuminate\\Container\\Container->call(Array)
#31 /Applications/XAMPP/xamppfiles/htdocs/final-project-cloud-computing-b-cc-kelompok-8-boboiboy-kuasa-bug-gaib/Nusatarawisata-kaltim/vendor/symfony/console/Command/Command.php(318): Illuminate\\Console\\Command->execute(Object(Symfony\\Component\\Console\\Input\\ArgvInput), Object(Illuminate\\Console\\OutputStyle))
#32 /Applications/XAMPP/xamppfiles/htdocs/final-project-cloud-computing-b-cc-kelompok-8-boboiboy-kuasa-bug-gaib/Nusatarawisata-kaltim/vendor/laravel/framework/src/Illuminate/Console/Command.php(180): Symfony\\Component\\Console\\Command\\Command->run(Object(Symfony\\Component\\Console\\Input\\ArgvInput), Object(Illuminate\\Console\\OutputStyle))
#33 /Applications/XAMPP/xamppfiles/htdocs/final-project-cloud-computing-b-cc-kelompok-8-boboiboy-kuasa-bug-gaib/Nusatarawisata-kaltim/vendor/symfony/console/Application.php(1073): Illuminate\\Console\\Command->run(Object(Symfony\\Component\\Console\\Input\\ArgvInput), Object(Symfony\\Component\\Console\\Output\\ConsoleOutput))
#34 /Applications/XAMPP/xamppfiles/htdocs/final-project-cloud-computing-b-cc-kelompok-8-boboiboy-kuasa-bug-gaib/Nusatarawisata-kaltim/vendor/symfony/console/Application.php(356): Symfony\\Component\\Console\\Application->doRunCommand(Object(Illuminate\\Database\\Console\\Migrations\\MigrateCommand), Object(Symfony\\Component\\Console\\Input\\ArgvInput), Object(Symfony\\Component\\Console\\Output\\ConsoleOutput))
#35 /Applications/XAMPP/xamppfiles/htdocs/final-project-cloud-computing-b-cc-kelompok-8-boboiboy-kuasa-bug-gaib/Nusatarawisata-kaltim/vendor/symfony/console/Application.php(195): Symfony\\Component\\Console\\Application->doRun(Object(Symfony\\Component\\Console\\Input\\ArgvInput), Object(Symfony\\Component\\Console\\Output\\ConsoleOutput))
#36 /Applications/XAMPP/xamppfiles/htdocs/final-project-cloud-computing-b-cc-kelompok-8-boboiboy-kuasa-bug-gaib/Nusatarawisata-kaltim/vendor/laravel/framework/src/Illuminate/Foundation/Console/Kernel.php(197): Symfony\\Component\\Console\\Application->run(Object(Symfony\\Component\\Console\\Input\\ArgvInput), Object(Symfony\\Component\\Console\\Output\\ConsoleOutput))
#37 /Applications/XAMPP/xamppfiles/htdocs/final-project-cloud-computing-b-cc-kelompok-8-boboiboy-kuasa-bug-gaib/Nusatarawisata-kaltim/vendor/laravel/framework/src/Illuminate/Foundation/Application.php(1235): Illuminate\\Foundation\\Console\\Kernel->handle(Object(Symfony\\Component\\Console\\Input\\ArgvInput), Object(Symfony\\Component\\Console\\Output\\ConsoleOutput))
#38 /Applications/XAMPP/xamppfiles/htdocs/final-project-cloud-computing-b-cc-kelompok-8-boboiboy-kuasa-bug-gaib/Nusatarawisata-kaltim/artisan(16): Illuminate\\Foundation\\Application->handleCommand(Object(Symfony\\Component\\Console\\Input\\ArgvInput))
#39 {main}
"} 
[2025-10-28 17:16:23] local.ERROR: SQLSTATE[08006] [7] connection to server at "127.0.0.1", port 5432 failed: Connection refused
	Is the server running on that host and accepting TCP/IP connections? (Connection: pgsql, SQL: select exists (select 1 from pg_class c, pg_namespace n where n.nspname = current_schema() and c.relname = 'migrations' and c.relkind in ('r', 'p') and n.oid = c.relnamespace)) {"exception":"[object] (Illuminate\\Database\\QueryException(code: 7): SQLSTATE[08006] [7] connection to server at \"127.0.0.1\", port 5432 failed: Connection refused
\tIs the server running on that host and accepting TCP/IP connections? (Connection: pgsql, SQL: select exists (select 1 from pg_class c, pg_namespace n where n.nspname = current_schema() and c.relname = 'migrations' and c.relkind in ('r', 'p') and n.oid = c.relnamespace)) at /Applications/XAMPP/xamppfiles/htdocs/final-project-cloud-computing-b-cc-kelompok-8-boboiboy-kuasa-bug-gaib/Nusatarawisata-kaltim/vendor/laravel/framework/src/Illuminate/Database/Connection.php:824)
[stacktrace]
#0 /Applications/XAMPP/xamppfiles/htdocs/final-project-cloud-computing-b-cc-kelompok-8-boboiboy-kuasa-bug-gaib/Nusatarawisata-kaltim/vendor/laravel/framework/src/Illuminate/Database/Connection.php(778): Illuminate\\Database\\Connection->runQueryCallback('select exists (...', Array, Object(Closure))
#1 /Applications/XAMPP/xamppfiles/htdocs/final-project-cloud-computing-b-cc-kelompok-8-boboiboy-kuasa-bug-gaib/Nusatarawisata-kaltim/vendor/laravel/framework/src/Illuminate/Database/Connection.php(397): Illuminate\\Database\\Connection->run('select exists (...', Array, Object(Closure))
#2 /Applications/XAMPP/xamppfiles/htdocs/final-project-cloud-computing-b-cc-kelompok-8-boboiboy-kuasa-bug-gaib/Nusatarawisata-kaltim/vendor/laravel/framework/src/Illuminate/Database/Connection.php(343): Illuminate\\Database\\Connection->select('select exists (...', Array, true)
#3 /Applications/XAMPP/xamppfiles/htdocs/final-project-cloud-computing-b-cc-kelompok-8-boboiboy-kuasa-bug-gaib/Nusatarawisata-kaltim/vendor/laravel/framework/src/Illuminate/Database/Connection.php(360): Illuminate\\Database\\Connection->selectOne('select exists (...', Array, true)
#4 /Applications/XAMPP/xamppfiles/htdocs/final-project-cloud-computing-b-cc-kelompok-8-boboiboy-kuasa-bug-gaib/Nusatarawisata-kaltim/vendor/laravel/framework/src/Illuminate/Database/Schema/Builder.php(174): Illuminate\\Database\\Connection->scalar('select exists (...')
#5 /Applications/XAMPP/xamppfiles/htdocs/final-project-cloud-computing-b-cc-kelompok-8-boboiboy-kuasa-bug-gaib/Nusatarawisata-kaltim/vendor/laravel/framework/src/Illuminate/Database/Migrations/DatabaseMigrationRepository.php(185): Illuminate\\Database\\Schema\\Builder->hasTable('migrations')
#6 /Applications/XAMPP/xamppfiles/htdocs/final-project-cloud-computing-b-cc-kelompok-8-boboiboy-kuasa-bug-gaib/Nusatarawisata-kaltim/vendor/laravel/framework/src/Illuminate/Database/Migrations/Migrator.php(753): Illuminate\\Database\\Migrations\\DatabaseMigrationRepository->repositoryExists()
#7 /Applications/XAMPP/xamppfiles/htdocs/final-project-cloud-computing-b-cc-kelompok-8-boboiboy-kuasa-bug-gaib/Nusatarawisata-kaltim/vendor/laravel/framework/src/Illuminate/Database/Console/Migrations/MigrateCommand.php(164): Illuminate\\Database\\Migrations\\Migrator->repositoryExists()
#8 /Applications/XAMPP/xamppfiles/htdocs/final-project-cloud-computing-b-cc-kelompok-8-boboiboy-kuasa-bug-gaib/Nusatarawisata-kaltim/vendor/laravel/framework/src/Illuminate/Support/helpers.php(329): Illuminate\\Database\\Console\\Migrations\\MigrateCommand->Illuminate\\Database\\Console\\Migrations\\{closure}(1)
#9 /Applications/XAMPP/xamppfiles/htdocs/final-project-cloud-computing-b-cc-kelompok-8-boboiboy-kuasa-bug-gaib/Nusatarawisata-kaltim/vendor/laravel/framework/src/Illuminate/Database/Console/Migrations/MigrateCommand.php(164): retry(1, Object(Closure), 0, Object(Closure))
#10 /Applications/XAMPP/xamppfiles/htdocs/final-project-cloud-computing-b-cc-kelompok-8-boboiboy-kuasa-bug-gaib/Nusatarawisata-kaltim/vendor/laravel/framework/src/Illuminate/Database/Console/Migrations/MigrateCommand.php(140): Illuminate\\Database\\Console\\Migrations\\MigrateCommand->repositoryExists()
#11 /Applications/XAMPP/xamppfiles/htdocs/final-project-cloud-computing-b-cc-kelompok-8-boboiboy-kuasa-bug-gaib/Nusatarawisata-kaltim/vendor/laravel/framework/src/Illuminate/Database/Console/Migrations/MigrateCommand.php(110): Illuminate\\Database\\Console\\Migrations\\MigrateCommand->prepareDatabase()
#12 /Applications/XAMPP/xamppfiles/htdocs/final-project-cloud-computing-b-cc-kelompok-8-boboiboy-kuasa-bug-gaib/Nusatarawisata-kaltim/vendor/laravel/framework/src/Illuminate/Database/Migrations/Migrator.php(666): Illuminate\\Database\\Console\\Migrations\\MigrateCommand->Illuminate\\Database\\Console\\Migrations\\{closure}()
#13 /Applications/XAMPP/xamppfiles/htdocs/final-project-cloud-computing-b-cc-kelompok-8-boboiboy-kuasa-bug-gaib/Nusatarawisata-kaltim/vendor/laravel/framework/src/Illuminate/Database/Console/Migrations/MigrateCommand.php(109): Illuminate\\Database\\Migrations\\Migrator->usingConnection(NULL, Object(Closure))
#14 /Applications/XAMPP/xamppfiles/htdocs/final-project-cloud-computing-b-cc-kelompok-8-boboiboy-kuasa-bug-gaib/Nusatarawisata-kaltim/vendor/laravel/framework/src/Illuminate/Database/Console/Migrations/MigrateCommand.php(88): Illuminate\\Database\\Console\\Migrations\\MigrateCommand->runMigrations()
#15 /Applications/XAMPP/xamppfiles/htdocs/final-project-cloud-computing-b-cc-kelompok-8-boboiboy-kuasa-bug-gaib/Nusatarawisata-kaltim/vendor/laravel/framework/src/Illuminate/Container/BoundMethod.php(36): Illuminate\\Database\\Console\\Migrations\\MigrateCommand->handle()
#16 /Applications/XAMPP/xamppfiles/htdocs/final-project-cloud-computing-b-cc-kelompok-8-boboiboy-kuasa-bug-gaib/Nusatarawisata-kaltim/vendor/laravel/framework/src/Illuminate/Container/Util.php(43): Illuminate\\Container\\BoundMethod::Illuminate\\Container\\{closure}()
#17 /Applications/XAMPP/xamppfiles/htdocs/final-project-cloud-computing-b-cc-kelompok-8-boboiboy-kuasa-bug-gaib/Nusatarawisata-kaltim/vendor/laravel/framework/src/Illuminate/Container/BoundMethod.php(96): Illuminate\\Container\\Util::unwrapIfClosure(Object(Closure))
#18 /Applications/XAMPP/xamppfiles/htdocs/final-project-cloud-computing-b-cc-kelompok-8-boboiboy-kuasa-bug-gaib/Nusatarawisata-kaltim/vendor/laravel/framework/src/Illuminate/Container/BoundMethod.php(35): Illuminate\\Container\\BoundMethod::callBoundMethod(Object(Illuminate\\Foundation\\Application), Array, Object(Closure))
#19 /Applications/XAMPP/xamppfiles/htdocs/final-project-cloud-computing-b-cc-kelompok-8-boboiboy-kuasa-bug-gaib/Nusatarawisata-kaltim/vendor/laravel/framework/src/Illuminate/Container/Container.php(836): Illuminate\\Container\\BoundMethod::call(Object(Illuminate\\Foundation\\Application), Array, Array, NULL)
#20 /Applications/XAMPP/xamppfiles/htdocs/final-project-cloud-computing-b-cc-kelompok-8-boboiboy-kuasa-bug-gaib/Nusatarawisata-kaltim/vendor/laravel/framework/src/Illuminate/Console/Command.php(211): Illuminate\\Container\\Container->call(Array)
#21 /Applications/XAMPP/xamppfiles/htdocs/final-project-cloud-computing-b-cc-kelompok-8-boboiboy-kuasa-bug-gaib/Nusatarawisata-kaltim/vendor/symfony/console/Command/Command.php(318): Illuminate\\Console\\Command->execute(Object(Symfony\\Component\\Console\\Input\\ArgvInput), Object(Illuminate\\Console\\OutputStyle))
#22 /Applications/XAMPP/xamppfiles/htdocs/final-project-cloud-computing-b-cc-kelompok-8-boboiboy-kuasa-bug-gaib/Nusatarawisata-kaltim/vendor/laravel/framework/src/Illuminate/Console/Command.php(180): Symfony\\Component\\Console\\Command\\Command->run(Object(Symfony\\Component\\Console\\Input\\ArgvInput), Object(Illuminate\\Console\\OutputStyle))
#23 /Applications/XAMPP/xamppfiles/htdocs/final-project-cloud-computing-b-cc-kelompok-8-boboiboy-kuasa-bug-gaib/Nusatarawisata-kaltim/vendor/symfony/console/Application.php(1073): Illuminate\\Console\\Command->run(Object(Symfony\\Component\\Console\\Input\\ArgvInput), Object(Symfony\\Component\\Console\\Output\\ConsoleOutput))
#24 /Applications/XAMPP/xamppfiles/htdocs/final-project-cloud-computing-b-cc-kelompok-8-boboiboy-kuasa-bug-gaib/Nusatarawisata-kaltim/vendor/symfony/console/Application.php(356): Symfony\\Component\\Console\\Application->doRunCommand(Object(Illuminate\\Database\\Console\\Migrations\\MigrateCommand), Object(Symfony\\Component\\Console\\Input\\ArgvInput), Object(Symfony\\Component\\Console\\Output\\ConsoleOutput))
#25 /Applications/XAMPP/xamppfiles/htdocs/final-project-cloud-computing-b-cc-kelompok-8-boboiboy-kuasa-bug-gaib/Nusatarawisata-kaltim/vendor/symfony/console/Application.php(195): Symfony\\Component\\Console\\Application->doRun(Object(Symfony\\Component\\Console\\Input\\ArgvInput), Object(Symfony\\Component\\Console\\Output\\ConsoleOutput))
#26 /Applications/XAMPP/xamppfiles/htdocs/final-project-cloud-computing-b-cc-kelompok-8-boboiboy-kuasa-bug-gaib/Nusatarawisata-kaltim/vendor/laravel/framework/src/Illuminate/Foundation/Console/Kernel.php(197): Symfony\\Component\\Console\\Application->run(Object(Symfony\\Component\\Console\\Input\\ArgvInput), Object(Symfony\\Component\\Console\\Output\\ConsoleOutput))
#27 /Applications/XAMPP/xamppfiles/htdocs/final-project-cloud-computing-b-cc-kelompok-8-boboiboy-kuasa-bug-gaib/Nusatarawisata-kaltim/vendor/laravel/framework/src/Illuminate/Foundation/Application.php(1235): Illuminate\\Foundation\\Console\\Kernel->handle(Object(Symfony\\Component\\Console\\Input\\ArgvInput), Object(Symfony\\Component\\Console\\Output\\ConsoleOutput))
#28 /Applications/XAMPP/xamppfiles/htdocs/final-project-cloud-computing-b-cc-kelompok-8-boboiboy-kuasa-bug-gaib/Nusatarawisata-kaltim/artisan(16): Illuminate\\Foundation\\Application->handleCommand(Object(Symfony\\Component\\Console\\Input\\ArgvInput))
#29 {main}

[previous exception] [object] (PDOException(code: 7): SQLSTATE[08006] [7] connection to server at \"127.0.0.1\", port 5432 failed: Connection refused
\tIs the server running on that host and accepting TCP/IP connections? at /Applications/XAMPP/xamppfiles/htdocs/final-project-cloud-computing-b-cc-kelompok-8-boboiboy-kuasa-bug-gaib/Nusatarawisata-kaltim/vendor/laravel/framework/src/Illuminate/Database/Connectors/Connector.php:66)
[stacktrace]
#0 /Applications/XAMPP/xamppfiles/htdocs/final-project-cloud-computing-b-cc-kelompok-8-boboiboy-kuasa-bug-gaib/Nusatarawisata-kaltim/vendor/laravel/framework/src/Illuminate/Database/Connectors/Connector.php(66): PDO->__construct('pgsql:host=127....', 'postgres', Object(SensitiveParameterValue), Array)
#1 /Applications/XAMPP/xamppfiles/htdocs/final-project-cloud-computing-b-cc-kelompok-8-boboiboy-kuasa-bug-gaib/Nusatarawisata-kaltim/vendor/laravel/framework/src/Illuminate/Database/Connectors/Connector.php(44): Illuminate\\Database\\Connectors\\Connector->createPdoConnection('pgsql:host=127....', 'postgres', Object(SensitiveParameterValue), Array)
#2 /Applications/XAMPP/xamppfiles/htdocs/final-project-cloud-computing-b-cc-kelompok-8-boboiboy-kuasa-bug-gaib/Nusatarawisata-kaltim/vendor/laravel/framework/src/Illuminate/Database/Connectors/PostgresConnector.php(35): Illuminate\\Database\\Connectors\\Connector->createConnection('pgsql:host=127....', Array, Array)
#3 /Applications/XAMPP/xamppfiles/htdocs/final-project-cloud-computing-b-cc-kelompok-8-boboiboy-kuasa-bug-gaib/Nusatarawisata-kaltim/vendor/laravel/framework/src/Illuminate/Database/Connectors/ConnectionFactory.php(184): Illuminate\\Database\\Connectors\\PostgresConnector->connect(Array)
#4 [internal function]: Illuminate\\Database\\Connectors\\ConnectionFactory->Illuminate\\Database\\Connectors\\{closure}()
#5 /Applications/XAMPP/xamppfiles/htdocs/final-project-cloud-computing-b-cc-kelompok-8-boboiboy-kuasa-bug-gaib/Nusatarawisata-kaltim/vendor/laravel/framework/src/Illuminate/Database/Connection.php(1234): call_user_func(Object(Closure))
#6 /Applications/XAMPP/xamppfiles/htdocs/final-project-cloud-computing-b-cc-kelompok-8-boboiboy-kuasa-bug-gaib/Nusatarawisata-kaltim/vendor/laravel/framework/src/Illuminate/Database/Connection.php(1270): Illuminate\\Database\\Connection->getPdo()
#7 /Applications/XAMPP/xamppfiles/htdocs/final-project-cloud-computing-b-cc-kelompok-8-boboiboy-kuasa-bug-gaib/Nusatarawisata-kaltim/vendor/laravel/framework/src/Illuminate/Database/Connection.php(511): Illuminate\\Database\\Connection->getReadPdo()
#8 /Applications/XAMPP/xamppfiles/htdocs/final-project-cloud-computing-b-cc-kelompok-8-boboiboy-kuasa-bug-gaib/Nusatarawisata-kaltim/vendor/laravel/framework/src/Illuminate/Database/Connection.php(406): Illuminate\\Database\\Connection->getPdoForSelect(true)
#9 /Applications/XAMPP/xamppfiles/htdocs/final-project-cloud-computing-b-cc-kelompok-8-boboiboy-kuasa-bug-gaib/Nusatarawisata-kaltim/vendor/laravel/framework/src/Illuminate/Database/Connection.php(811): Illuminate\\Database\\Connection->Illuminate\\Database\\{closure}('select exists (...', Array)
#10 /Applications/XAMPP/xamppfiles/htdocs/final-project-cloud-computing-b-cc-kelompok-8-boboiboy-kuasa-bug-gaib/Nusatarawisata-kaltim/vendor/laravel/framework/src/Illuminate/Database/Connection.php(778): Illuminate\\Database\\Connection->runQueryCallback('select exists (...', Array, Object(Closure))
#11 /Applications/XAMPP/xamppfiles/htdocs/final-project-cloud-computing-b-cc-kelompok-8-boboiboy-kuasa-bug-gaib/Nusatarawisata-kaltim/vendor/laravel/framework/src/Illuminate/Database/Connection.php(397): Illuminate\\Database\\Connection->run('select exists (...', Array, Object(Closure))
#12 /Applications/XAMPP/xamppfiles/htdocs/final-project-cloud-computing-b-cc-kelompok-8-boboiboy-kuasa-bug-gaib/Nusatarawisata-kaltim/vendor/laravel/framework/src/Illuminate/Database/Connection.php(343): Illuminate\\Database\\Connection->select('select exists (...', Array, true)
#13 /Applications/XAMPP/xamppfiles/htdocs/final-project-cloud-computing-b-cc-kelompok-8-boboiboy-kuasa-bug-gaib/Nusatarawisata-kaltim/vendor/laravel/framework/src/Illuminate/Database/Connection.php(360): Illuminate\\Database\\Connection->selectOne('select exists (...', Array, true)
#14 /Applications/XAMPP/xamppfiles/htdocs/final-project-cloud-computing-b-cc-kelompok-8-boboiboy-kuasa-bug-gaib/Nusatarawisata-kaltim/vendor/laravel/framework/src/Illuminate/Database/Schema/Builder.php(174): Illuminate\\Database\\Connection->scalar('select exists (...')
#15 /Applications/XAMPP/xamppfiles/htdocs/final-project-cloud-computing-b-cc-kelompok-8-boboiboy-kuasa-bug-gaib/Nusatarawisata-kaltim/vendor/laravel/framework/src/Illuminate/Database/Migrations/DatabaseMigrationRepository.php(185): Illuminate\\Database\\Schema\\Builder->hasTable('migrations')
#16 /Applications/XAMPP/xamppfiles/htdocs/final-project-cloud-computing-b-cc-kelompok-8-boboiboy-kuasa-bug-gaib/Nusatarawisata-kaltim/vendor/laravel/framework/src/Illuminate/Database/Migrations/Migrator.php(753): Illuminate\\Database\\Migrations\\DatabaseMigrationRepository->repositoryExists()
#17 /Applications/XAMPP/xamppfiles/htdocs/final-project-cloud-computing-b-cc-kelompok-8-boboiboy-kuasa-bug-gaib/Nusatarawisata-kaltim/vendor/laravel/framework/src/Illuminate/Database/Console/Migrations/MigrateCommand.php(164): Illuminate\\Database\\Migrations\\Migrator->repositoryExists()
#18 /Applications/XAMPP/xamppfiles/htdocs/final-project-cloud-computing-b-cc-kelompok-8-boboiboy-kuasa-bug-gaib/Nusatarawisata-kaltim/vendor/laravel/framework/src/Illuminate/Support/helpers.php(329): Illuminate\\Database\\Console\\Migrations\\MigrateCommand->Illuminate\\Database\\Console\\Migrations\\{closure}(1)
#19 /Applications/XAMPP/xamppfiles/htdocs/final-project-cloud-computing-b-cc-kelompok-8-boboiboy-kuasa-bug-gaib/Nusatarawisata-kaltim/vendor/laravel/framework/src/Illuminate/Database/Console/Migrations/MigrateCommand.php(164): retry(1, Object(Closure), 0, Object(Closure))
#20 /Applications/XAMPP/xamppfiles/htdocs/final-project-cloud-computing-b-cc-kelompok-8-boboiboy-kuasa-bug-gaib/Nusatarawisata-kaltim/vendor/laravel/framework/src/Illuminate/Database/Console/Migrations/MigrateCommand.php(140): Illuminate\\Database\\Console\\Migrations\\MigrateCommand->repositoryExists()
#21 /Applications/XAMPP/xamppfiles/htdocs/final-project-cloud-computing-b-cc-kelompok-8-boboiboy-kuasa-bug-gaib/Nusatarawisata-kaltim/vendor/laravel/framework/src/Illuminate/Database/Console/Migrations/MigrateCommand.php(110): Illuminate\\Database\\Console\\Migrations\\MigrateCommand->prepareDatabase()
#22 /Applications/XAMPP/xamppfiles/htdocs/final-project-cloud-computing-b-cc-kelompok-8-boboiboy-kuasa-bug-gaib/Nusatarawisata-kaltim/vendor/laravel/framework/src/Illuminate/Database/Migrations/Migrator.php(666): Illuminate\\Database\\Console\\Migrations\\MigrateCommand->Illuminate\\Database\\Console\\Migrations\\{closure}()
#23 /Applications/XAMPP/xamppfiles/htdocs/final-project-cloud-computing-b-cc-kelompok-8-boboiboy-kuasa-bug-gaib/Nusatarawisata-kaltim/vendor/laravel/framework/src/Illuminate/Database/Console/Migrations/MigrateCommand.php(109): Illuminate\\Database\\Migrations\\Migrator->usingConnection(NULL, Object(Closure))
#24 /Applications/XAMPP/xamppfiles/htdocs/final-project-cloud-computing-b-cc-kelompok-8-boboiboy-kuasa-bug-gaib/Nusatarawisata-kaltim/vendor/laravel/framework/src/Illuminate/Database/Console/Migrations/MigrateCommand.php(88): Illuminate\\Database\\Console\\Migrations\\MigrateCommand->runMigrations()
#25 /Applications/XAMPP/xamppfiles/htdocs/final-project-cloud-computing-b-cc-kelompok-8-boboiboy-kuasa-bug-gaib/Nusatarawisata-kaltim/vendor/laravel/framework/src/Illuminate/Container/BoundMethod.php(36): Illuminate\\Database\\Console\\Migrations\\MigrateCommand->handle()
#26 /Applications/XAMPP/xamppfiles/htdocs/final-project-cloud-computing-b-cc-kelompok-8-boboiboy-kuasa-bug-gaib/Nusatarawisata-kaltim/vendor/laravel/framework/src/Illuminate/Container/Util.php(43): Illuminate\\Container\\BoundMethod::Illuminate\\Container\\{closure}()
#27 /Applications/XAMPP/xamppfiles/htdocs/final-project-cloud-computing-b-cc-kelompok-8-boboiboy-kuasa-bug-gaib/Nusatarawisata-kaltim/vendor/laravel/framework/src/Illuminate/Container/BoundMethod.php(96): Illuminate\\Container\\Util::unwrapIfClosure(Object(Closure))
#28 /Applications/XAMPP/xamppfiles/htdocs/final-project-cloud-computing-b-cc-kelompok-8-boboiboy-kuasa-bug-gaib/Nusatarawisata-kaltim/vendor/laravel/framework/src/Illuminate/Container/BoundMethod.php(35): Illuminate\\Container\\BoundMethod::callBoundMethod(Object(Illuminate\\Foundation\\Application), Array, Object(Closure))
#29 /Applications/XAMPP/xamppfiles/htdocs/final-project-cloud-computing-b-cc-kelompok-8-boboiboy-kuasa-bug-gaib/Nusatarawisata-kaltim/vendor/laravel/framework/src/Illuminate/Container/Container.php(836): Illuminate\\Container\\BoundMethod::call(Object(Illuminate\\Foundation\\Application), Array, Array, NULL)
#30 /Applications/XAMPP/xamppfiles/htdocs/final-project-cloud-computing-b-cc-kelompok-8-boboiboy-kuasa-bug-gaib/Nusatarawisata-kaltim/vendor/laravel/framework/src/Illuminate/Console/Command.php(211): Illuminate\\Container\\Container->call(Array)
#31 /Applications/XAMPP/xamppfiles/htdocs/final-project-cloud-computing-b-cc-kelompok-8-boboiboy-kuasa-bug-gaib/Nusatarawisata-kaltim/vendor/symfony/console/Command/Command.php(318): Illuminate\\Console\\Command->execute(Object(Symfony\\Component\\Console\\Input\\ArgvInput), Object(Illuminate\\Console\\OutputStyle))
#32 /Applications/XAMPP/xamppfiles/htdocs/final-project-cloud-computing-b-cc-kelompok-8-boboiboy-kuasa-bug-gaib/Nusatarawisata-kaltim/vendor/laravel/framework/src/Illuminate/Console/Command.php(180): Symfony\\Component\\Console\\Command\\Command->run(Object(Symfony\\Component\\Console\\Input\\ArgvInput), Object(Illuminate\\Console\\OutputStyle))
#33 /Applications/XAMPP/xamppfiles/htdocs/final-project-cloud-computing-b-cc-kelompok-8-boboiboy-kuasa-bug-gaib/Nusatarawisata-kaltim/vendor/symfony/console/Application.php(1073): Illuminate\\Console\\Command->run(Object(Symfony\\Component\\Console\\Input\\ArgvInput), Object(Symfony\\Component\\Console\\Output\\ConsoleOutput))
#34 /Applications/XAMPP/xamppfiles/htdocs/final-project-cloud-computing-b-cc-kelompok-8-boboiboy-kuasa-bug-gaib/Nusatarawisata-kaltim/vendor/symfony/console/Application.php(356): Symfony\\Component\\Console\\Application->doRunCommand(Object(Illuminate\\Database\\Console\\Migrations\\MigrateCommand), Object(Symfony\\Component\\Console\\Input\\ArgvInput), Object(Symfony\\Component\\Console\\Output\\ConsoleOutput))
#35 /Applications/XAMPP/xamppfiles/htdocs/final-project-cloud-computing-b-cc-kelompok-8-boboiboy-kuasa-bug-gaib/Nusatarawisata-kaltim/vendor/symfony/console/Application.php(195): Symfony\\Component\\Console\\Application->doRun(Object(Symfony\\Component\\Console\\Input\\ArgvInput), Object(Symfony\\Component\\Console\\Output\\ConsoleOutput))
#36 /Applications/XAMPP/xamppfiles/htdocs/final-project-cloud-computing-b-cc-kelompok-8-boboiboy-kuasa-bug-gaib/Nusatarawisata-kaltim/vendor/laravel/framework/src/Illuminate/Foundation/Console/Kernel.php(197): Symfony\\Component\\Console\\Application->run(Object(Symfony\\Component\\Console\\Input\\ArgvInput), Object(Symfony\\Component\\Console\\Output\\ConsoleOutput))
#37 /Applications/XAMPP/xamppfiles/htdocs/final-project-cloud-computing-b-cc-kelompok-8-boboiboy-kuasa-bug-gaib/Nusatarawisata-kaltim/vendor/laravel/framework/src/Illuminate/Foundation/Application.php(1235): Illuminate\\Foundation\\Console\\Kernel->handle(Object(Symfony\\Component\\Console\\Input\\ArgvInput), Object(Symfony\\Component\\Console\\Output\\ConsoleOutput))
#38 /Applications/XAMPP/xamppfiles/htdocs/final-project-cloud-computing-b-cc-kelompok-8-boboiboy-kuasa-bug-gaib/Nusatarawisata-kaltim/artisan(16): Illuminate\\Foundation\\Application->handleCommand(Object(Symfony\\Component\\Console\\Input\\ArgvInput))
#39 {main}
"} 
[2025-10-28 17:17:30] local.ERROR: SQLSTATE[08006] [7] connection to server at "127.0.0.1", port 5432 failed: Connection refused
	Is the server running on that host and accepting TCP/IP connections? (Connection: pgsql, SQL: delete from "cache") {"exception":"[object] (Illuminate\\Database\\QueryException(code: 7): SQLSTATE[08006] [7] connection to server at \"127.0.0.1\", port 5432 failed: Connection refused
\tIs the server running on that host and accepting TCP/IP connections? (Connection: pgsql, SQL: delete from \"cache\") at /Applications/XAMPP/xamppfiles/htdocs/final-project-cloud-computing-b-cc-kelompok-8-boboiboy-kuasa-bug-gaib/Nusatarawisata-kaltim/vendor/laravel/framework/src/Illuminate/Database/Connection.php:824)
[stacktrace]
#0 /Applications/XAMPP/xamppfiles/htdocs/final-project-cloud-computing-b-cc-kelompok-8-boboiboy-kuasa-bug-gaib/Nusatarawisata-kaltim/vendor/laravel/framework/src/Illuminate/Database/Connection.php(778): Illuminate\\Database\\Connection->runQueryCallback('delete from \"ca...', Array, Object(Closure))
#1 /Applications/XAMPP/xamppfiles/htdocs/final-project-cloud-computing-b-cc-kelompok-8-boboiboy-kuasa-bug-gaib/Nusatarawisata-kaltim/vendor/laravel/framework/src/Illuminate/Database/Connection.php(583): Illuminate\\Database\\Connection->run('delete from \"ca...', Array, Object(Closure))
#2 /Applications/XAMPP/xamppfiles/htdocs/final-project-cloud-computing-b-cc-kelompok-8-boboiboy-kuasa-bug-gaib/Nusatarawisata-kaltim/vendor/laravel/framework/src/Illuminate/Database/Connection.php(547): Illuminate\\Database\\Connection->affectingStatement('delete from \"ca...', Array)
#3 /Applications/XAMPP/xamppfiles/htdocs/final-project-cloud-computing-b-cc-kelompok-8-boboiboy-kuasa-bug-gaib/Nusatarawisata-kaltim/vendor/laravel/framework/src/Illuminate/Database/Query/Builder.php(4109): Illuminate\\Database\\Connection->delete('delete from \"ca...', Array)
#4 /Applications/XAMPP/xamppfiles/htdocs/final-project-cloud-computing-b-cc-kelompok-8-boboiboy-kuasa-bug-gaib/Nusatarawisata-kaltim/vendor/laravel/framework/src/Illuminate/Cache/DatabaseStore.php(423): Illuminate\\Database\\Query\\Builder->delete()
#5 /Applications/XAMPP/xamppfiles/htdocs/final-project-cloud-computing-b-cc-kelompok-8-boboiboy-kuasa-bug-gaib/Nusatarawisata-kaltim/vendor/laravel/framework/src/Illuminate/Cache/Repository.php(807): Illuminate\\Cache\\DatabaseStore->flush()
#6 /Applications/XAMPP/xamppfiles/htdocs/final-project-cloud-computing-b-cc-kelompok-8-boboiboy-kuasa-bug-gaib/Nusatarawisata-kaltim/vendor/laravel/framework/src/Illuminate/Cache/Console/ClearCommand.php(68): Illuminate\\Cache\\Repository->__call('flush', Array)
#7 /Applications/XAMPP/xamppfiles/htdocs/final-project-cloud-computing-b-cc-kelompok-8-boboiboy-kuasa-bug-gaib/Nusatarawisata-kaltim/vendor/laravel/framework/src/Illuminate/Container/BoundMethod.php(36): Illuminate\\Cache\\Console\\ClearCommand->handle()
#8 /Applications/XAMPP/xamppfiles/htdocs/final-project-cloud-computing-b-cc-kelompok-8-boboiboy-kuasa-bug-gaib/Nusatarawisata-kaltim/vendor/laravel/framework/src/Illuminate/Container/Util.php(43): Illuminate\\Container\\BoundMethod::Illuminate\\Container\\{closure}()
#9 /Applications/XAMPP/xamppfiles/htdocs/final-project-cloud-computing-b-cc-kelompok-8-boboiboy-kuasa-bug-gaib/Nusatarawisata-kaltim/vendor/laravel/framework/src/Illuminate/Container/BoundMethod.php(96): Illuminate\\Container\\Util::unwrapIfClosure(Object(Closure))
#10 /Applications/XAMPP/xamppfiles/htdocs/final-project-cloud-computing-b-cc-kelompok-8-boboiboy-kuasa-bug-gaib/Nusatarawisata-kaltim/vendor/laravel/framework/src/Illuminate/Container/BoundMethod.php(35): Illuminate\\Container\\BoundMethod::callBoundMethod(Object(Illuminate\\Foundation\\Application), Array, Object(Closure))
#11 /Applications/XAMPP/xamppfiles/htdocs/final-project-cloud-computing-b-cc-kelompok-8-boboiboy-kuasa-bug-gaib/Nusatarawisata-kaltim/vendor/laravel/framework/src/Illuminate/Container/Container.php(836): Illuminate\\Container\\BoundMethod::call(Object(Illuminate\\Foundation\\Application), Array, Array, NULL)
#12 /Applications/XAMPP/xamppfiles/htdocs/final-project-cloud-computing-b-cc-kelompok-8-boboiboy-kuasa-bug-gaib/Nusatarawisata-kaltim/vendor/laravel/framework/src/Illuminate/Console/Command.php(211): Illuminate\\Container\\Container->call(Array)
#13 /Applications/XAMPP/xamppfiles/htdocs/final-project-cloud-computing-b-cc-kelompok-8-boboiboy-kuasa-bug-gaib/Nusatarawisata-kaltim/vendor/symfony/console/Command/Command.php(318): Illuminate\\Console\\Command->execute(Object(Symfony\\Component\\Console\\Input\\ArgvInput), Object(Illuminate\\Console\\OutputStyle))
#14 /Applications/XAMPP/xamppfiles/htdocs/final-project-cloud-computing-b-cc-kelompok-8-boboiboy-kuasa-bug-gaib/Nusatarawisata-kaltim/vendor/laravel/framework/src/Illuminate/Console/Command.php(180): Symfony\\Component\\Console\\Command\\Command->run(Object(Symfony\\Component\\Console\\Input\\ArgvInput), Object(Illuminate\\Console\\OutputStyle))
#15 /Applications/XAMPP/xamppfiles/htdocs/final-project-cloud-computing-b-cc-kelompok-8-boboiboy-kuasa-bug-gaib/Nusatarawisata-kaltim/vendor/symfony/console/Application.php(1073): Illuminate\\Console\\Command->run(Object(Symfony\\Component\\Console\\Input\\ArgvInput), Object(Symfony\\Component\\Console\\Output\\ConsoleOutput))
#16 /Applications/XAMPP/xamppfiles/htdocs/final-project-cloud-computing-b-cc-kelompok-8-boboiboy-kuasa-bug-gaib/Nusatarawisata-kaltim/vendor/symfony/console/Application.php(356): Symfony\\Component\\Console\\Application->doRunCommand(Object(Illuminate\\Cache\\Console\\ClearCommand), Object(Symfony\\Component\\Console\\Input\\ArgvInput), Object(Symfony\\Component\\Console\\Output\\ConsoleOutput))
#17 /Applications/XAMPP/xamppfiles/htdocs/final-project-cloud-computing-b-cc-kelompok-8-boboiboy-kuasa-bug-gaib/Nusatarawisata-kaltim/vendor/symfony/console/Application.php(195): Symfony\\Component\\Console\\Application->doRun(Object(Symfony\\Component\\Console\\Input\\ArgvInput), Object(Symfony\\Component\\Console\\Output\\ConsoleOutput))
#18 /Applications/XAMPP/xamppfiles/htdocs/final-project-cloud-computing-b-cc-kelompok-8-boboiboy-kuasa-bug-gaib/Nusatarawisata-kaltim/vendor/laravel/framework/src/Illuminate/Foundation/Console/Kernel.php(197): Symfony\\Component\\Console\\Application->run(Object(Symfony\\Component\\Console\\Input\\ArgvInput), Object(Symfony\\Component\\Console\\Output\\ConsoleOutput))
#19 /Applications/XAMPP/xamppfiles/htdocs/final-project-cloud-computing-b-cc-kelompok-8-boboiboy-kuasa-bug-gaib/Nusatarawisata-kaltim/vendor/laravel/framework/src/Illuminate/Foundation/Application.php(1235): Illuminate\\Foundation\\Console\\Kernel->handle(Object(Symfony\\Component\\Console\\Input\\ArgvInput), Object(Symfony\\Component\\Console\\Output\\ConsoleOutput))
#20 /Applications/XAMPP/xamppfiles/htdocs/final-project-cloud-computing-b-cc-kelompok-8-boboiboy-kuasa-bug-gaib/Nusatarawisata-kaltim/artisan(16): Illuminate\\Foundation\\Application->handleCommand(Object(Symfony\\Component\\Console\\Input\\ArgvInput))
#21 {main}

[previous exception] [object] (PDOException(code: 7): SQLSTATE[08006] [7] connection to server at \"127.0.0.1\", port 5432 failed: Connection refused
\tIs the server running on that host and accepting TCP/IP connections? at /Applications/XAMPP/xamppfiles/htdocs/final-project-cloud-computing-b-cc-kelompok-8-boboiboy-kuasa-bug-gaib/Nusatarawisata-kaltim/vendor/laravel/framework/src/Illuminate/Database/Connectors/Connector.php:66)
[stacktrace]
#0 /Applications/XAMPP/xamppfiles/htdocs/final-project-cloud-computing-b-cc-kelompok-8-boboiboy-kuasa-bug-gaib/Nusatarawisata-kaltim/vendor/laravel/framework/src/Illuminate/Database/Connectors/Connector.php(66): PDO->__construct('pgsql:host=127....', 'postgres', Object(SensitiveParameterValue), Array)
#1 /Applications/XAMPP/xamppfiles/htdocs/final-project-cloud-computing-b-cc-kelompok-8-boboiboy-kuasa-bug-gaib/Nusatarawisata-kaltim/vendor/laravel/framework/src/Illuminate/Database/Connectors/Connector.php(44): Illuminate\\Database\\Connectors\\Connector->createPdoConnection('pgsql:host=127....', 'postgres', Object(SensitiveParameterValue), Array)
#2 /Applications/XAMPP/xamppfiles/htdocs/final-project-cloud-computing-b-cc-kelompok-8-boboiboy-kuasa-bug-gaib/Nusatarawisata-kaltim/vendor/laravel/framework/src/Illuminate/Database/Connectors/PostgresConnector.php(35): Illuminate\\Database\\Connectors\\Connector->createConnection('pgsql:host=127....', Array, Array)
#3 /Applications/XAMPP/xamppfiles/htdocs/final-project-cloud-computing-b-cc-kelompok-8-boboiboy-kuasa-bug-gaib/Nusatarawisata-kaltim/vendor/laravel/framework/src/Illuminate/Database/Connectors/ConnectionFactory.php(184): Illuminate\\Database\\Connectors\\PostgresConnector->connect(Array)
#4 [internal function]: Illuminate\\Database\\Connectors\\ConnectionFactory->Illuminate\\Database\\Connectors\\{closure}()
#5 /Applications/XAMPP/xamppfiles/htdocs/final-project-cloud-computing-b-cc-kelompok-8-boboiboy-kuasa-bug-gaib/Nusatarawisata-kaltim/vendor/laravel/framework/src/Illuminate/Database/Connection.php(1234): call_user_func(Object(Closure))
#6 /Applications/XAMPP/xamppfiles/htdocs/final-project-cloud-computing-b-cc-kelompok-8-boboiboy-kuasa-bug-gaib/Nusatarawisata-kaltim/vendor/laravel/framework/src/Illuminate/Database/Connection.php(591): Illuminate\\Database\\Connection->getPdo()
#7 /Applications/XAMPP/xamppfiles/htdocs/final-project-cloud-computing-b-cc-kelompok-8-boboiboy-kuasa-bug-gaib/Nusatarawisata-kaltim/vendor/laravel/framework/src/Illuminate/Database/Connection.php(811): Illuminate\\Database\\Connection->Illuminate\\Database\\{closure}('delete from \"ca...', Array)
#8 /Applications/XAMPP/xamppfiles/htdocs/final-project-cloud-computing-b-cc-kelompok-8-boboiboy-kuasa-bug-gaib/Nusatarawisata-kaltim/vendor/laravel/framework/src/Illuminate/Database/Connection.php(778): Illuminate\\Database\\Connection->runQueryCallback('delete from \"ca...', Array, Object(Closure))
#9 /Applications/XAMPP/xamppfiles/htdocs/final-project-cloud-computing-b-cc-kelompok-8-boboiboy-kuasa-bug-gaib/Nusatarawisata-kaltim/vendor/laravel/framework/src/Illuminate/Database/Connection.php(583): Illuminate\\Database\\Connection->run('delete from \"ca...', Array, Object(Closure))
#10 /Applications/XAMPP/xamppfiles/htdocs/final-project-cloud-computing-b-cc-kelompok-8-boboiboy-kuasa-bug-gaib/Nusatarawisata-kaltim/vendor/laravel/framework/src/Illuminate/Database/Connection.php(547): Illuminate\\Database\\Connection->affectingStatement('delete from \"ca...', Array)
#11 /Applications/XAMPP/xamppfiles/htdocs/final-project-cloud-computing-b-cc-kelompok-8-boboiboy-kuasa-bug-gaib/Nusatarawisata-kaltim/vendor/laravel/framework/src/Illuminate/Database/Query/Builder.php(4109): Illuminate\\Database\\Connection->delete('delete from \"ca...', Array)
#12 /Applications/XAMPP/xamppfiles/htdocs/final-project-cloud-computing-b-cc-kelompok-8-boboiboy-kuasa-bug-gaib/Nusatarawisata-kaltim/vendor/laravel/framework/src/Illuminate/Cache/DatabaseStore.php(423): Illuminate\\Database\\Query\\Builder->delete()
#13 /Applications/XAMPP/xamppfiles/htdocs/final-project-cloud-computing-b-cc-kelompok-8-boboiboy-kuasa-bug-gaib/Nusatarawisata-kaltim/vendor/laravel/framework/src/Illuminate/Cache/Repository.php(807): Illuminate\\Cache\\DatabaseStore->flush()
#14 /Applications/XAMPP/xamppfiles/htdocs/final-project-cloud-computing-b-cc-kelompok-8-boboiboy-kuasa-bug-gaib/Nusatarawisata-kaltim/vendor/laravel/framework/src/Illuminate/Cache/Console/ClearCommand.php(68): Illuminate\\Cache\\Repository->__call('flush', Array)
#15 /Applications/XAMPP/xamppfiles/htdocs/final-project-cloud-computing-b-cc-kelompok-8-boboiboy-kuasa-bug-gaib/Nusatarawisata-kaltim/vendor/laravel/framework/src/Illuminate/Container/BoundMethod.php(36): Illuminate\\Cache\\Console\\ClearCommand->handle()
#16 /Applications/XAMPP/xamppfiles/htdocs/final-project-cloud-computing-b-cc-kelompok-8-boboiboy-kuasa-bug-gaib/Nusatarawisata-kaltim/vendor/laravel/framework/src/Illuminate/Container/Util.php(43): Illuminate\\Container\\BoundMethod::Illuminate\\Container\\{closure}()
#17 /Applications/XAMPP/xamppfiles/htdocs/final-project-cloud-computing-b-cc-kelompok-8-boboiboy-kuasa-bug-gaib/Nusatarawisata-kaltim/vendor/laravel/framework/src/Illuminate/Container/BoundMethod.php(96): Illuminate\\Container\\Util::unwrapIfClosure(Object(Closure))
#18 /Applications/XAMPP/xamppfiles/htdocs/final-project-cloud-computing-b-cc-kelompok-8-boboiboy-kuasa-bug-gaib/Nusatarawisata-kaltim/vendor/laravel/framework/src/Illuminate/Container/BoundMethod.php(35): Illuminate\\Container\\BoundMethod::callBoundMethod(Object(Illuminate\\Foundation\\Application), Array, Object(Closure))
#19 /Applications/XAMPP/xamppfiles/htdocs/final-project-cloud-computing-b-cc-kelompok-8-boboiboy-kuasa-bug-gaib/Nusatarawisata-kaltim/vendor/laravel/framework/src/Illuminate/Container/Container.php(836): Illuminate\\Container\\BoundMethod::call(Object(Illuminate\\Foundation\\Application), Array, Array, NULL)
#20 /Applications/XAMPP/xamppfiles/htdocs/final-project-cloud-computing-b-cc-kelompok-8-boboiboy-kuasa-bug-gaib/Nusatarawisata-kaltim/vendor/laravel/framework/src/Illuminate/Console/Command.php(211): Illuminate\\Container\\Container->call(Array)
#21 /Applications/XAMPP/xamppfiles/htdocs/final-project-cloud-computing-b-cc-kelompok-8-boboiboy-kuasa-bug-gaib/Nusatarawisata-kaltim/vendor/symfony/console/Command/Command.php(318): Illuminate\\Console\\Command->execute(Object(Symfony\\Component\\Console\\Input\\ArgvInput), Object(Illuminate\\Console\\OutputStyle))
#22 /Applications/XAMPP/xamppfiles/htdocs/final-project-cloud-computing-b-cc-kelompok-8-boboiboy-kuasa-bug-gaib/Nusatarawisata-kaltim/vendor/laravel/framework/src/Illuminate/Console/Command.php(180): Symfony\\Component\\Console\\Command\\Command->run(Object(Symfony\\Component\\Console\\Input\\ArgvInput), Object(Illuminate\\Console\\OutputStyle))
#23 /Applications/XAMPP/xamppfiles/htdocs/final-project-cloud-computing-b-cc-kelompok-8-boboiboy-kuasa-bug-gaib/Nusatarawisata-kaltim/vendor/symfony/console/Application.php(1073): Illuminate\\Console\\Command->run(Object(Symfony\\Component\\Console\\Input\\ArgvInput), Object(Symfony\\Component\\Console\\Output\\ConsoleOutput))
#24 /Applications/XAMPP/xamppfiles/htdocs/final-project-cloud-computing-b-cc-kelompok-8-boboiboy-kuasa-bug-gaib/Nusatarawisata-kaltim/vendor/symfony/console/Application.php(356): Symfony\\Component\\Console\\Application->doRunCommand(Object(Illuminate\\Cache\\Console\\ClearCommand), Object(Symfony\\Component\\Console\\Input\\ArgvInput), Object(Symfony\\Component\\Console\\Output\\ConsoleOutput))
#25 /Applications/XAMPP/xamppfiles/htdocs/final-project-cloud-computing-b-cc-kelompok-8-boboiboy-kuasa-bug-gaib/Nusatarawisata-kaltim/vendor/symfony/console/Application.php(195): Symfony\\Component\\Console\\Application->doRun(Object(Symfony\\Component\\Console\\Input\\ArgvInput), Object(Symfony\\Component\\Console\\Output\\ConsoleOutput))
#26 /Applications/XAMPP/xamppfiles/htdocs/final-project-cloud-computing-b-cc-kelompok-8-boboiboy-kuasa-bug-gaib/Nusatarawisata-kaltim/vendor/laravel/framework/src/Illuminate/Foundation/Console/Kernel.php(197): Symfony\\Component\\Console\\Application->run(Object(Symfony\\Component\\Console\\Input\\ArgvInput), Object(Symfony\\Component\\Console\\Output\\ConsoleOutput))
#27 /Applications/XAMPP/xamppfiles/htdocs/final-project-cloud-computing-b-cc-kelompok-8-boboiboy-kuasa-bug-gaib/Nusatarawisata-kaltim/vendor/laravel/framework/src/Illuminate/Foundation/Application.php(1235): Illuminate\\Foundation\\Console\\Kernel->handle(Object(Symfony\\Component\\Console\\Input\\ArgvInput), Object(Symfony\\Component\\Console\\Output\\ConsoleOutput))
#28 /Applications/XAMPP/xamppfiles/htdocs/final-project-cloud-computing-b-cc-kelompok-8-boboiboy-kuasa-bug-gaib/Nusatarawisata-kaltim/artisan(16): Illuminate\\Foundation\\Application->handleCommand(Object(Symfony\\Component\\Console\\Input\\ArgvInput))
#29 {main}
"} 
[2025-10-28 17:19:06] local.ERROR: SQLSTATE[08006] [7] connection to server at "127.0.0.1", port 5432 failed: Connection refused
	Is the server running on that host and accepting TCP/IP connections? (Connection: pgsql, SQL: select exists (select 1 from pg_class c, pg_namespace n where n.nspname = current_schema() and c.relname = 'migrations' and c.relkind in ('r', 'p') and n.oid = c.relnamespace)) {"exception":"[object] (Illuminate\\Database\\QueryException(code: 7): SQLSTATE[08006] [7] connection to server at \"127.0.0.1\", port 5432 failed: Connection refused
\tIs the server running on that host and accepting TCP/IP connections? (Connection: pgsql, SQL: select exists (select 1 from pg_class c, pg_namespace n where n.nspname = current_schema() and c.relname = 'migrations' and c.relkind in ('r', 'p') and n.oid = c.relnamespace)) at /Applications/XAMPP/xamppfiles/htdocs/final-project-cloud-computing-b-cc-kelompok-8-boboiboy-kuasa-bug-gaib/Nusatarawisata-kaltim/vendor/laravel/framework/src/Illuminate/Database/Connection.php:824)
[stacktrace]
#0 /Applications/XAMPP/xamppfiles/htdocs/final-project-cloud-computing-b-cc-kelompok-8-boboiboy-kuasa-bug-gaib/Nusatarawisata-kaltim/vendor/laravel/framework/src/Illuminate/Database/Connection.php(778): Illuminate\\Database\\Connection->runQueryCallback('select exists (...', Array, Object(Closure))
#1 /Applications/XAMPP/xamppfiles/htdocs/final-project-cloud-computing-b-cc-kelompok-8-boboiboy-kuasa-bug-gaib/Nusatarawisata-kaltim/vendor/laravel/framework/src/Illuminate/Database/Connection.php(397): Illuminate\\Database\\Connection->run('select exists (...', Array, Object(Closure))
#2 /Applications/XAMPP/xamppfiles/htdocs/final-project-cloud-computing-b-cc-kelompok-8-boboiboy-kuasa-bug-gaib/Nusatarawisata-kaltim/vendor/laravel/framework/src/Illuminate/Database/Connection.php(343): Illuminate\\Database\\Connection->select('select exists (...', Array, true)
#3 /Applications/XAMPP/xamppfiles/htdocs/final-project-cloud-computing-b-cc-kelompok-8-boboiboy-kuasa-bug-gaib/Nusatarawisata-kaltim/vendor/laravel/framework/src/Illuminate/Database/Connection.php(360): Illuminate\\Database\\Connection->selectOne('select exists (...', Array, true)
#4 /Applications/XAMPP/xamppfiles/htdocs/final-project-cloud-computing-b-cc-kelompok-8-boboiboy-kuasa-bug-gaib/Nusatarawisata-kaltim/vendor/laravel/framework/src/Illuminate/Database/Schema/Builder.php(174): Illuminate\\Database\\Connection->scalar('select exists (...')
#5 /Applications/XAMPP/xamppfiles/htdocs/final-project-cloud-computing-b-cc-kelompok-8-boboiboy-kuasa-bug-gaib/Nusatarawisata-kaltim/vendor/laravel/framework/src/Illuminate/Database/Migrations/DatabaseMigrationRepository.php(185): Illuminate\\Database\\Schema\\Builder->hasTable('migrations')
#6 /Applications/XAMPP/xamppfiles/htdocs/final-project-cloud-computing-b-cc-kelompok-8-boboiboy-kuasa-bug-gaib/Nusatarawisata-kaltim/vendor/laravel/framework/src/Illuminate/Database/Migrations/Migrator.php(753): Illuminate\\Database\\Migrations\\DatabaseMigrationRepository->repositoryExists()
#7 /Applications/XAMPP/xamppfiles/htdocs/final-project-cloud-computing-b-cc-kelompok-8-boboiboy-kuasa-bug-gaib/Nusatarawisata-kaltim/vendor/laravel/framework/src/Illuminate/Database/Console/Migrations/MigrateCommand.php(164): Illuminate\\Database\\Migrations\\Migrator->repositoryExists()
#8 /Applications/XAMPP/xamppfiles/htdocs/final-project-cloud-computing-b-cc-kelompok-8-boboiboy-kuasa-bug-gaib/Nusatarawisata-kaltim/vendor/laravel/framework/src/Illuminate/Support/helpers.php(329): Illuminate\\Database\\Console\\Migrations\\MigrateCommand->Illuminate\\Database\\Console\\Migrations\\{closure}(1)
#9 /Applications/XAMPP/xamppfiles/htdocs/final-project-cloud-computing-b-cc-kelompok-8-boboiboy-kuasa-bug-gaib/Nusatarawisata-kaltim/vendor/laravel/framework/src/Illuminate/Database/Console/Migrations/MigrateCommand.php(164): retry(1, Object(Closure), 0, Object(Closure))
#10 /Applications/XAMPP/xamppfiles/htdocs/final-project-cloud-computing-b-cc-kelompok-8-boboiboy-kuasa-bug-gaib/Nusatarawisata-kaltim/vendor/laravel/framework/src/Illuminate/Database/Console/Migrations/MigrateCommand.php(140): Illuminate\\Database\\Console\\Migrations\\MigrateCommand->repositoryExists()
#11 /Applications/XAMPP/xamppfiles/htdocs/final-project-cloud-computing-b-cc-kelompok-8-boboiboy-kuasa-bug-gaib/Nusatarawisata-kaltim/vendor/laravel/framework/src/Illuminate/Database/Console/Migrations/MigrateCommand.php(110): Illuminate\\Database\\Console\\Migrations\\MigrateCommand->prepareDatabase()
#12 /Applications/XAMPP/xamppfiles/htdocs/final-project-cloud-computing-b-cc-kelompok-8-boboiboy-kuasa-bug-gaib/Nusatarawisata-kaltim/vendor/laravel/framework/src/Illuminate/Database/Migrations/Migrator.php(666): Illuminate\\Database\\Console\\Migrations\\MigrateCommand->Illuminate\\Database\\Console\\Migrations\\{closure}()
#13 /Applications/XAMPP/xamppfiles/htdocs/final-project-cloud-computing-b-cc-kelompok-8-boboiboy-kuasa-bug-gaib/Nusatarawisata-kaltim/vendor/laravel/framework/src/Illuminate/Database/Console/Migrations/MigrateCommand.php(109): Illuminate\\Database\\Migrations\\Migrator->usingConnection(NULL, Object(Closure))
#14 /Applications/XAMPP/xamppfiles/htdocs/final-project-cloud-computing-b-cc-kelompok-8-boboiboy-kuasa-bug-gaib/Nusatarawisata-kaltim/vendor/laravel/framework/src/Illuminate/Database/Console/Migrations/MigrateCommand.php(88): Illuminate\\Database\\Console\\Migrations\\MigrateCommand->runMigrations()
#15 /Applications/XAMPP/xamppfiles/htdocs/final-project-cloud-computing-b-cc-kelompok-8-boboiboy-kuasa-bug-gaib/Nusatarawisata-kaltim/vendor/laravel/framework/src/Illuminate/Container/BoundMethod.php(36): Illuminate\\Database\\Console\\Migrations\\MigrateCommand->handle()
#16 /Applications/XAMPP/xamppfiles/htdocs/final-project-cloud-computing-b-cc-kelompok-8-boboiboy-kuasa-bug-gaib/Nusatarawisata-kaltim/vendor/laravel/framework/src/Illuminate/Container/Util.php(43): Illuminate\\Container\\BoundMethod::Illuminate\\Container\\{closure}()
#17 /Applications/XAMPP/xamppfiles/htdocs/final-project-cloud-computing-b-cc-kelompok-8-boboiboy-kuasa-bug-gaib/Nusatarawisata-kaltim/vendor/laravel/framework/src/Illuminate/Container/BoundMethod.php(96): Illuminate\\Container\\Util::unwrapIfClosure(Object(Closure))
#18 /Applications/XAMPP/xamppfiles/htdocs/final-project-cloud-computing-b-cc-kelompok-8-boboiboy-kuasa-bug-gaib/Nusatarawisata-kaltim/vendor/laravel/framework/src/Illuminate/Container/BoundMethod.php(35): Illuminate\\Container\\BoundMethod::callBoundMethod(Object(Illuminate\\Foundation\\Application), Array, Object(Closure))
#19 /Applications/XAMPP/xamppfiles/htdocs/final-project-cloud-computing-b-cc-kelompok-8-boboiboy-kuasa-bug-gaib/Nusatarawisata-kaltim/vendor/laravel/framework/src/Illuminate/Container/Container.php(836): Illuminate\\Container\\BoundMethod::call(Object(Illuminate\\Foundation\\Application), Array, Array, NULL)
#20 /Applications/XAMPP/xamppfiles/htdocs/final-project-cloud-computing-b-cc-kelompok-8-boboiboy-kuasa-bug-gaib/Nusatarawisata-kaltim/vendor/laravel/framework/src/Illuminate/Console/Command.php(211): Illuminate\\Container\\Container->call(Array)
#21 /Applications/XAMPP/xamppfiles/htdocs/final-project-cloud-computing-b-cc-kelompok-8-boboiboy-kuasa-bug-gaib/Nusatarawisata-kaltim/vendor/symfony/console/Command/Command.php(318): Illuminate\\Console\\Command->execute(Object(Symfony\\Component\\Console\\Input\\ArgvInput), Object(Illuminate\\Console\\OutputStyle))
#22 /Applications/XAMPP/xamppfiles/htdocs/final-project-cloud-computing-b-cc-kelompok-8-boboiboy-kuasa-bug-gaib/Nusatarawisata-kaltim/vendor/laravel/framework/src/Illuminate/Console/Command.php(180): Symfony\\Component\\Console\\Command\\Command->run(Object(Symfony\\Component\\Console\\Input\\ArgvInput), Object(Illuminate\\Console\\OutputStyle))
#23 /Applications/XAMPP/xamppfiles/htdocs/final-project-cloud-computing-b-cc-kelompok-8-boboiboy-kuasa-bug-gaib/Nusatarawisata-kaltim/vendor/symfony/console/Application.php(1073): Illuminate\\Console\\Command->run(Object(Symfony\\Component\\Console\\Input\\ArgvInput), Object(Symfony\\Component\\Console\\Output\\ConsoleOutput))
#24 /Applications/XAMPP/xamppfiles/htdocs/final-project-cloud-computing-b-cc-kelompok-8-boboiboy-kuasa-bug-gaib/Nusatarawisata-kaltim/vendor/symfony/console/Application.php(356): Symfony\\Component\\Console\\Application->doRunCommand(Object(Illuminate\\Database\\Console\\Migrations\\MigrateCommand), Object(Symfony\\Component\\Console\\Input\\ArgvInput), Object(Symfony\\Component\\Console\\Output\\ConsoleOutput))
#25 /Applications/XAMPP/xamppfiles/htdocs/final-project-cloud-computing-b-cc-kelompok-8-boboiboy-kuasa-bug-gaib/Nusatarawisata-kaltim/vendor/symfony/console/Application.php(195): Symfony\\Component\\Console\\Application->doRun(Object(Symfony\\Component\\Console\\Input\\ArgvInput), Object(Symfony\\Component\\Console\\Output\\ConsoleOutput))
#26 /Applications/XAMPP/xamppfiles/htdocs/final-project-cloud-computing-b-cc-kelompok-8-boboiboy-kuasa-bug-gaib/Nusatarawisata-kaltim/vendor/laravel/framework/src/Illuminate/Foundation/Console/Kernel.php(197): Symfony\\Component\\Console\\Application->run(Object(Symfony\\Component\\Console\\Input\\ArgvInput), Object(Symfony\\Component\\Console\\Output\\ConsoleOutput))
#27 /Applications/XAMPP/xamppfiles/htdocs/final-project-cloud-computing-b-cc-kelompok-8-boboiboy-kuasa-bug-gaib/Nusatarawisata-kaltim/vendor/laravel/framework/src/Illuminate/Foundation/Application.php(1235): Illuminate\\Foundation\\Console\\Kernel->handle(Object(Symfony\\Component\\Console\\Input\\ArgvInput), Object(Symfony\\Component\\Console\\Output\\ConsoleOutput))
#28 /Applications/XAMPP/xamppfiles/htdocs/final-project-cloud-computing-b-cc-kelompok-8-boboiboy-kuasa-bug-gaib/Nusatarawisata-kaltim/artisan(16): Illuminate\\Foundation\\Application->handleCommand(Object(Symfony\\Component\\Console\\Input\\ArgvInput))
#29 {main}

[previous exception] [object] (PDOException(code: 7): SQLSTATE[08006] [7] connection to server at \"127.0.0.1\", port 5432 failed: Connection refused
\tIs the server running on that host and accepting TCP/IP connections? at /Applications/XAMPP/xamppfiles/htdocs/final-project-cloud-computing-b-cc-kelompok-8-boboiboy-kuasa-bug-gaib/Nusatarawisata-kaltim/vendor/laravel/framework/src/Illuminate/Database/Connectors/Connector.php:66)
[stacktrace]
#0 /Applications/XAMPP/xamppfiles/htdocs/final-project-cloud-computing-b-cc-kelompok-8-boboiboy-kuasa-bug-gaib/Nusatarawisata-kaltim/vendor/laravel/framework/src/Illuminate/Database/Connectors/Connector.php(66): PDO->__construct('pgsql:host=127....', 'postgres', Object(SensitiveParameterValue), Array)
#1 /Applications/XAMPP/xamppfiles/htdocs/final-project-cloud-computing-b-cc-kelompok-8-boboiboy-kuasa-bug-gaib/Nusatarawisata-kaltim/vendor/laravel/framework/src/Illuminate/Database/Connectors/Connector.php(44): Illuminate\\Database\\Connectors\\Connector->createPdoConnection('pgsql:host=127....', 'postgres', Object(SensitiveParameterValue), Array)
#2 /Applications/XAMPP/xamppfiles/htdocs/final-project-cloud-computing-b-cc-kelompok-8-boboiboy-kuasa-bug-gaib/Nusatarawisata-kaltim/vendor/laravel/framework/src/Illuminate/Database/Connectors/PostgresConnector.php(35): Illuminate\\Database\\Connectors\\Connector->createConnection('pgsql:host=127....', Array, Array)
#3 /Applications/XAMPP/xamppfiles/htdocs/final-project-cloud-computing-b-cc-kelompok-8-boboiboy-kuasa-bug-gaib/Nusatarawisata-kaltim/vendor/laravel/framework/src/Illuminate/Database/Connectors/ConnectionFactory.php(184): Illuminate\\Database\\Connectors\\PostgresConnector->connect(Array)
#4 [internal function]: Illuminate\\Database\\Connectors\\ConnectionFactory->Illuminate\\Database\\Connectors\\{closure}()
#5 /Applications/XAMPP/xamppfiles/htdocs/final-project-cloud-computing-b-cc-kelompok-8-boboiboy-kuasa-bug-gaib/Nusatarawisata-kaltim/vendor/laravel/framework/src/Illuminate/Database/Connection.php(1234): call_user_func(Object(Closure))
#6 /Applications/XAMPP/xamppfiles/htdocs/final-project-cloud-computing-b-cc-kelompok-8-boboiboy-kuasa-bug-gaib/Nusatarawisata-kaltim/vendor/laravel/framework/src/Illuminate/Database/Connection.php(1270): Illuminate\\Database\\Connection->getPdo()
#7 /Applications/XAMPP/xamppfiles/htdocs/final-project-cloud-computing-b-cc-kelompok-8-boboiboy-kuasa-bug-gaib/Nusatarawisata-kaltim/vendor/laravel/framework/src/Illuminate/Database/Connection.php(511): Illuminate\\Database\\Connection->getReadPdo()
#8 /Applications/XAMPP/xamppfiles/htdocs/final-project-cloud-computing-b-cc-kelompok-8-boboiboy-kuasa-bug-gaib/Nusatarawisata-kaltim/vendor/laravel/framework/src/Illuminate/Database/Connection.php(406): Illuminate\\Database\\Connection->getPdoForSelect(true)
#9 /Applications/XAMPP/xamppfiles/htdocs/final-project-cloud-computing-b-cc-kelompok-8-boboiboy-kuasa-bug-gaib/Nusatarawisata-kaltim/vendor/laravel/framework/src/Illuminate/Database/Connection.php(811): Illuminate\\Database\\Connection->Illuminate\\Database\\{closure}('select exists (...', Array)
#10 /Applications/XAMPP/xamppfiles/htdocs/final-project-cloud-computing-b-cc-kelompok-8-boboiboy-kuasa-bug-gaib/Nusatarawisata-kaltim/vendor/laravel/framework/src/Illuminate/Database/Connection.php(778): Illuminate\\Database\\Connection->runQueryCallback('select exists (...', Array, Object(Closure))
#11 /Applications/XAMPP/xamppfiles/htdocs/final-project-cloud-computing-b-cc-kelompok-8-boboiboy-kuasa-bug-gaib/Nusatarawisata-kaltim/vendor/laravel/framework/src/Illuminate/Database/Connection.php(397): Illuminate\\Database\\Connection->run('select exists (...', Array, Object(Closure))
#12 /Applications/XAMPP/xamppfiles/htdocs/final-project-cloud-computing-b-cc-kelompok-8-boboiboy-kuasa-bug-gaib/Nusatarawisata-kaltim/vendor/laravel/framework/src/Illuminate/Database/Connection.php(343): Illuminate\\Database\\Connection->select('select exists (...', Array, true)
#13 /Applications/XAMPP/xamppfiles/htdocs/final-project-cloud-computing-b-cc-kelompok-8-boboiboy-kuasa-bug-gaib/Nusatarawisata-kaltim/vendor/laravel/framework/src/Illuminate/Database/Connection.php(360): Illuminate\\Database\\Connection->selectOne('select exists (...', Array, true)
#14 /Applications/XAMPP/xamppfiles/htdocs/final-project-cloud-computing-b-cc-kelompok-8-boboiboy-kuasa-bug-gaib/Nusatarawisata-kaltim/vendor/laravel/framework/src/Illuminate/Database/Schema/Builder.php(174): Illuminate\\Database\\Connection->scalar('select exists (...')
#15 /Applications/XAMPP/xamppfiles/htdocs/final-project-cloud-computing-b-cc-kelompok-8-boboiboy-kuasa-bug-gaib/Nusatarawisata-kaltim/vendor/laravel/framework/src/Illuminate/Database/Migrations/DatabaseMigrationRepository.php(185): Illuminate\\Database\\Schema\\Builder->hasTable('migrations')
#16 /Applications/XAMPP/xamppfiles/htdocs/final-project-cloud-computing-b-cc-kelompok-8-boboiboy-kuasa-bug-gaib/Nusatarawisata-kaltim/vendor/laravel/framework/src/Illuminate/Database/Migrations/Migrator.php(753): Illuminate\\Database\\Migrations\\DatabaseMigrationRepository->repositoryExists()
#17 /Applications/XAMPP/xamppfiles/htdocs/final-project-cloud-computing-b-cc-kelompok-8-boboiboy-kuasa-bug-gaib/Nusatarawisata-kaltim/vendor/laravel/framework/src/Illuminate/Database/Console/Migrations/MigrateCommand.php(164): Illuminate\\Database\\Migrations\\Migrator->repositoryExists()
#18 /Applications/XAMPP/xamppfiles/htdocs/final-project-cloud-computing-b-cc-kelompok-8-boboiboy-kuasa-bug-gaib/Nusatarawisata-kaltim/vendor/laravel/framework/src/Illuminate/Support/helpers.php(329): Illuminate\\Database\\Console\\Migrations\\MigrateCommand->Illuminate\\Database\\Console\\Migrations\\{closure}(1)
#19 /Applications/XAMPP/xamppfiles/htdocs/final-project-cloud-computing-b-cc-kelompok-8-boboiboy-kuasa-bug-gaib/Nusatarawisata-kaltim/vendor/laravel/framework/src/Illuminate/Database/Console/Migrations/MigrateCommand.php(164): retry(1, Object(Closure), 0, Object(Closure))
#20 /Applications/XAMPP/xamppfiles/htdocs/final-project-cloud-computing-b-cc-kelompok-8-boboiboy-kuasa-bug-gaib/Nusatarawisata-kaltim/vendor/laravel/framework/src/Illuminate/Database/Console/Migrations/MigrateCommand.php(140): Illuminate\\Database\\Console\\Migrations\\MigrateCommand->repositoryExists()
#21 /Applications/XAMPP/xamppfiles/htdocs/final-project-cloud-computing-b-cc-kelompok-8-boboiboy-kuasa-bug-gaib/Nusatarawisata-kaltim/vendor/laravel/framework/src/Illuminate/Database/Console/Migrations/MigrateCommand.php(110): Illuminate\\Database\\Console\\Migrations\\MigrateCommand->prepareDatabase()
#22 /Applications/XAMPP/xamppfiles/htdocs/final-project-cloud-computing-b-cc-kelompok-8-boboiboy-kuasa-bug-gaib/Nusatarawisata-kaltim/vendor/laravel/framework/src/Illuminate/Database/Migrations/Migrator.php(666): Illuminate\\Database\\Console\\Migrations\\MigrateCommand->Illuminate\\Database\\Console\\Migrations\\{closure}()
#23 /Applications/XAMPP/xamppfiles/htdocs/final-project-cloud-computing-b-cc-kelompok-8-boboiboy-kuasa-bug-gaib/Nusatarawisata-kaltim/vendor/laravel/framework/src/Illuminate/Database/Console/Migrations/MigrateCommand.php(109): Illuminate\\Database\\Migrations\\Migrator->usingConnection(NULL, Object(Closure))
#24 /Applications/XAMPP/xamppfiles/htdocs/final-project-cloud-computing-b-cc-kelompok-8-boboiboy-kuasa-bug-gaib/Nusatarawisata-kaltim/vendor/laravel/framework/src/Illuminate/Database/Console/Migrations/MigrateCommand.php(88): Illuminate\\Database\\Console\\Migrations\\MigrateCommand->runMigrations()
#25 /Applications/XAMPP/xamppfiles/htdocs/final-project-cloud-computing-b-cc-kelompok-8-boboiboy-kuasa-bug-gaib/Nusatarawisata-kaltim/vendor/laravel/framework/src/Illuminate/Container/BoundMethod.php(36): Illuminate\\Database\\Console\\Migrations\\MigrateCommand->handle()
#26 /Applications/XAMPP/xamppfiles/htdocs/final-project-cloud-computing-b-cc-kelompok-8-boboiboy-kuasa-bug-gaib/Nusatarawisata-kaltim/vendor/laravel/framework/src/Illuminate/Container/Util.php(43): Illuminate\\Container\\BoundMethod::Illuminate\\Container\\{closure}()
#27 /Applications/XAMPP/xamppfiles/htdocs/final-project-cloud-computing-b-cc-kelompok-8-boboiboy-kuasa-bug-gaib/Nusatarawisata-kaltim/vendor/laravel/framework/src/Illuminate/Container/BoundMethod.php(96): Illuminate\\Container\\Util::unwrapIfClosure(Object(Closure))
#28 /Applications/XAMPP/xamppfiles/htdocs/final-project-cloud-computing-b-cc-kelompok-8-boboiboy-kuasa-bug-gaib/Nusatarawisata-kaltim/vendor/laravel/framework/src/Illuminate/Container/BoundMethod.php(35): Illuminate\\Container\\BoundMethod::callBoundMethod(Object(Illuminate\\Foundation\\Application), Array, Object(Closure))
#29 /Applications/XAMPP/xamppfiles/htdocs/final-project-cloud-computing-b-cc-kelompok-8-boboiboy-kuasa-bug-gaib/Nusatarawisata-kaltim/vendor/laravel/framework/src/Illuminate/Container/Container.php(836): Illuminate\\Container\\BoundMethod::call(Object(Illuminate\\Foundation\\Application), Array, Array, NULL)
#30 /Applications/XAMPP/xamppfiles/htdocs/final-project-cloud-computing-b-cc-kelompok-8-boboiboy-kuasa-bug-gaib/Nusatarawisata-kaltim/vendor/laravel/framework/src/Illuminate/Console/Command.php(211): Illuminate\\Container\\Container->call(Array)
#31 /Applications/XAMPP/xamppfiles/htdocs/final-project-cloud-computing-b-cc-kelompok-8-boboiboy-kuasa-bug-gaib/Nusatarawisata-kaltim/vendor/symfony/console/Command/Command.php(318): Illuminate\\Console\\Command->execute(Object(Symfony\\Component\\Console\\Input\\ArgvInput), Object(Illuminate\\Console\\OutputStyle))
#32 /Applications/XAMPP/xamppfiles/htdocs/final-project-cloud-computing-b-cc-kelompok-8-boboiboy-kuasa-bug-gaib/Nusatarawisata-kaltim/vendor/laravel/framework/src/Illuminate/Console/Command.php(180): Symfony\\Component\\Console\\Command\\Command->run(Object(Symfony\\Component\\Console\\Input\\ArgvInput), Object(Illuminate\\Console\\OutputStyle))
#33 /Applications/XAMPP/xamppfiles/htdocs/final-project-cloud-computing-b-cc-kelompok-8-boboiboy-kuasa-bug-gaib/Nusatarawisata-kaltim/vendor/symfony/console/Application.php(1073): Illuminate\\Console\\Command->run(Object(Symfony\\Component\\Console\\Input\\ArgvInput), Object(Symfony\\Component\\Console\\Output\\ConsoleOutput))
#34 /Applications/XAMPP/xamppfiles/htdocs/final-project-cloud-computing-b-cc-kelompok-8-boboiboy-kuasa-bug-gaib/Nusatarawisata-kaltim/vendor/symfony/console/Application.php(356): Symfony\\Component\\Console\\Application->doRunCommand(Object(Illuminate\\Database\\Console\\Migrations\\MigrateCommand), Object(Symfony\\Component\\Console\\Input\\ArgvInput), Object(Symfony\\Component\\Console\\Output\\ConsoleOutput))
#35 /Applications/XAMPP/xamppfiles/htdocs/final-project-cloud-computing-b-cc-kelompok-8-boboiboy-kuasa-bug-gaib/Nusatarawisata-kaltim/vendor/symfony/console/Application.php(195): Symfony\\Component\\Console\\Application->doRun(Object(Symfony\\Component\\Console\\Input\\ArgvInput), Object(Symfony\\Component\\Console\\Output\\ConsoleOutput))
#36 /Applications/XAMPP/xamppfiles/htdocs/final-project-cloud-computing-b-cc-kelompok-8-boboiboy-kuasa-bug-gaib/Nusatarawisata-kaltim/vendor/laravel/framework/src/Illuminate/Foundation/Console/Kernel.php(197): Symfony\\Component\\Console\\Application->run(Object(Symfony\\Component\\Console\\Input\\ArgvInput), Object(Symfony\\Component\\Console\\Output\\ConsoleOutput))
#37 /Applications/XAMPP/xamppfiles/htdocs/final-project-cloud-computing-b-cc-kelompok-8-boboiboy-kuasa-bug-gaib/Nusatarawisata-kaltim/vendor/laravel/framework/src/Illuminate/Foundation/Application.php(1235): Illuminate\\Foundation\\Console\\Kernel->handle(Object(Symfony\\Component\\Console\\Input\\ArgvInput), Object(Symfony\\Component\\Console\\Output\\ConsoleOutput))
#38 /Applications/XAMPP/xamppfiles/htdocs/final-project-cloud-computing-b-cc-kelompok-8-boboiboy-kuasa-bug-gaib/Nusatarawisata-kaltim/artisan(16): Illuminate\\Foundation\\Application->handleCommand(Object(Symfony\\Component\\Console\\Input\\ArgvInput))
#39 {main}
"} 
[2025-10-28 17:22:00] local.ERROR: SQLSTATE[08006] [7] could not translate host name "db.hromnfbnrwofzdefwiim.pooler.supabase.co" to address: nodename nor servname provided, or not known (Connection: pgsql, SQL: select exists (select 1 from pg_class c, pg_namespace n where n.nspname = current_schema() and c.relname = 'migrations' and c.relkind in ('r', 'p') and n.oid = c.relnamespace)) {"exception":"[object] (Illuminate\\Database\\QueryException(code: 7): SQLSTATE[08006] [7] could not translate host name \"db.hromnfbnrwofzdefwiim.pooler.supabase.co\" to address: nodename nor servname provided, or not known (Connection: pgsql, SQL: select exists (select 1 from pg_class c, pg_namespace n where n.nspname = current_schema() and c.relname = 'migrations' and c.relkind in ('r', 'p') and n.oid = c.relnamespace)) at /Applications/XAMPP/xamppfiles/htdocs/final-project-cloud-computing-b-cc-kelompok-8-boboiboy-kuasa-bug-gaib/Nusatarawisata-kaltim/vendor/laravel/framework/src/Illuminate/Database/Connection.php:824)
[stacktrace]
#0 /Applications/XAMPP/xamppfiles/htdocs/final-project-cloud-computing-b-cc-kelompok-8-boboiboy-kuasa-bug-gaib/Nusatarawisata-kaltim/vendor/laravel/framework/src/Illuminate/Database/Connection.php(978): Illuminate\\Database\\Connection->runQueryCallback('select exists (...', Array, Object(Closure))
#1 /Applications/XAMPP/xamppfiles/htdocs/final-project-cloud-computing-b-cc-kelompok-8-boboiboy-kuasa-bug-gaib/Nusatarawisata-kaltim/vendor/laravel/framework/src/Illuminate/Database/Connection.php(957): Illuminate\\Database\\Connection->tryAgainIfCausedByLostConnection(Object(Illuminate\\Database\\QueryException), 'select exists (...', Array, Object(Closure))
#2 /Applications/XAMPP/xamppfiles/htdocs/final-project-cloud-computing-b-cc-kelompok-8-boboiboy-kuasa-bug-gaib/Nusatarawisata-kaltim/vendor/laravel/framework/src/Illuminate/Database/Connection.php(780): Illuminate\\Database\\Connection->handleQueryException(Object(Illuminate\\Database\\QueryException), 'select exists (...', Array, Object(Closure))
#3 /Applications/XAMPP/xamppfiles/htdocs/final-project-cloud-computing-b-cc-kelompok-8-boboiboy-kuasa-bug-gaib/Nusatarawisata-kaltim/vendor/laravel/framework/src/Illuminate/Database/Connection.php(397): Illuminate\\Database\\Connection->run('select exists (...', Array, Object(Closure))
#4 /Applications/XAMPP/xamppfiles/htdocs/final-project-cloud-computing-b-cc-kelompok-8-boboiboy-kuasa-bug-gaib/Nusatarawisata-kaltim/vendor/laravel/framework/src/Illuminate/Database/Connection.php(343): Illuminate\\Database\\Connection->select('select exists (...', Array, true)
#5 /Applications/XAMPP/xamppfiles/htdocs/final-project-cloud-computing-b-cc-kelompok-8-boboiboy-kuasa-bug-gaib/Nusatarawisata-kaltim/vendor/laravel/framework/src/Illuminate/Database/Connection.php(360): Illuminate\\Database\\Connection->selectOne('select exists (...', Array, true)
#6 /Applications/XAMPP/xamppfiles/htdocs/final-project-cloud-computing-b-cc-kelompok-8-boboiboy-kuasa-bug-gaib/Nusatarawisata-kaltim/vendor/laravel/framework/src/Illuminate/Database/Schema/Builder.php(174): Illuminate\\Database\\Connection->scalar('select exists (...')
#7 /Applications/XAMPP/xamppfiles/htdocs/final-project-cloud-computing-b-cc-kelompok-8-boboiboy-kuasa-bug-gaib/Nusatarawisata-kaltim/vendor/laravel/framework/src/Illuminate/Database/Migrations/DatabaseMigrationRepository.php(185): Illuminate\\Database\\Schema\\Builder->hasTable('migrations')
#8 /Applications/XAMPP/xamppfiles/htdocs/final-project-cloud-computing-b-cc-kelompok-8-boboiboy-kuasa-bug-gaib/Nusatarawisata-kaltim/vendor/laravel/framework/src/Illuminate/Database/Migrations/Migrator.php(753): Illuminate\\Database\\Migrations\\DatabaseMigrationRepository->repositoryExists()
#9 /Applications/XAMPP/xamppfiles/htdocs/final-project-cloud-computing-b-cc-kelompok-8-boboiboy-kuasa-bug-gaib/Nusatarawisata-kaltim/vendor/laravel/framework/src/Illuminate/Database/Console/Migrations/MigrateCommand.php(164): Illuminate\\Database\\Migrations\\Migrator->repositoryExists()
#10 /Applications/XAMPP/xamppfiles/htdocs/final-project-cloud-computing-b-cc-kelompok-8-boboiboy-kuasa-bug-gaib/Nusatarawisata-kaltim/vendor/laravel/framework/src/Illuminate/Support/helpers.php(329): Illuminate\\Database\\Console\\Migrations\\MigrateCommand->Illuminate\\Database\\Console\\Migrations\\{closure}(1)
#11 /Applications/XAMPP/xamppfiles/htdocs/final-project-cloud-computing-b-cc-kelompok-8-boboiboy-kuasa-bug-gaib/Nusatarawisata-kaltim/vendor/laravel/framework/src/Illuminate/Database/Console/Migrations/MigrateCommand.php(164): retry(1, Object(Closure), 0, Object(Closure))
#12 /Applications/XAMPP/xamppfiles/htdocs/final-project-cloud-computing-b-cc-kelompok-8-boboiboy-kuasa-bug-gaib/Nusatarawisata-kaltim/vendor/laravel/framework/src/Illuminate/Database/Console/Migrations/MigrateCommand.php(140): Illuminate\\Database\\Console\\Migrations\\MigrateCommand->repositoryExists()
#13 /Applications/XAMPP/xamppfiles/htdocs/final-project-cloud-computing-b-cc-kelompok-8-boboiboy-kuasa-bug-gaib/Nusatarawisata-kaltim/vendor/laravel/framework/src/Illuminate/Database/Console/Migrations/MigrateCommand.php(110): Illuminate\\Database\\Console\\Migrations\\MigrateCommand->prepareDatabase()
#14 /Applications/XAMPP/xamppfiles/htdocs/final-project-cloud-computing-b-cc-kelompok-8-boboiboy-kuasa-bug-gaib/Nusatarawisata-kaltim/vendor/laravel/framework/src/Illuminate/Database/Migrations/Migrator.php(666): Illuminate\\Database\\Console\\Migrations\\MigrateCommand->Illuminate\\Database\\Console\\Migrations\\{closure}()
#15 /Applications/XAMPP/xamppfiles/htdocs/final-project-cloud-computing-b-cc-kelompok-8-boboiboy-kuasa-bug-gaib/Nusatarawisata-kaltim/vendor/laravel/framework/src/Illuminate/Database/Console/Migrations/MigrateCommand.php(109): Illuminate\\Database\\Migrations\\Migrator->usingConnection(NULL, Object(Closure))
#16 /Applications/XAMPP/xamppfiles/htdocs/final-project-cloud-computing-b-cc-kelompok-8-boboiboy-kuasa-bug-gaib/Nusatarawisata-kaltim/vendor/laravel/framework/src/Illuminate/Database/Console/Migrations/MigrateCommand.php(88): Illuminate\\Database\\Console\\Migrations\\MigrateCommand->runMigrations()
#17 /Applications/XAMPP/xamppfiles/htdocs/final-project-cloud-computing-b-cc-kelompok-8-boboiboy-kuasa-bug-gaib/Nusatarawisata-kaltim/vendor/laravel/framework/src/Illuminate/Container/BoundMethod.php(36): Illuminate\\Database\\Console\\Migrations\\MigrateCommand->handle()
#18 /Applications/XAMPP/xamppfiles/htdocs/final-project-cloud-computing-b-cc-kelompok-8-boboiboy-kuasa-bug-gaib/Nusatarawisata-kaltim/vendor/laravel/framework/src/Illuminate/Container/Util.php(43): Illuminate\\Container\\BoundMethod::Illuminate\\Container\\{closure}()
#19 /Applications/XAMPP/xamppfiles/htdocs/final-project-cloud-computing-b-cc-kelompok-8-boboiboy-kuasa-bug-gaib/Nusatarawisata-kaltim/vendor/laravel/framework/src/Illuminate/Container/BoundMethod.php(96): Illuminate\\Container\\Util::unwrapIfClosure(Object(Closure))
#20 /Applications/XAMPP/xamppfiles/htdocs/final-project-cloud-computing-b-cc-kelompok-8-boboiboy-kuasa-bug-gaib/Nusatarawisata-kaltim/vendor/laravel/framework/src/Illuminate/Container/BoundMethod.php(35): Illuminate\\Container\\BoundMethod::callBoundMethod(Object(Illuminate\\Foundation\\Application), Array, Object(Closure))
#21 /Applications/XAMPP/xamppfiles/htdocs/final-project-cloud-computing-b-cc-kelompok-8-boboiboy-kuasa-bug-gaib/Nusatarawisata-kaltim/vendor/laravel/framework/src/Illuminate/Container/Container.php(836): Illuminate\\Container\\BoundMethod::call(Object(Illuminate\\Foundation\\Application), Array, Array, NULL)
#22 /Applications/XAMPP/xamppfiles/htdocs/final-project-cloud-computing-b-cc-kelompok-8-boboiboy-kuasa-bug-gaib/Nusatarawisata-kaltim/vendor/laravel/framework/src/Illuminate/Console/Command.php(211): Illuminate\\Container\\Container->call(Array)
#23 /Applications/XAMPP/xamppfiles/htdocs/final-project-cloud-computing-b-cc-kelompok-8-boboiboy-kuasa-bug-gaib/Nusatarawisata-kaltim/vendor/symfony/console/Command/Command.php(318): Illuminate\\Console\\Command->execute(Object(Symfony\\Component\\Console\\Input\\ArgvInput), Object(Illuminate\\Console\\OutputStyle))
#24 /Applications/XAMPP/xamppfiles/htdocs/final-project-cloud-computing-b-cc-kelompok-8-boboiboy-kuasa-bug-gaib/Nusatarawisata-kaltim/vendor/laravel/framework/src/Illuminate/Console/Command.php(180): Symfony\\Component\\Console\\Command\\Command->run(Object(Symfony\\Component\\Console\\Input\\ArgvInput), Object(Illuminate\\Console\\OutputStyle))
#25 /Applications/XAMPP/xamppfiles/htdocs/final-project-cloud-computing-b-cc-kelompok-8-boboiboy-kuasa-bug-gaib/Nusatarawisata-kaltim/vendor/symfony/console/Application.php(1073): Illuminate\\Console\\Command->run(Object(Symfony\\Component\\Console\\Input\\ArgvInput), Object(Symfony\\Component\\Console\\Output\\ConsoleOutput))
#26 /Applications/XAMPP/xamppfiles/htdocs/final-project-cloud-computing-b-cc-kelompok-8-boboiboy-kuasa-bug-gaib/Nusatarawisata-kaltim/vendor/symfony/console/Application.php(356): Symfony\\Component\\Console\\Application->doRunCommand(Object(Illuminate\\Database\\Console\\Migrations\\MigrateCommand), Object(Symfony\\Component\\Console\\Input\\ArgvInput), Object(Symfony\\Component\\Console\\Output\\ConsoleOutput))
#27 /Applications/XAMPP/xamppfiles/htdocs/final-project-cloud-computing-b-cc-kelompok-8-boboiboy-kuasa-bug-gaib/Nusatarawisata-kaltim/vendor/symfony/console/Application.php(195): Symfony\\Component\\Console\\Application->doRun(Object(Symfony\\Component\\Console\\Input\\ArgvInput), Object(Symfony\\Component\\Console\\Output\\ConsoleOutput))
#28 /Applications/XAMPP/xamppfiles/htdocs/final-project-cloud-computing-b-cc-kelompok-8-boboiboy-kuasa-bug-gaib/Nusatarawisata-kaltim/vendor/laravel/framework/src/Illuminate/Foundation/Console/Kernel.php(197): Symfony\\Component\\Console\\Application->run(Object(Symfony\\Component\\Console\\Input\\ArgvInput), Object(Symfony\\Component\\Console\\Output\\ConsoleOutput))
#29 /Applications/XAMPP/xamppfiles/htdocs/final-project-cloud-computing-b-cc-kelompok-8-boboiboy-kuasa-bug-gaib/Nusatarawisata-kaltim/vendor/laravel/framework/src/Illuminate/Foundation/Application.php(1235): Illuminate\\Foundation\\Console\\Kernel->handle(Object(Symfony\\Component\\Console\\Input\\ArgvInput), Object(Symfony\\Component\\Console\\Output\\ConsoleOutput))
#30 /Applications/XAMPP/xamppfiles/htdocs/final-project-cloud-computing-b-cc-kelompok-8-boboiboy-kuasa-bug-gaib/Nusatarawisata-kaltim/artisan(16): Illuminate\\Foundation\\Application->handleCommand(Object(Symfony\\Component\\Console\\Input\\ArgvInput))
#31 {main}

[previous exception] [object] (PDOException(code: 7): SQLSTATE[08006] [7] could not translate host name \"db.hromnfbnrwofzdefwiim.pooler.supabase.co\" to address: nodename nor servname provided, or not known at /Applications/XAMPP/xamppfiles/htdocs/final-project-cloud-computing-b-cc-kelompok-8-boboiboy-kuasa-bug-gaib/Nusatarawisata-kaltim/vendor/laravel/framework/src/Illuminate/Database/Connectors/Connector.php:66)
[stacktrace]
#0 /Applications/XAMPP/xamppfiles/htdocs/final-project-cloud-computing-b-cc-kelompok-8-boboiboy-kuasa-bug-gaib/Nusatarawisata-kaltim/vendor/laravel/framework/src/Illuminate/Database/Connectors/Connector.php(66): PDO->__construct('pgsql:host=db.h...', 'postgres', Object(SensitiveParameterValue), Array)
#1 /Applications/XAMPP/xamppfiles/htdocs/final-project-cloud-computing-b-cc-kelompok-8-boboiboy-kuasa-bug-gaib/Nusatarawisata-kaltim/vendor/laravel/framework/src/Illuminate/Database/Connectors/Connector.php(85): Illuminate\\Database\\Connectors\\Connector->createPdoConnection('pgsql:host=db.h...', 'postgres', Object(SensitiveParameterValue), Array)
#2 /Applications/XAMPP/xamppfiles/htdocs/final-project-cloud-computing-b-cc-kelompok-8-boboiboy-kuasa-bug-gaib/Nusatarawisata-kaltim/vendor/laravel/framework/src/Illuminate/Database/Connectors/Connector.php(48): Illuminate\\Database\\Connectors\\Connector->tryAgainIfCausedByLostConnection(Object(PDOException), 'pgsql:host=db.h...', 'postgres', Object(SensitiveParameterValue), Array)
#3 /Applications/XAMPP/xamppfiles/htdocs/final-project-cloud-computing-b-cc-kelompok-8-boboiboy-kuasa-bug-gaib/Nusatarawisata-kaltim/vendor/laravel/framework/src/Illuminate/Database/Connectors/PostgresConnector.php(35): Illuminate\\Database\\Connectors\\Connector->createConnection('pgsql:host=db.h...', Array, Array)
#4 /Applications/XAMPP/xamppfiles/htdocs/final-project-cloud-computing-b-cc-kelompok-8-boboiboy-kuasa-bug-gaib/Nusatarawisata-kaltim/vendor/laravel/framework/src/Illuminate/Database/Connectors/ConnectionFactory.php(184): Illuminate\\Database\\Connectors\\PostgresConnector->connect(Array)
#5 [internal function]: Illuminate\\Database\\Connectors\\ConnectionFactory->Illuminate\\Database\\Connectors\\{closure}()
#6 /Applications/XAMPP/xamppfiles/htdocs/final-project-cloud-computing-b-cc-kelompok-8-boboiboy-kuasa-bug-gaib/Nusatarawisata-kaltim/vendor/laravel/framework/src/Illuminate/Database/Connection.php(1234): call_user_func(Object(Closure))
#7 /Applications/XAMPP/xamppfiles/htdocs/final-project-cloud-computing-b-cc-kelompok-8-boboiboy-kuasa-bug-gaib/Nusatarawisata-kaltim/vendor/laravel/framework/src/Illuminate/Database/Connection.php(1270): Illuminate\\Database\\Connection->getPdo()
#8 /Applications/XAMPP/xamppfiles/htdocs/final-project-cloud-computing-b-cc-kelompok-8-boboiboy-kuasa-bug-gaib/Nusatarawisata-kaltim/vendor/laravel/framework/src/Illuminate/Database/Connection.php(511): Illuminate\\Database\\Connection->getReadPdo()
#9 /Applications/XAMPP/xamppfiles/htdocs/final-project-cloud-computing-b-cc-kelompok-8-boboiboy-kuasa-bug-gaib/Nusatarawisata-kaltim/vendor/laravel/framework/src/Illuminate/Database/Connection.php(406): Illuminate\\Database\\Connection->getPdoForSelect(true)
#10 /Applications/XAMPP/xamppfiles/htdocs/final-project-cloud-computing-b-cc-kelompok-8-boboiboy-kuasa-bug-gaib/Nusatarawisata-kaltim/vendor/laravel/framework/src/Illuminate/Database/Connection.php(811): Illuminate\\Database\\Connection->Illuminate\\Database\\{closure}('select exists (...', Array)
#11 /Applications/XAMPP/xamppfiles/htdocs/final-project-cloud-computing-b-cc-kelompok-8-boboiboy-kuasa-bug-gaib/Nusatarawisata-kaltim/vendor/laravel/framework/src/Illuminate/Database/Connection.php(978): Illuminate\\Database\\Connection->runQueryCallback('select exists (...', Array, Object(Closure))
#12 /Applications/XAMPP/xamppfiles/htdocs/final-project-cloud-computing-b-cc-kelompok-8-boboiboy-kuasa-bug-gaib/Nusatarawisata-kaltim/vendor/laravel/framework/src/Illuminate/Database/Connection.php(957): Illuminate\\Database\\Connection->tryAgainIfCausedByLostConnection(Object(Illuminate\\Database\\QueryException), 'select exists (...', Array, Object(Closure))
#13 /Applications/XAMPP/xamppfiles/htdocs/final-project-cloud-computing-b-cc-kelompok-8-boboiboy-kuasa-bug-gaib/Nusatarawisata-kaltim/vendor/laravel/framework/src/Illuminate/Database/Connection.php(780): Illuminate\\Database\\Connection->handleQueryException(Object(Illuminate\\Database\\QueryException), 'select exists (...', Array, Object(Closure))
#14 /Applications/XAMPP/xamppfiles/htdocs/final-project-cloud-computing-b-cc-kelompok-8-boboiboy-kuasa-bug-gaib/Nusatarawisata-kaltim/vendor/laravel/framework/src/Illuminate/Database/Connection.php(397): Illuminate\\Database\\Connection->run('select exists (...', Array, Object(Closure))
#15 /Applications/XAMPP/xamppfiles/htdocs/final-project-cloud-computing-b-cc-kelompok-8-boboiboy-kuasa-bug-gaib/Nusatarawisata-kaltim/vendor/laravel/framework/src/Illuminate/Database/Connection.php(343): Illuminate\\Database\\Connection->select('select exists (...', Array, true)
#16 /Applications/XAMPP/xamppfiles/htdocs/final-project-cloud-computing-b-cc-kelompok-8-boboiboy-kuasa-bug-gaib/Nusatarawisata-kaltim/vendor/laravel/framework/src/Illuminate/Database/Connection.php(360): Illuminate\\Database\\Connection->selectOne('select exists (...', Array, true)
#17 /Applications/XAMPP/xamppfiles/htdocs/final-project-cloud-computing-b-cc-kelompok-8-boboiboy-kuasa-bug-gaib/Nusatarawisata-kaltim/vendor/laravel/framework/src/Illuminate/Database/Schema/Builder.php(174): Illuminate\\Database\\Connection->scalar('select exists (...')
#18 /Applications/XAMPP/xamppfiles/htdocs/final-project-cloud-computing-b-cc-kelompok-8-boboiboy-kuasa-bug-gaib/Nusatarawisata-kaltim/vendor/laravel/framework/src/Illuminate/Database/Migrations/DatabaseMigrationRepository.php(185): Illuminate\\Database\\Schema\\Builder->hasTable('migrations')
#19 /Applications/XAMPP/xamppfiles/htdocs/final-project-cloud-computing-b-cc-kelompok-8-boboiboy-kuasa-bug-gaib/Nusatarawisata-kaltim/vendor/laravel/framework/src/Illuminate/Database/Migrations/Migrator.php(753): Illuminate\\Database\\Migrations\\DatabaseMigrationRepository->repositoryExists()
#20 /Applications/XAMPP/xamppfiles/htdocs/final-project-cloud-computing-b-cc-kelompok-8-boboiboy-kuasa-bug-gaib/Nusatarawisata-kaltim/vendor/laravel/framework/src/Illuminate/Database/Console/Migrations/MigrateCommand.php(164): Illuminate\\Database\\Migrations\\Migrator->repositoryExists()
#21 /Applications/XAMPP/xamppfiles/htdocs/final-project-cloud-computing-b-cc-kelompok-8-boboiboy-kuasa-bug-gaib/Nusatarawisata-kaltim/vendor/laravel/framework/src/Illuminate/Support/helpers.php(329): Illuminate\\Database\\Console\\Migrations\\MigrateCommand->Illuminate\\Database\\Console\\Migrations\\{closure}(1)
#22 /Applications/XAMPP/xamppfiles/htdocs/final-project-cloud-computing-b-cc-kelompok-8-boboiboy-kuasa-bug-gaib/Nusatarawisata-kaltim/vendor/laravel/framework/src/Illuminate/Database/Console/Migrations/MigrateCommand.php(164): retry(1, Object(Closure), 0, Object(Closure))
#23 /Applications/XAMPP/xamppfiles/htdocs/final-project-cloud-computing-b-cc-kelompok-8-boboiboy-kuasa-bug-gaib/Nusatarawisata-kaltim/vendor/laravel/framework/src/Illuminate/Database/Console/Migrations/MigrateCommand.php(140): Illuminate\\Database\\Console\\Migrations\\MigrateCommand->repositoryExists()
#24 /Applications/XAMPP/xamppfiles/htdocs/final-project-cloud-computing-b-cc-kelompok-8-boboiboy-kuasa-bug-gaib/Nusatarawisata-kaltim/vendor/laravel/framework/src/Illuminate/Database/Console/Migrations/MigrateCommand.php(110): Illuminate\\Database\\Console\\Migrations\\MigrateCommand->prepareDatabase()
#25 /Applications/XAMPP/xamppfiles/htdocs/final-project-cloud-computing-b-cc-kelompok-8-boboiboy-kuasa-bug-gaib/Nusatarawisata-kaltim/vendor/laravel/framework/src/Illuminate/Database/Migrations/Migrator.php(666): Illuminate\\Database\\Console\\Migrations\\MigrateCommand->Illuminate\\Database\\Console\\Migrations\\{closure}()
#26 /Applications/XAMPP/xamppfiles/htdocs/final-project-cloud-computing-b-cc-kelompok-8-boboiboy-kuasa-bug-gaib/Nusatarawisata-kaltim/vendor/laravel/framework/src/Illuminate/Database/Console/Migrations/MigrateCommand.php(109): Illuminate\\Database\\Migrations\\Migrator->usingConnection(NULL, Object(Closure))
#27 /Applications/XAMPP/xamppfiles/htdocs/final-project-cloud-computing-b-cc-kelompok-8-boboiboy-kuasa-bug-gaib/Nusatarawisata-kaltim/vendor/laravel/framework/src/Illuminate/Database/Console/Migrations/MigrateCommand.php(88): Illuminate\\Database\\Console\\Migrations\\MigrateCommand->runMigrations()
#28 /Applications/XAMPP/xamppfiles/htdocs/final-project-cloud-computing-b-cc-kelompok-8-boboiboy-kuasa-bug-gaib/Nusatarawisata-kaltim/vendor/laravel/framework/src/Illuminate/Container/BoundMethod.php(36): Illuminate\\Database\\Console\\Migrations\\MigrateCommand->handle()
#29 /Applications/XAMPP/xamppfiles/htdocs/final-project-cloud-computing-b-cc-kelompok-8-boboiboy-kuasa-bug-gaib/Nusatarawisata-kaltim/vendor/laravel/framework/src/Illuminate/Container/Util.php(43): Illuminate\\Container\\BoundMethod::Illuminate\\Container\\{closure}()
#30 /Applications/XAMPP/xamppfiles/htdocs/final-project-cloud-computing-b-cc-kelompok-8-boboiboy-kuasa-bug-gaib/Nusatarawisata-kaltim/vendor/laravel/framework/src/Illuminate/Container/BoundMethod.php(96): Illuminate\\Container\\Util::unwrapIfClosure(Object(Closure))
#31 /Applications/XAMPP/xamppfiles/htdocs/final-project-cloud-computing-b-cc-kelompok-8-boboiboy-kuasa-bug-gaib/Nusatarawisata-kaltim/vendor/laravel/framework/src/Illuminate/Container/BoundMethod.php(35): Illuminate\\Container\\BoundMethod::callBoundMethod(Object(Illuminate\\Foundation\\Application), Array, Object(Closure))
#32 /Applications/XAMPP/xamppfiles/htdocs/final-project-cloud-computing-b-cc-kelompok-8-boboiboy-kuasa-bug-gaib/Nusatarawisata-kaltim/vendor/laravel/framework/src/Illuminate/Container/Container.php(836): Illuminate\\Container\\BoundMethod::call(Object(Illuminate\\Foundation\\Application), Array, Array, NULL)
#33 /Applications/XAMPP/xamppfiles/htdocs/final-project-cloud-computing-b-cc-kelompok-8-boboiboy-kuasa-bug-gaib/Nusatarawisata-kaltim/vendor/laravel/framework/src/Illuminate/Console/Command.php(211): Illuminate\\Container\\Container->call(Array)
#34 /Applications/XAMPP/xamppfiles/htdocs/final-project-cloud-computing-b-cc-kelompok-8-boboiboy-kuasa-bug-gaib/Nusatarawisata-kaltim/vendor/symfony/console/Command/Command.php(318): Illuminate\\Console\\Command->execute(Object(Symfony\\Component\\Console\\Input\\ArgvInput), Object(Illuminate\\Console\\OutputStyle))
#35 /Applications/XAMPP/xamppfiles/htdocs/final-project-cloud-computing-b-cc-kelompok-8-boboiboy-kuasa-bug-gaib/Nusatarawisata-kaltim/vendor/laravel/framework/src/Illuminate/Console/Command.php(180): Symfony\\Component\\Console\\Command\\Command->run(Object(Symfony\\Component\\Console\\Input\\ArgvInput), Object(Illuminate\\Console\\OutputStyle))
#36 /Applications/XAMPP/xamppfiles/htdocs/final-project-cloud-computing-b-cc-kelompok-8-boboiboy-kuasa-bug-gaib/Nusatarawisata-kaltim/vendor/symfony/console/Application.php(1073): Illuminate\\Console\\Command->run(Object(Symfony\\Component\\Console\\Input\\ArgvInput), Object(Symfony\\Component\\Console\\Output\\ConsoleOutput))
#37 /Applications/XAMPP/xamppfiles/htdocs/final-project-cloud-computing-b-cc-kelompok-8-boboiboy-kuasa-bug-gaib/Nusatarawisata-kaltim/vendor/symfony/console/Application.php(356): Symfony\\Component\\Console\\Application->doRunCommand(Object(Illuminate\\Database\\Console\\Migrations\\MigrateCommand), Object(Symfony\\Component\\Console\\Input\\ArgvInput), Object(Symfony\\Component\\Console\\Output\\ConsoleOutput))
#38 /Applications/XAMPP/xamppfiles/htdocs/final-project-cloud-computing-b-cc-kelompok-8-boboiboy-kuasa-bug-gaib/Nusatarawisata-kaltim/vendor/symfony/console/Application.php(195): Symfony\\Component\\Console\\Application->doRun(Object(Symfony\\Component\\Console\\Input\\ArgvInput), Object(Symfony\\Component\\Console\\Output\\ConsoleOutput))
#39 /Applications/XAMPP/xamppfiles/htdocs/final-project-cloud-computing-b-cc-kelompok-8-boboiboy-kuasa-bug-gaib/Nusatarawisata-kaltim/vendor/laravel/framework/src/Illuminate/Foundation/Console/Kernel.php(197): Symfony\\Component\\Console\\Application->run(Object(Symfony\\Component\\Console\\Input\\ArgvInput), Object(Symfony\\Component\\Console\\Output\\ConsoleOutput))
#40 /Applications/XAMPP/xamppfiles/htdocs/final-project-cloud-computing-b-cc-kelompok-8-boboiboy-kuasa-bug-gaib/Nusatarawisata-kaltim/vendor/laravel/framework/src/Illuminate/Foundation/Application.php(1235): Illuminate\\Foundation\\Console\\Kernel->handle(Object(Symfony\\Component\\Console\\Input\\ArgvInput), Object(Symfony\\Component\\Console\\Output\\ConsoleOutput))
#41 /Applications/XAMPP/xamppfiles/htdocs/final-project-cloud-computing-b-cc-kelompok-8-boboiboy-kuasa-bug-gaib/Nusatarawisata-kaltim/artisan(16): Illuminate\\Foundation\\Application->handleCommand(Object(Symfony\\Component\\Console\\Input\\ArgvInput))
#42 {main}
"} 
[2025-10-28 17:23:05] local.ERROR: SQLSTATE[08006] [7] could not translate host name "db.hromnfbnrwofzdefwiim.pooler.supabase.com" to address: nodename nor servname provided, or not known (Connection: pgsql, SQL: select exists (select 1 from pg_class c, pg_namespace n where n.nspname = current_schema() and c.relname = 'migrations' and c.relkind in ('r', 'p') and n.oid = c.relnamespace)) {"exception":"[object] (Illuminate\\Database\\QueryException(code: 7): SQLSTATE[08006] [7] could not translate host name \"db.hromnfbnrwofzdefwiim.pooler.supabase.com\" to address: nodename nor servname provided, or not known (Connection: pgsql, SQL: select exists (select 1 from pg_class c, pg_namespace n where n.nspname = current_schema() and c.relname = 'migrations' and c.relkind in ('r', 'p') and n.oid = c.relnamespace)) at /Applications/XAMPP/xamppfiles/htdocs/final-project-cloud-computing-b-cc-kelompok-8-boboiboy-kuasa-bug-gaib/Nusatarawisata-kaltim/vendor/laravel/framework/src/Illuminate/Database/Connection.php:824)
[stacktrace]
#0 /Applications/XAMPP/xamppfiles/htdocs/final-project-cloud-computing-b-cc-kelompok-8-boboiboy-kuasa-bug-gaib/Nusatarawisata-kaltim/vendor/laravel/framework/src/Illuminate/Database/Connection.php(978): Illuminate\\Database\\Connection->runQueryCallback('select exists (...', Array, Object(Closure))
#1 /Applications/XAMPP/xamppfiles/htdocs/final-project-cloud-computing-b-cc-kelompok-8-boboiboy-kuasa-bug-gaib/Nusatarawisata-kaltim/vendor/laravel/framework/src/Illuminate/Database/Connection.php(957): Illuminate\\Database\\Connection->tryAgainIfCausedByLostConnection(Object(Illuminate\\Database\\QueryException), 'select exists (...', Array, Object(Closure))
#2 /Applications/XAMPP/xamppfiles/htdocs/final-project-cloud-computing-b-cc-kelompok-8-boboiboy-kuasa-bug-gaib/Nusatarawisata-kaltim/vendor/laravel/framework/src/Illuminate/Database/Connection.php(780): Illuminate\\Database\\Connection->handleQueryException(Object(Illuminate\\Database\\QueryException), 'select exists (...', Array, Object(Closure))
#3 /Applications/XAMPP/xamppfiles/htdocs/final-project-cloud-computing-b-cc-kelompok-8-boboiboy-kuasa-bug-gaib/Nusatarawisata-kaltim/vendor/laravel/framework/src/Illuminate/Database/Connection.php(397): Illuminate\\Database\\Connection->run('select exists (...', Array, Object(Closure))
#4 /Applications/XAMPP/xamppfiles/htdocs/final-project-cloud-computing-b-cc-kelompok-8-boboiboy-kuasa-bug-gaib/Nusatarawisata-kaltim/vendor/laravel/framework/src/Illuminate/Database/Connection.php(343): Illuminate\\Database\\Connection->select('select exists (...', Array, true)
#5 /Applications/XAMPP/xamppfiles/htdocs/final-project-cloud-computing-b-cc-kelompok-8-boboiboy-kuasa-bug-gaib/Nusatarawisata-kaltim/vendor/laravel/framework/src/Illuminate/Database/Connection.php(360): Illuminate\\Database\\Connection->selectOne('select exists (...', Array, true)
#6 /Applications/XAMPP/xamppfiles/htdocs/final-project-cloud-computing-b-cc-kelompok-8-boboiboy-kuasa-bug-gaib/Nusatarawisata-kaltim/vendor/laravel/framework/src/Illuminate/Database/Schema/Builder.php(174): Illuminate\\Database\\Connection->scalar('select exists (...')
#7 /Applications/XAMPP/xamppfiles/htdocs/final-project-cloud-computing-b-cc-kelompok-8-boboiboy-kuasa-bug-gaib/Nusatarawisata-kaltim/vendor/laravel/framework/src/Illuminate/Database/Migrations/DatabaseMigrationRepository.php(185): Illuminate\\Database\\Schema\\Builder->hasTable('migrations')
#8 /Applications/XAMPP/xamppfiles/htdocs/final-project-cloud-computing-b-cc-kelompok-8-boboiboy-kuasa-bug-gaib/Nusatarawisata-kaltim/vendor/laravel/framework/src/Illuminate/Database/Migrations/Migrator.php(753): Illuminate\\Database\\Migrations\\DatabaseMigrationRepository->repositoryExists()
#9 /Applications/XAMPP/xamppfiles/htdocs/final-project-cloud-computing-b-cc-kelompok-8-boboiboy-kuasa-bug-gaib/Nusatarawisata-kaltim/vendor/laravel/framework/src/Illuminate/Database/Console/Migrations/MigrateCommand.php(164): Illuminate\\Database\\Migrations\\Migrator->repositoryExists()
#10 /Applications/XAMPP/xamppfiles/htdocs/final-project-cloud-computing-b-cc-kelompok-8-boboiboy-kuasa-bug-gaib/Nusatarawisata-kaltim/vendor/laravel/framework/src/Illuminate/Support/helpers.php(329): Illuminate\\Database\\Console\\Migrations\\MigrateCommand->Illuminate\\Database\\Console\\Migrations\\{closure}(1)
#11 /Applications/XAMPP/xamppfiles/htdocs/final-project-cloud-computing-b-cc-kelompok-8-boboiboy-kuasa-bug-gaib/Nusatarawisata-kaltim/vendor/laravel/framework/src/Illuminate/Database/Console/Migrations/MigrateCommand.php(164): retry(1, Object(Closure), 0, Object(Closure))
#12 /Applications/XAMPP/xamppfiles/htdocs/final-project-cloud-computing-b-cc-kelompok-8-boboiboy-kuasa-bug-gaib/Nusatarawisata-kaltim/vendor/laravel/framework/src/Illuminate/Database/Console/Migrations/MigrateCommand.php(140): Illuminate\\Database\\Console\\Migrations\\MigrateCommand->repositoryExists()
#13 /Applications/XAMPP/xamppfiles/htdocs/final-project-cloud-computing-b-cc-kelompok-8-boboiboy-kuasa-bug-gaib/Nusatarawisata-kaltim/vendor/laravel/framework/src/Illuminate/Database/Console/Migrations/MigrateCommand.php(110): Illuminate\\Database\\Console\\Migrations\\MigrateCommand->prepareDatabase()
#14 /Applications/XAMPP/xamppfiles/htdocs/final-project-cloud-computing-b-cc-kelompok-8-boboiboy-kuasa-bug-gaib/Nusatarawisata-kaltim/vendor/laravel/framework/src/Illuminate/Database/Migrations/Migrator.php(666): Illuminate\\Database\\Console\\Migrations\\MigrateCommand->Illuminate\\Database\\Console\\Migrations\\{closure}()
#15 /Applications/XAMPP/xamppfiles/htdocs/final-project-cloud-computing-b-cc-kelompok-8-boboiboy-kuasa-bug-gaib/Nusatarawisata-kaltim/vendor/laravel/framework/src/Illuminate/Database/Console/Migrations/MigrateCommand.php(109): Illuminate\\Database\\Migrations\\Migrator->usingConnection(NULL, Object(Closure))
#16 /Applications/XAMPP/xamppfiles/htdocs/final-project-cloud-computing-b-cc-kelompok-8-boboiboy-kuasa-bug-gaib/Nusatarawisata-kaltim/vendor/laravel/framework/src/Illuminate/Database/Console/Migrations/MigrateCommand.php(88): Illuminate\\Database\\Console\\Migrations\\MigrateCommand->runMigrations()
#17 /Applications/XAMPP/xamppfiles/htdocs/final-project-cloud-computing-b-cc-kelompok-8-boboiboy-kuasa-bug-gaib/Nusatarawisata-kaltim/vendor/laravel/framework/src/Illuminate/Container/BoundMethod.php(36): Illuminate\\Database\\Console\\Migrations\\MigrateCommand->handle()
#18 /Applications/XAMPP/xamppfiles/htdocs/final-project-cloud-computing-b-cc-kelompok-8-boboiboy-kuasa-bug-gaib/Nusatarawisata-kaltim/vendor/laravel/framework/src/Illuminate/Container/Util.php(43): Illuminate\\Container\\BoundMethod::Illuminate\\Container\\{closure}()
#19 /Applications/XAMPP/xamppfiles/htdocs/final-project-cloud-computing-b-cc-kelompok-8-boboiboy-kuasa-bug-gaib/Nusatarawisata-kaltim/vendor/laravel/framework/src/Illuminate/Container/BoundMethod.php(96): Illuminate\\Container\\Util::unwrapIfClosure(Object(Closure))
#20 /Applications/XAMPP/xamppfiles/htdocs/final-project-cloud-computing-b-cc-kelompok-8-boboiboy-kuasa-bug-gaib/Nusatarawisata-kaltim/vendor/laravel/framework/src/Illuminate/Container/BoundMethod.php(35): Illuminate\\Container\\BoundMethod::callBoundMethod(Object(Illuminate\\Foundation\\Application), Array, Object(Closure))
#21 /Applications/XAMPP/xamppfiles/htdocs/final-project-cloud-computing-b-cc-kelompok-8-boboiboy-kuasa-bug-gaib/Nusatarawisata-kaltim/vendor/laravel/framework/src/Illuminate/Container/Container.php(836): Illuminate\\Container\\BoundMethod::call(Object(Illuminate\\Foundation\\Application), Array, Array, NULL)
#22 /Applications/XAMPP/xamppfiles/htdocs/final-project-cloud-computing-b-cc-kelompok-8-boboiboy-kuasa-bug-gaib/Nusatarawisata-kaltim/vendor/laravel/framework/src/Illuminate/Console/Command.php(211): Illuminate\\Container\\Container->call(Array)
#23 /Applications/XAMPP/xamppfiles/htdocs/final-project-cloud-computing-b-cc-kelompok-8-boboiboy-kuasa-bug-gaib/Nusatarawisata-kaltim/vendor/symfony/console/Command/Command.php(318): Illuminate\\Console\\Command->execute(Object(Symfony\\Component\\Console\\Input\\ArgvInput), Object(Illuminate\\Console\\OutputStyle))
#24 /Applications/XAMPP/xamppfiles/htdocs/final-project-cloud-computing-b-cc-kelompok-8-boboiboy-kuasa-bug-gaib/Nusatarawisata-kaltim/vendor/laravel/framework/src/Illuminate/Console/Command.php(180): Symfony\\Component\\Console\\Command\\Command->run(Object(Symfony\\Component\\Console\\Input\\ArgvInput), Object(Illuminate\\Console\\OutputStyle))
#25 /Applications/XAMPP/xamppfiles/htdocs/final-project-cloud-computing-b-cc-kelompok-8-boboiboy-kuasa-bug-gaib/Nusatarawisata-kaltim/vendor/symfony/console/Application.php(1073): Illuminate\\Console\\Command->run(Object(Symfony\\Component\\Console\\Input\\ArgvInput), Object(Symfony\\Component\\Console\\Output\\ConsoleOutput))
#26 /Applications/XAMPP/xamppfiles/htdocs/final-project-cloud-computing-b-cc-kelompok-8-boboiboy-kuasa-bug-gaib/Nusatarawisata-kaltim/vendor/symfony/console/Application.php(356): Symfony\\Component\\Console\\Application->doRunCommand(Object(Illuminate\\Database\\Console\\Migrations\\MigrateCommand), Object(Symfony\\Component\\Console\\Input\\ArgvInput), Object(Symfony\\Component\\Console\\Output\\ConsoleOutput))
#27 /Applications/XAMPP/xamppfiles/htdocs/final-project-cloud-computing-b-cc-kelompok-8-boboiboy-kuasa-bug-gaib/Nusatarawisata-kaltim/vendor/symfony/console/Application.php(195): Symfony\\Component\\Console\\Application->doRun(Object(Symfony\\Component\\Console\\Input\\ArgvInput), Object(Symfony\\Component\\Console\\Output\\ConsoleOutput))
#28 /Applications/XAMPP/xamppfiles/htdocs/final-project-cloud-computing-b-cc-kelompok-8-boboiboy-kuasa-bug-gaib/Nusatarawisata-kaltim/vendor/laravel/framework/src/Illuminate/Foundation/Console/Kernel.php(197): Symfony\\Component\\Console\\Application->run(Object(Symfony\\Component\\Console\\Input\\ArgvInput), Object(Symfony\\Component\\Console\\Output\\ConsoleOutput))
#29 /Applications/XAMPP/xamppfiles/htdocs/final-project-cloud-computing-b-cc-kelompok-8-boboiboy-kuasa-bug-gaib/Nusatarawisata-kaltim/vendor/laravel/framework/src/Illuminate/Foundation/Application.php(1235): Illuminate\\Foundation\\Console\\Kernel->handle(Object(Symfony\\Component\\Console\\Input\\ArgvInput), Object(Symfony\\Component\\Console\\Output\\ConsoleOutput))
#30 /Applications/XAMPP/xamppfiles/htdocs/final-project-cloud-computing-b-cc-kelompok-8-boboiboy-kuasa-bug-gaib/Nusatarawisata-kaltim/artisan(16): Illuminate\\Foundation\\Application->handleCommand(Object(Symfony\\Component\\Console\\Input\\ArgvInput))
#31 {main}

[previous exception] [object] (PDOException(code: 7): SQLSTATE[08006] [7] could not translate host name \"db.hromnfbnrwofzdefwiim.pooler.supabase.com\" to address: nodename nor servname provided, or not known at /Applications/XAMPP/xamppfiles/htdocs/final-project-cloud-computing-b-cc-kelompok-8-boboiboy-kuasa-bug-gaib/Nusatarawisata-kaltim/vendor/laravel/framework/src/Illuminate/Database/Connectors/Connector.php:66)
[stacktrace]
#0 /Applications/XAMPP/xamppfiles/htdocs/final-project-cloud-computing-b-cc-kelompok-8-boboiboy-kuasa-bug-gaib/Nusatarawisata-kaltim/vendor/laravel/framework/src/Illuminate/Database/Connectors/Connector.php(66): PDO->__construct('pgsql:host=db.h...', 'postgres', Object(SensitiveParameterValue), Array)
#1 /Applications/XAMPP/xamppfiles/htdocs/final-project-cloud-computing-b-cc-kelompok-8-boboiboy-kuasa-bug-gaib/Nusatarawisata-kaltim/vendor/laravel/framework/src/Illuminate/Database/Connectors/Connector.php(85): Illuminate\\Database\\Connectors\\Connector->createPdoConnection('pgsql:host=db.h...', 'postgres', Object(SensitiveParameterValue), Array)
#2 /Applications/XAMPP/xamppfiles/htdocs/final-project-cloud-computing-b-cc-kelompok-8-boboiboy-kuasa-bug-gaib/Nusatarawisata-kaltim/vendor/laravel/framework/src/Illuminate/Database/Connectors/Connector.php(48): Illuminate\\Database\\Connectors\\Connector->tryAgainIfCausedByLostConnection(Object(PDOException), 'pgsql:host=db.h...', 'postgres', Object(SensitiveParameterValue), Array)
#3 /Applications/XAMPP/xamppfiles/htdocs/final-project-cloud-computing-b-cc-kelompok-8-boboiboy-kuasa-bug-gaib/Nusatarawisata-kaltim/vendor/laravel/framework/src/Illuminate/Database/Connectors/PostgresConnector.php(35): Illuminate\\Database\\Connectors\\Connector->createConnection('pgsql:host=db.h...', Array, Array)
#4 /Applications/XAMPP/xamppfiles/htdocs/final-project-cloud-computing-b-cc-kelompok-8-boboiboy-kuasa-bug-gaib/Nusatarawisata-kaltim/vendor/laravel/framework/src/Illuminate/Database/Connectors/ConnectionFactory.php(184): Illuminate\\Database\\Connectors\\PostgresConnector->connect(Array)
#5 [internal function]: Illuminate\\Database\\Connectors\\ConnectionFactory->Illuminate\\Database\\Connectors\\{closure}()
#6 /Applications/XAMPP/xamppfiles/htdocs/final-project-cloud-computing-b-cc-kelompok-8-boboiboy-kuasa-bug-gaib/Nusatarawisata-kaltim/vendor/laravel/framework/src/Illuminate/Database/Connection.php(1234): call_user_func(Object(Closure))
#7 /Applications/XAMPP/xamppfiles/htdocs/final-project-cloud-computing-b-cc-kelompok-8-boboiboy-kuasa-bug-gaib/Nusatarawisata-kaltim/vendor/laravel/framework/src/Illuminate/Database/Connection.php(1270): Illuminate\\Database\\Connection->getPdo()
#8 /Applications/XAMPP/xamppfiles/htdocs/final-project-cloud-computing-b-cc-kelompok-8-boboiboy-kuasa-bug-gaib/Nusatarawisata-kaltim/vendor/laravel/framework/src/Illuminate/Database/Connection.php(511): Illuminate\\Database\\Connection->getReadPdo()
#9 /Applications/XAMPP/xamppfiles/htdocs/final-project-cloud-computing-b-cc-kelompok-8-boboiboy-kuasa-bug-gaib/Nusatarawisata-kaltim/vendor/laravel/framework/src/Illuminate/Database/Connection.php(406): Illuminate\\Database\\Connection->getPdoForSelect(true)
#10 /Applications/XAMPP/xamppfiles/htdocs/final-project-cloud-computing-b-cc-kelompok-8-boboiboy-kuasa-bug-gaib/Nusatarawisata-kaltim/vendor/laravel/framework/src/Illuminate/Database/Connection.php(811): Illuminate\\Database\\Connection->Illuminate\\Database\\{closure}('select exists (...', Array)
#11 /Applications/XAMPP/xamppfiles/htdocs/final-project-cloud-computing-b-cc-kelompok-8-boboiboy-kuasa-bug-gaib/Nusatarawisata-kaltim/vendor/laravel/framework/src/Illuminate/Database/Connection.php(978): Illuminate\\Database\\Connection->runQueryCallback('select exists (...', Array, Object(Closure))
#12 /Applications/XAMPP/xamppfiles/htdocs/final-project-cloud-computing-b-cc-kelompok-8-boboiboy-kuasa-bug-gaib/Nusatarawisata-kaltim/vendor/laravel/framework/src/Illuminate/Database/Connection.php(957): Illuminate\\Database\\Connection->tryAgainIfCausedByLostConnection(Object(Illuminate\\Database\\QueryException), 'select exists (...', Array, Object(Closure))
#13 /Applications/XAMPP/xamppfiles/htdocs/final-project-cloud-computing-b-cc-kelompok-8-boboiboy-kuasa-bug-gaib/Nusatarawisata-kaltim/vendor/laravel/framework/src/Illuminate/Database/Connection.php(780): Illuminate\\Database\\Connection->handleQueryException(Object(Illuminate\\Database\\QueryException), 'select exists (...', Array, Object(Closure))
#14 /Applications/XAMPP/xamppfiles/htdocs/final-project-cloud-computing-b-cc-kelompok-8-boboiboy-kuasa-bug-gaib/Nusatarawisata-kaltim/vendor/laravel/framework/src/Illuminate/Database/Connection.php(397): Illuminate\\Database\\Connection->run('select exists (...', Array, Object(Closure))
#15 /Applications/XAMPP/xamppfiles/htdocs/final-project-cloud-computing-b-cc-kelompok-8-boboiboy-kuasa-bug-gaib/Nusatarawisata-kaltim/vendor/laravel/framework/src/Illuminate/Database/Connection.php(343): Illuminate\\Database\\Connection->select('select exists (...', Array, true)
#16 /Applications/XAMPP/xamppfiles/htdocs/final-project-cloud-computing-b-cc-kelompok-8-boboiboy-kuasa-bug-gaib/Nusatarawisata-kaltim/vendor/laravel/framework/src/Illuminate/Database/Connection.php(360): Illuminate\\Database\\Connection->selectOne('select exists (...', Array, true)
#17 /Applications/XAMPP/xamppfiles/htdocs/final-project-cloud-computing-b-cc-kelompok-8-boboiboy-kuasa-bug-gaib/Nusatarawisata-kaltim/vendor/laravel/framework/src/Illuminate/Database/Schema/Builder.php(174): Illuminate\\Database\\Connection->scalar('select exists (...')
#18 /Applications/XAMPP/xamppfiles/htdocs/final-project-cloud-computing-b-cc-kelompok-8-boboiboy-kuasa-bug-gaib/Nusatarawisata-kaltim/vendor/laravel/framework/src/Illuminate/Database/Migrations/DatabaseMigrationRepository.php(185): Illuminate\\Database\\Schema\\Builder->hasTable('migrations')
#19 /Applications/XAMPP/xamppfiles/htdocs/final-project-cloud-computing-b-cc-kelompok-8-boboiboy-kuasa-bug-gaib/Nusatarawisata-kaltim/vendor/laravel/framework/src/Illuminate/Database/Migrations/Migrator.php(753): Illuminate\\Database\\Migrations\\DatabaseMigrationRepository->repositoryExists()
#20 /Applications/XAMPP/xamppfiles/htdocs/final-project-cloud-computing-b-cc-kelompok-8-boboiboy-kuasa-bug-gaib/Nusatarawisata-kaltim/vendor/laravel/framework/src/Illuminate/Database/Console/Migrations/MigrateCommand.php(164): Illuminate\\Database\\Migrations\\Migrator->repositoryExists()
#21 /Applications/XAMPP/xamppfiles/htdocs/final-project-cloud-computing-b-cc-kelompok-8-boboiboy-kuasa-bug-gaib/Nusatarawisata-kaltim/vendor/laravel/framework/src/Illuminate/Support/helpers.php(329): Illuminate\\Database\\Console\\Migrations\\MigrateCommand->Illuminate\\Database\\Console\\Migrations\\{closure}(1)
#22 /Applications/XAMPP/xamppfiles/htdocs/final-project-cloud-computing-b-cc-kelompok-8-boboiboy-kuasa-bug-gaib/Nusatarawisata-kaltim/vendor/laravel/framework/src/Illuminate/Database/Console/Migrations/MigrateCommand.php(164): retry(1, Object(Closure), 0, Object(Closure))
#23 /Applications/XAMPP/xamppfiles/htdocs/final-project-cloud-computing-b-cc-kelompok-8-boboiboy-kuasa-bug-gaib/Nusatarawisata-kaltim/vendor/laravel/framework/src/Illuminate/Database/Console/Migrations/MigrateCommand.php(140): Illuminate\\Database\\Console\\Migrations\\MigrateCommand->repositoryExists()
#24 /Applications/XAMPP/xamppfiles/htdocs/final-project-cloud-computing-b-cc-kelompok-8-boboiboy-kuasa-bug-gaib/Nusatarawisata-kaltim/vendor/laravel/framework/src/Illuminate/Database/Console/Migrations/MigrateCommand.php(110): Illuminate\\Database\\Console\\Migrations\\MigrateCommand->prepareDatabase()
#25 /Applications/XAMPP/xamppfiles/htdocs/final-project-cloud-computing-b-cc-kelompok-8-boboiboy-kuasa-bug-gaib/Nusatarawisata-kaltim/vendor/laravel/framework/src/Illuminate/Database/Migrations/Migrator.php(666): Illuminate\\Database\\Console\\Migrations\\MigrateCommand->Illuminate\\Database\\Console\\Migrations\\{closure}()
#26 /Applications/XAMPP/xamppfiles/htdocs/final-project-cloud-computing-b-cc-kelompok-8-boboiboy-kuasa-bug-gaib/Nusatarawisata-kaltim/vendor/laravel/framework/src/Illuminate/Database/Console/Migrations/MigrateCommand.php(109): Illuminate\\Database\\Migrations\\Migrator->usingConnection(NULL, Object(Closure))
#27 /Applications/XAMPP/xamppfiles/htdocs/final-project-cloud-computing-b-cc-kelompok-8-boboiboy-kuasa-bug-gaib/Nusatarawisata-kaltim/vendor/laravel/framework/src/Illuminate/Database/Console/Migrations/MigrateCommand.php(88): Illuminate\\Database\\Console\\Migrations\\MigrateCommand->runMigrations()
#28 /Applications/XAMPP/xamppfiles/htdocs/final-project-cloud-computing-b-cc-kelompok-8-boboiboy-kuasa-bug-gaib/Nusatarawisata-kaltim/vendor/laravel/framework/src/Illuminate/Container/BoundMethod.php(36): Illuminate\\Database\\Console\\Migrations\\MigrateCommand->handle()
#29 /Applications/XAMPP/xamppfiles/htdocs/final-project-cloud-computing-b-cc-kelompok-8-boboiboy-kuasa-bug-gaib/Nusatarawisata-kaltim/vendor/laravel/framework/src/Illuminate/Container/Util.php(43): Illuminate\\Container\\BoundMethod::Illuminate\\Container\\{closure}()
#30 /Applications/XAMPP/xamppfiles/htdocs/final-project-cloud-computing-b-cc-kelompok-8-boboiboy-kuasa-bug-gaib/Nusatarawisata-kaltim/vendor/laravel/framework/src/Illuminate/Container/BoundMethod.php(96): Illuminate\\Container\\Util::unwrapIfClosure(Object(Closure))
#31 /Applications/XAMPP/xamppfiles/htdocs/final-project-cloud-computing-b-cc-kelompok-8-boboiboy-kuasa-bug-gaib/Nusatarawisata-kaltim/vendor/laravel/framework/src/Illuminate/Container/BoundMethod.php(35): Illuminate\\Container\\BoundMethod::callBoundMethod(Object(Illuminate\\Foundation\\Application), Array, Object(Closure))
#32 /Applications/XAMPP/xamppfiles/htdocs/final-project-cloud-computing-b-cc-kelompok-8-boboiboy-kuasa-bug-gaib/Nusatarawisata-kaltim/vendor/laravel/framework/src/Illuminate/Container/Container.php(836): Illuminate\\Container\\BoundMethod::call(Object(Illuminate\\Foundation\\Application), Array, Array, NULL)
#33 /Applications/XAMPP/xamppfiles/htdocs/final-project-cloud-computing-b-cc-kelompok-8-boboiboy-kuasa-bug-gaib/Nusatarawisata-kaltim/vendor/laravel/framework/src/Illuminate/Console/Command.php(211): Illuminate\\Container\\Container->call(Array)
#34 /Applications/XAMPP/xamppfiles/htdocs/final-project-cloud-computing-b-cc-kelompok-8-boboiboy-kuasa-bug-gaib/Nusatarawisata-kaltim/vendor/symfony/console/Command/Command.php(318): Illuminate\\Console\\Command->execute(Object(Symfony\\Component\\Console\\Input\\ArgvInput), Object(Illuminate\\Console\\OutputStyle))
#35 /Applications/XAMPP/xamppfiles/htdocs/final-project-cloud-computing-b-cc-kelompok-8-boboiboy-kuasa-bug-gaib/Nusatarawisata-kaltim/vendor/laravel/framework/src/Illuminate/Console/Command.php(180): Symfony\\Component\\Console\\Command\\Command->run(Object(Symfony\\Component\\Console\\Input\\ArgvInput), Object(Illuminate\\Console\\OutputStyle))
#36 /Applications/XAMPP/xamppfiles/htdocs/final-project-cloud-computing-b-cc-kelompok-8-boboiboy-kuasa-bug-gaib/Nusatarawisata-kaltim/vendor/symfony/console/Application.php(1073): Illuminate\\Console\\Command->run(Object(Symfony\\Component\\Console\\Input\\ArgvInput), Object(Symfony\\Component\\Console\\Output\\ConsoleOutput))
#37 /Applications/XAMPP/xamppfiles/htdocs/final-project-cloud-computing-b-cc-kelompok-8-boboiboy-kuasa-bug-gaib/Nusatarawisata-kaltim/vendor/symfony/console/Application.php(356): Symfony\\Component\\Console\\Application->doRunCommand(Object(Illuminate\\Database\\Console\\Migrations\\MigrateCommand), Object(Symfony\\Component\\Console\\Input\\ArgvInput), Object(Symfony\\Component\\Console\\Output\\ConsoleOutput))
#38 /Applications/XAMPP/xamppfiles/htdocs/final-project-cloud-computing-b-cc-kelompok-8-boboiboy-kuasa-bug-gaib/Nusatarawisata-kaltim/vendor/symfony/console/Application.php(195): Symfony\\Component\\Console\\Application->doRun(Object(Symfony\\Component\\Console\\Input\\ArgvInput), Object(Symfony\\Component\\Console\\Output\\ConsoleOutput))
#39 /Applications/XAMPP/xamppfiles/htdocs/final-project-cloud-computing-b-cc-kelompok-8-boboiboy-kuasa-bug-gaib/Nusatarawisata-kaltim/vendor/laravel/framework/src/Illuminate/Foundation/Console/Kernel.php(197): Symfony\\Component\\Console\\Application->run(Object(Symfony\\Component\\Console\\Input\\ArgvInput), Object(Symfony\\Component\\Console\\Output\\ConsoleOutput))
#40 /Applications/XAMPP/xamppfiles/htdocs/final-project-cloud-computing-b-cc-kelompok-8-boboiboy-kuasa-bug-gaib/Nusatarawisata-kaltim/vendor/laravel/framework/src/Illuminate/Foundation/Application.php(1235): Illuminate\\Foundation\\Console\\Kernel->handle(Object(Symfony\\Component\\Console\\Input\\ArgvInput), Object(Symfony\\Component\\Console\\Output\\ConsoleOutput))
#41 /Applications/XAMPP/xamppfiles/htdocs/final-project-cloud-computing-b-cc-kelompok-8-boboiboy-kuasa-bug-gaib/Nusatarawisata-kaltim/artisan(16): Illuminate\\Foundation\\Application->handleCommand(Object(Symfony\\Component\\Console\\Input\\ArgvInput))
#42 {main}
"} 
[2025-10-28 17:27:01] local.ERROR: SQLSTATE[08006] [7] could not translate host name "db.hromnfbnrwofzdefwiim.supabase.co" to address: nodename nor servname provided, or not known (Connection: pgsql, SQL: select exists (select 1 from pg_class c, pg_namespace n where n.nspname = current_schema() and c.relname = 'migrations' and c.relkind in ('r', 'p') and n.oid = c.relnamespace)) {"exception":"[object] (Illuminate\\Database\\QueryException(code: 7): SQLSTATE[08006] [7] could not translate host name \"db.hromnfbnrwofzdefwiim.supabase.co\" to address: nodename nor servname provided, or not known (Connection: pgsql, SQL: select exists (select 1 from pg_class c, pg_namespace n where n.nspname = current_schema() and c.relname = 'migrations' and c.relkind in ('r', 'p') and n.oid = c.relnamespace)) at /Applications/XAMPP/xamppfiles/htdocs/final-project-cloud-computing-b-cc-kelompok-8-boboiboy-kuasa-bug-gaib/Nusatarawisata-kaltim/vendor/laravel/framework/src/Illuminate/Database/Connection.php:824)
[stacktrace]
#0 /Applications/XAMPP/xamppfiles/htdocs/final-project-cloud-computing-b-cc-kelompok-8-boboiboy-kuasa-bug-gaib/Nusatarawisata-kaltim/vendor/laravel/framework/src/Illuminate/Database/Connection.php(978): Illuminate\\Database\\Connection->runQueryCallback('select exists (...', Array, Object(Closure))
#1 /Applications/XAMPP/xamppfiles/htdocs/final-project-cloud-computing-b-cc-kelompok-8-boboiboy-kuasa-bug-gaib/Nusatarawisata-kaltim/vendor/laravel/framework/src/Illuminate/Database/Connection.php(957): Illuminate\\Database\\Connection->tryAgainIfCausedByLostConnection(Object(Illuminate\\Database\\QueryException), 'select exists (...', Array, Object(Closure))
#2 /Applications/XAMPP/xamppfiles/htdocs/final-project-cloud-computing-b-cc-kelompok-8-boboiboy-kuasa-bug-gaib/Nusatarawisata-kaltim/vendor/laravel/framework/src/Illuminate/Database/Connection.php(780): Illuminate\\Database\\Connection->handleQueryException(Object(Illuminate\\Database\\QueryException), 'select exists (...', Array, Object(Closure))
#3 /Applications/XAMPP/xamppfiles/htdocs/final-project-cloud-computing-b-cc-kelompok-8-boboiboy-kuasa-bug-gaib/Nusatarawisata-kaltim/vendor/laravel/framework/src/Illuminate/Database/Connection.php(397): Illuminate\\Database\\Connection->run('select exists (...', Array, Object(Closure))
#4 /Applications/XAMPP/xamppfiles/htdocs/final-project-cloud-computing-b-cc-kelompok-8-boboiboy-kuasa-bug-gaib/Nusatarawisata-kaltim/vendor/laravel/framework/src/Illuminate/Database/Connection.php(343): Illuminate\\Database\\Connection->select('select exists (...', Array, true)
#5 /Applications/XAMPP/xamppfiles/htdocs/final-project-cloud-computing-b-cc-kelompok-8-boboiboy-kuasa-bug-gaib/Nusatarawisata-kaltim/vendor/laravel/framework/src/Illuminate/Database/Connection.php(360): Illuminate\\Database\\Connection->selectOne('select exists (...', Array, true)
#6 /Applications/XAMPP/xamppfiles/htdocs/final-project-cloud-computing-b-cc-kelompok-8-boboiboy-kuasa-bug-gaib/Nusatarawisata-kaltim/vendor/laravel/framework/src/Illuminate/Database/Schema/Builder.php(174): Illuminate\\Database\\Connection->scalar('select exists (...')
#7 /Applications/XAMPP/xamppfiles/htdocs/final-project-cloud-computing-b-cc-kelompok-8-boboiboy-kuasa-bug-gaib/Nusatarawisata-kaltim/vendor/laravel/framework/src/Illuminate/Database/Migrations/DatabaseMigrationRepository.php(185): Illuminate\\Database\\Schema\\Builder->hasTable('migrations')
#8 /Applications/XAMPP/xamppfiles/htdocs/final-project-cloud-computing-b-cc-kelompok-8-boboiboy-kuasa-bug-gaib/Nusatarawisata-kaltim/vendor/laravel/framework/src/Illuminate/Database/Migrations/Migrator.php(753): Illuminate\\Database\\Migrations\\DatabaseMigrationRepository->repositoryExists()
#9 /Applications/XAMPP/xamppfiles/htdocs/final-project-cloud-computing-b-cc-kelompok-8-boboiboy-kuasa-bug-gaib/Nusatarawisata-kaltim/vendor/laravel/framework/src/Illuminate/Database/Console/Migrations/MigrateCommand.php(164): Illuminate\\Database\\Migrations\\Migrator->repositoryExists()
#10 /Applications/XAMPP/xamppfiles/htdocs/final-project-cloud-computing-b-cc-kelompok-8-boboiboy-kuasa-bug-gaib/Nusatarawisata-kaltim/vendor/laravel/framework/src/Illuminate/Support/helpers.php(329): Illuminate\\Database\\Console\\Migrations\\MigrateCommand->Illuminate\\Database\\Console\\Migrations\\{closure}(1)
#11 /Applications/XAMPP/xamppfiles/htdocs/final-project-cloud-computing-b-cc-kelompok-8-boboiboy-kuasa-bug-gaib/Nusatarawisata-kaltim/vendor/laravel/framework/src/Illuminate/Database/Console/Migrations/MigrateCommand.php(164): retry(1, Object(Closure), 0, Object(Closure))
#12 /Applications/XAMPP/xamppfiles/htdocs/final-project-cloud-computing-b-cc-kelompok-8-boboiboy-kuasa-bug-gaib/Nusatarawisata-kaltim/vendor/laravel/framework/src/Illuminate/Database/Console/Migrations/MigrateCommand.php(140): Illuminate\\Database\\Console\\Migrations\\MigrateCommand->repositoryExists()
#13 /Applications/XAMPP/xamppfiles/htdocs/final-project-cloud-computing-b-cc-kelompok-8-boboiboy-kuasa-bug-gaib/Nusatarawisata-kaltim/vendor/laravel/framework/src/Illuminate/Database/Console/Migrations/MigrateCommand.php(110): Illuminate\\Database\\Console\\Migrations\\MigrateCommand->prepareDatabase()
#14 /Applications/XAMPP/xamppfiles/htdocs/final-project-cloud-computing-b-cc-kelompok-8-boboiboy-kuasa-bug-gaib/Nusatarawisata-kaltim/vendor/laravel/framework/src/Illuminate/Database/Migrations/Migrator.php(666): Illuminate\\Database\\Console\\Migrations\\MigrateCommand->Illuminate\\Database\\Console\\Migrations\\{closure}()
#15 /Applications/XAMPP/xamppfiles/htdocs/final-project-cloud-computing-b-cc-kelompok-8-boboiboy-kuasa-bug-gaib/Nusatarawisata-kaltim/vendor/laravel/framework/src/Illuminate/Database/Console/Migrations/MigrateCommand.php(109): Illuminate\\Database\\Migrations\\Migrator->usingConnection(NULL, Object(Closure))
#16 /Applications/XAMPP/xamppfiles/htdocs/final-project-cloud-computing-b-cc-kelompok-8-boboiboy-kuasa-bug-gaib/Nusatarawisata-kaltim/vendor/laravel/framework/src/Illuminate/Database/Console/Migrations/MigrateCommand.php(88): Illuminate\\Database\\Console\\Migrations\\MigrateCommand->runMigrations()
#17 /Applications/XAMPP/xamppfiles/htdocs/final-project-cloud-computing-b-cc-kelompok-8-boboiboy-kuasa-bug-gaib/Nusatarawisata-kaltim/vendor/laravel/framework/src/Illuminate/Container/BoundMethod.php(36): Illuminate\\Database\\Console\\Migrations\\MigrateCommand->handle()
#18 /Applications/XAMPP/xamppfiles/htdocs/final-project-cloud-computing-b-cc-kelompok-8-boboiboy-kuasa-bug-gaib/Nusatarawisata-kaltim/vendor/laravel/framework/src/Illuminate/Container/Util.php(43): Illuminate\\Container\\BoundMethod::Illuminate\\Container\\{closure}()
#19 /Applications/XAMPP/xamppfiles/htdocs/final-project-cloud-computing-b-cc-kelompok-8-boboiboy-kuasa-bug-gaib/Nusatarawisata-kaltim/vendor/laravel/framework/src/Illuminate/Container/BoundMethod.php(96): Illuminate\\Container\\Util::unwrapIfClosure(Object(Closure))
#20 /Applications/XAMPP/xamppfiles/htdocs/final-project-cloud-computing-b-cc-kelompok-8-boboiboy-kuasa-bug-gaib/Nusatarawisata-kaltim/vendor/laravel/framework/src/Illuminate/Container/BoundMethod.php(35): Illuminate\\Container\\BoundMethod::callBoundMethod(Object(Illuminate\\Foundation\\Application), Array, Object(Closure))
#21 /Applications/XAMPP/xamppfiles/htdocs/final-project-cloud-computing-b-cc-kelompok-8-boboiboy-kuasa-bug-gaib/Nusatarawisata-kaltim/vendor/laravel/framework/src/Illuminate/Container/Container.php(836): Illuminate\\Container\\BoundMethod::call(Object(Illuminate\\Foundation\\Application), Array, Array, NULL)
#22 /Applications/XAMPP/xamppfiles/htdocs/final-project-cloud-computing-b-cc-kelompok-8-boboiboy-kuasa-bug-gaib/Nusatarawisata-kaltim/vendor/laravel/framework/src/Illuminate/Console/Command.php(211): Illuminate\\Container\\Container->call(Array)
#23 /Applications/XAMPP/xamppfiles/htdocs/final-project-cloud-computing-b-cc-kelompok-8-boboiboy-kuasa-bug-gaib/Nusatarawisata-kaltim/vendor/symfony/console/Command/Command.php(318): Illuminate\\Console\\Command->execute(Object(Symfony\\Component\\Console\\Input\\ArgvInput), Object(Illuminate\\Console\\OutputStyle))
#24 /Applications/XAMPP/xamppfiles/htdocs/final-project-cloud-computing-b-cc-kelompok-8-boboiboy-kuasa-bug-gaib/Nusatarawisata-kaltim/vendor/laravel/framework/src/Illuminate/Console/Command.php(180): Symfony\\Component\\Console\\Command\\Command->run(Object(Symfony\\Component\\Console\\Input\\ArgvInput), Object(Illuminate\\Console\\OutputStyle))
#25 /Applications/XAMPP/xamppfiles/htdocs/final-project-cloud-computing-b-cc-kelompok-8-boboiboy-kuasa-bug-gaib/Nusatarawisata-kaltim/vendor/symfony/console/Application.php(1073): Illuminate\\Console\\Command->run(Object(Symfony\\Component\\Console\\Input\\ArgvInput), Object(Symfony\\Component\\Console\\Output\\ConsoleOutput))
#26 /Applications/XAMPP/xamppfiles/htdocs/final-project-cloud-computing-b-cc-kelompok-8-boboiboy-kuasa-bug-gaib/Nusatarawisata-kaltim/vendor/symfony/console/Application.php(356): Symfony\\Component\\Console\\Application->doRunCommand(Object(Illuminate\\Database\\Console\\Migrations\\MigrateCommand), Object(Symfony\\Component\\Console\\Input\\ArgvInput), Object(Symfony\\Component\\Console\\Output\\ConsoleOutput))
#27 /Applications/XAMPP/xamppfiles/htdocs/final-project-cloud-computing-b-cc-kelompok-8-boboiboy-kuasa-bug-gaib/Nusatarawisata-kaltim/vendor/symfony/console/Application.php(195): Symfony\\Component\\Console\\Application->doRun(Object(Symfony\\Component\\Console\\Input\\ArgvInput), Object(Symfony\\Component\\Console\\Output\\ConsoleOutput))
#28 /Applications/XAMPP/xamppfiles/htdocs/final-project-cloud-computing-b-cc-kelompok-8-boboiboy-kuasa-bug-gaib/Nusatarawisata-kaltim/vendor/laravel/framework/src/Illuminate/Foundation/Console/Kernel.php(197): Symfony\\Component\\Console\\Application->run(Object(Symfony\\Component\\Console\\Input\\ArgvInput), Object(Symfony\\Component\\Console\\Output\\ConsoleOutput))
#29 /Applications/XAMPP/xamppfiles/htdocs/final-project-cloud-computing-b-cc-kelompok-8-boboiboy-kuasa-bug-gaib/Nusatarawisata-kaltim/vendor/laravel/framework/src/Illuminate/Foundation/Application.php(1235): Illuminate\\Foundation\\Console\\Kernel->handle(Object(Symfony\\Component\\Console\\Input\\ArgvInput), Object(Symfony\\Component\\Console\\Output\\ConsoleOutput))
#30 /Applications/XAMPP/xamppfiles/htdocs/final-project-cloud-computing-b-cc-kelompok-8-boboiboy-kuasa-bug-gaib/Nusatarawisata-kaltim/artisan(16): Illuminate\\Foundation\\Application->handleCommand(Object(Symfony\\Component\\Console\\Input\\ArgvInput))
#31 {main}

[previous exception] [object] (PDOException(code: 7): SQLSTATE[08006] [7] could not translate host name \"db.hromnfbnrwofzdefwiim.supabase.co\" to address: nodename nor servname provided, or not known at /Applications/XAMPP/xamppfiles/htdocs/final-project-cloud-computing-b-cc-kelompok-8-boboiboy-kuasa-bug-gaib/Nusatarawisata-kaltim/vendor/laravel/framework/src/Illuminate/Database/Connectors/Connector.php:66)
[stacktrace]
#0 /Applications/XAMPP/xamppfiles/htdocs/final-project-cloud-computing-b-cc-kelompok-8-boboiboy-kuasa-bug-gaib/Nusatarawisata-kaltim/vendor/laravel/framework/src/Illuminate/Database/Connectors/Connector.php(66): PDO->__construct('pgsql:host=db.h...', 'postgres.hromnf...', Object(SensitiveParameterValue), Array)
#1 /Applications/XAMPP/xamppfiles/htdocs/final-project-cloud-computing-b-cc-kelompok-8-boboiboy-kuasa-bug-gaib/Nusatarawisata-kaltim/vendor/laravel/framework/src/Illuminate/Database/Connectors/Connector.php(85): Illuminate\\Database\\Connectors\\Connector->createPdoConnection('pgsql:host=db.h...', 'postgres.hromnf...', Object(SensitiveParameterValue), Array)
#2 /Applications/XAMPP/xamppfiles/htdocs/final-project-cloud-computing-b-cc-kelompok-8-boboiboy-kuasa-bug-gaib/Nusatarawisata-kaltim/vendor/laravel/framework/src/Illuminate/Database/Connectors/Connector.php(48): Illuminate\\Database\\Connectors\\Connector->tryAgainIfCausedByLostConnection(Object(PDOException), 'pgsql:host=db.h...', 'postgres.hromnf...', Object(SensitiveParameterValue), Array)
#3 /Applications/XAMPP/xamppfiles/htdocs/final-project-cloud-computing-b-cc-kelompok-8-boboiboy-kuasa-bug-gaib/Nusatarawisata-kaltim/vendor/laravel/framework/src/Illuminate/Database/Connectors/PostgresConnector.php(35): Illuminate\\Database\\Connectors\\Connector->createConnection('pgsql:host=db.h...', Array, Array)
#4 /Applications/XAMPP/xamppfiles/htdocs/final-project-cloud-computing-b-cc-kelompok-8-boboiboy-kuasa-bug-gaib/Nusatarawisata-kaltim/vendor/laravel/framework/src/Illuminate/Database/Connectors/ConnectionFactory.php(184): Illuminate\\Database\\Connectors\\PostgresConnector->connect(Array)
#5 [internal function]: Illuminate\\Database\\Connectors\\ConnectionFactory->Illuminate\\Database\\Connectors\\{closure}()
#6 /Applications/XAMPP/xamppfiles/htdocs/final-project-cloud-computing-b-cc-kelompok-8-boboiboy-kuasa-bug-gaib/Nusatarawisata-kaltim/vendor/laravel/framework/src/Illuminate/Database/Connection.php(1234): call_user_func(Object(Closure))
#7 /Applications/XAMPP/xamppfiles/htdocs/final-project-cloud-computing-b-cc-kelompok-8-boboiboy-kuasa-bug-gaib/Nusatarawisata-kaltim/vendor/laravel/framework/src/Illuminate/Database/Connection.php(1270): Illuminate\\Database\\Connection->getPdo()
#8 /Applications/XAMPP/xamppfiles/htdocs/final-project-cloud-computing-b-cc-kelompok-8-boboiboy-kuasa-bug-gaib/Nusatarawisata-kaltim/vendor/laravel/framework/src/Illuminate/Database/Connection.php(511): Illuminate\\Database\\Connection->getReadPdo()
#9 /Applications/XAMPP/xamppfiles/htdocs/final-project-cloud-computing-b-cc-kelompok-8-boboiboy-kuasa-bug-gaib/Nusatarawisata-kaltim/vendor/laravel/framework/src/Illuminate/Database/Connection.php(406): Illuminate\\Database\\Connection->getPdoForSelect(true)
#10 /Applications/XAMPP/xamppfiles/htdocs/final-project-cloud-computing-b-cc-kelompok-8-boboiboy-kuasa-bug-gaib/Nusatarawisata-kaltim/vendor/laravel/framework/src/Illuminate/Database/Connection.php(811): Illuminate\\Database\\Connection->Illuminate\\Database\\{closure}('select exists (...', Array)
#11 /Applications/XAMPP/xamppfiles/htdocs/final-project-cloud-computing-b-cc-kelompok-8-boboiboy-kuasa-bug-gaib/Nusatarawisata-kaltim/vendor/laravel/framework/src/Illuminate/Database/Connection.php(978): Illuminate\\Database\\Connection->runQueryCallback('select exists (...', Array, Object(Closure))
#12 /Applications/XAMPP/xamppfiles/htdocs/final-project-cloud-computing-b-cc-kelompok-8-boboiboy-kuasa-bug-gaib/Nusatarawisata-kaltim/vendor/laravel/framework/src/Illuminate/Database/Connection.php(957): Illuminate\\Database\\Connection->tryAgainIfCausedByLostConnection(Object(Illuminate\\Database\\QueryException), 'select exists (...', Array, Object(Closure))
#13 /Applications/XAMPP/xamppfiles/htdocs/final-project-cloud-computing-b-cc-kelompok-8-boboiboy-kuasa-bug-gaib/Nusatarawisata-kaltim/vendor/laravel/framework/src/Illuminate/Database/Connection.php(780): Illuminate\\Database\\Connection->handleQueryException(Object(Illuminate\\Database\\QueryException), 'select exists (...', Array, Object(Closure))
#14 /Applications/XAMPP/xamppfiles/htdocs/final-project-cloud-computing-b-cc-kelompok-8-boboiboy-kuasa-bug-gaib/Nusatarawisata-kaltim/vendor/laravel/framework/src/Illuminate/Database/Connection.php(397): Illuminate\\Database\\Connection->run('select exists (...', Array, Object(Closure))
#15 /Applications/XAMPP/xamppfiles/htdocs/final-project-cloud-computing-b-cc-kelompok-8-boboiboy-kuasa-bug-gaib/Nusatarawisata-kaltim/vendor/laravel/framework/src/Illuminate/Database/Connection.php(343): Illuminate\\Database\\Connection->select('select exists (...', Array, true)
#16 /Applications/XAMPP/xamppfiles/htdocs/final-project-cloud-computing-b-cc-kelompok-8-boboiboy-kuasa-bug-gaib/Nusatarawisata-kaltim/vendor/laravel/framework/src/Illuminate/Database/Connection.php(360): Illuminate\\Database\\Connection->selectOne('select exists (...', Array, true)
#17 /Applications/XAMPP/xamppfiles/htdocs/final-project-cloud-computing-b-cc-kelompok-8-boboiboy-kuasa-bug-gaib/Nusatarawisata-kaltim/vendor/laravel/framework/src/Illuminate/Database/Schema/Builder.php(174): Illuminate\\Database\\Connection->scalar('select exists (...')
#18 /Applications/XAMPP/xamppfiles/htdocs/final-project-cloud-computing-b-cc-kelompok-8-boboiboy-kuasa-bug-gaib/Nusatarawisata-kaltim/vendor/laravel/framework/src/Illuminate/Database/Migrations/DatabaseMigrationRepository.php(185): Illuminate\\Database\\Schema\\Builder->hasTable('migrations')
#19 /Applications/XAMPP/xamppfiles/htdocs/final-project-cloud-computing-b-cc-kelompok-8-boboiboy-kuasa-bug-gaib/Nusatarawisata-kaltim/vendor/laravel/framework/src/Illuminate/Database/Migrations/Migrator.php(753): Illuminate\\Database\\Migrations\\DatabaseMigrationRepository->repositoryExists()
#20 /Applications/XAMPP/xamppfiles/htdocs/final-project-cloud-computing-b-cc-kelompok-8-boboiboy-kuasa-bug-gaib/Nusatarawisata-kaltim/vendor/laravel/framework/src/Illuminate/Database/Console/Migrations/MigrateCommand.php(164): Illuminate\\Database\\Migrations\\Migrator->repositoryExists()
#21 /Applications/XAMPP/xamppfiles/htdocs/final-project-cloud-computing-b-cc-kelompok-8-boboiboy-kuasa-bug-gaib/Nusatarawisata-kaltim/vendor/laravel/framework/src/Illuminate/Support/helpers.php(329): Illuminate\\Database\\Console\\Migrations\\MigrateCommand->Illuminate\\Database\\Console\\Migrations\\{closure}(1)
#22 /Applications/XAMPP/xamppfiles/htdocs/final-project-cloud-computing-b-cc-kelompok-8-boboiboy-kuasa-bug-gaib/Nusatarawisata-kaltim/vendor/laravel/framework/src/Illuminate/Database/Console/Migrations/MigrateCommand.php(164): retry(1, Object(Closure), 0, Object(Closure))
#23 /Applications/XAMPP/xamppfiles/htdocs/final-project-cloud-computing-b-cc-kelompok-8-boboiboy-kuasa-bug-gaib/Nusatarawisata-kaltim/vendor/laravel/framework/src/Illuminate/Database/Console/Migrations/MigrateCommand.php(140): Illuminate\\Database\\Console\\Migrations\\MigrateCommand->repositoryExists()
#24 /Applications/XAMPP/xamppfiles/htdocs/final-project-cloud-computing-b-cc-kelompok-8-boboiboy-kuasa-bug-gaib/Nusatarawisata-kaltim/vendor/laravel/framework/src/Illuminate/Database/Console/Migrations/MigrateCommand.php(110): Illuminate\\Database\\Console\\Migrations\\MigrateCommand->prepareDatabase()
#25 /Applications/XAMPP/xamppfiles/htdocs/final-project-cloud-computing-b-cc-kelompok-8-boboiboy-kuasa-bug-gaib/Nusatarawisata-kaltim/vendor/laravel/framework/src/Illuminate/Database/Migrations/Migrator.php(666): Illuminate\\Database\\Console\\Migrations\\MigrateCommand->Illuminate\\Database\\Console\\Migrations\\{closure}()
#26 /Applications/XAMPP/xamppfiles/htdocs/final-project-cloud-computing-b-cc-kelompok-8-boboiboy-kuasa-bug-gaib/Nusatarawisata-kaltim/vendor/laravel/framework/src/Illuminate/Database/Console/Migrations/MigrateCommand.php(109): Illuminate\\Database\\Migrations\\Migrator->usingConnection(NULL, Object(Closure))
#27 /Applications/XAMPP/xamppfiles/htdocs/final-project-cloud-computing-b-cc-kelompok-8-boboiboy-kuasa-bug-gaib/Nusatarawisata-kaltim/vendor/laravel/framework/src/Illuminate/Database/Console/Migrations/MigrateCommand.php(88): Illuminate\\Database\\Console\\Migrations\\MigrateCommand->runMigrations()
#28 /Applications/XAMPP/xamppfiles/htdocs/final-project-cloud-computing-b-cc-kelompok-8-boboiboy-kuasa-bug-gaib/Nusatarawisata-kaltim/vendor/laravel/framework/src/Illuminate/Container/BoundMethod.php(36): Illuminate\\Database\\Console\\Migrations\\MigrateCommand->handle()
#29 /Applications/XAMPP/xamppfiles/htdocs/final-project-cloud-computing-b-cc-kelompok-8-boboiboy-kuasa-bug-gaib/Nusatarawisata-kaltim/vendor/laravel/framework/src/Illuminate/Container/Util.php(43): Illuminate\\Container\\BoundMethod::Illuminate\\Container\\{closure}()
#30 /Applications/XAMPP/xamppfiles/htdocs/final-project-cloud-computing-b-cc-kelompok-8-boboiboy-kuasa-bug-gaib/Nusatarawisata-kaltim/vendor/laravel/framework/src/Illuminate/Container/BoundMethod.php(96): Illuminate\\Container\\Util::unwrapIfClosure(Object(Closure))
#31 /Applications/XAMPP/xamppfiles/htdocs/final-project-cloud-computing-b-cc-kelompok-8-boboiboy-kuasa-bug-gaib/Nusatarawisata-kaltim/vendor/laravel/framework/src/Illuminate/Container/BoundMethod.php(35): Illuminate\\Container\\BoundMethod::callBoundMethod(Object(Illuminate\\Foundation\\Application), Array, Object(Closure))
#32 /Applications/XAMPP/xamppfiles/htdocs/final-project-cloud-computing-b-cc-kelompok-8-boboiboy-kuasa-bug-gaib/Nusatarawisata-kaltim/vendor/laravel/framework/src/Illuminate/Container/Container.php(836): Illuminate\\Container\\BoundMethod::call(Object(Illuminate\\Foundation\\Application), Array, Array, NULL)
#33 /Applications/XAMPP/xamppfiles/htdocs/final-project-cloud-computing-b-cc-kelompok-8-boboiboy-kuasa-bug-gaib/Nusatarawisata-kaltim/vendor/laravel/framework/src/Illuminate/Console/Command.php(211): Illuminate\\Container\\Container->call(Array)
#34 /Applications/XAMPP/xamppfiles/htdocs/final-project-cloud-computing-b-cc-kelompok-8-boboiboy-kuasa-bug-gaib/Nusatarawisata-kaltim/vendor/symfony/console/Command/Command.php(318): Illuminate\\Console\\Command->execute(Object(Symfony\\Component\\Console\\Input\\ArgvInput), Object(Illuminate\\Console\\OutputStyle))
#35 /Applications/XAMPP/xamppfiles/htdocs/final-project-cloud-computing-b-cc-kelompok-8-boboiboy-kuasa-bug-gaib/Nusatarawisata-kaltim/vendor/laravel/framework/src/Illuminate/Console/Command.php(180): Symfony\\Component\\Console\\Command\\Command->run(Object(Symfony\\Component\\Console\\Input\\ArgvInput), Object(Illuminate\\Console\\OutputStyle))
#36 /Applications/XAMPP/xamppfiles/htdocs/final-project-cloud-computing-b-cc-kelompok-8-boboiboy-kuasa-bug-gaib/Nusatarawisata-kaltim/vendor/symfony/console/Application.php(1073): Illuminate\\Console\\Command->run(Object(Symfony\\Component\\Console\\Input\\ArgvInput), Object(Symfony\\Component\\Console\\Output\\ConsoleOutput))
#37 /Applications/XAMPP/xamppfiles/htdocs/final-project-cloud-computing-b-cc-kelompok-8-boboiboy-kuasa-bug-gaib/Nusatarawisata-kaltim/vendor/symfony/console/Application.php(356): Symfony\\Component\\Console\\Application->doRunCommand(Object(Illuminate\\Database\\Console\\Migrations\\MigrateCommand), Object(Symfony\\Component\\Console\\Input\\ArgvInput), Object(Symfony\\Component\\Console\\Output\\ConsoleOutput))
#38 /Applications/XAMPP/xamppfiles/htdocs/final-project-cloud-computing-b-cc-kelompok-8-boboiboy-kuasa-bug-gaib/Nusatarawisata-kaltim/vendor/symfony/console/Application.php(195): Symfony\\Component\\Console\\Application->doRun(Object(Symfony\\Component\\Console\\Input\\ArgvInput), Object(Symfony\\Component\\Console\\Output\\ConsoleOutput))
#39 /Applications/XAMPP/xamppfiles/htdocs/final-project-cloud-computing-b-cc-kelompok-8-boboiboy-kuasa-bug-gaib/Nusatarawisata-kaltim/vendor/laravel/framework/src/Illuminate/Foundation/Console/Kernel.php(197): Symfony\\Component\\Console\\Application->run(Object(Symfony\\Component\\Console\\Input\\ArgvInput), Object(Symfony\\Component\\Console\\Output\\ConsoleOutput))
#40 /Applications/XAMPP/xamppfiles/htdocs/final-project-cloud-computing-b-cc-kelompok-8-boboiboy-kuasa-bug-gaib/Nusatarawisata-kaltim/vendor/laravel/framework/src/Illuminate/Foundation/Application.php(1235): Illuminate\\Foundation\\Console\\Kernel->handle(Object(Symfony\\Component\\Console\\Input\\ArgvInput), Object(Symfony\\Component\\Console\\Output\\ConsoleOutput))
#41 /Applications/XAMPP/xamppfiles/htdocs/final-project-cloud-computing-b-cc-kelompok-8-boboiboy-kuasa-bug-gaib/Nusatarawisata-kaltim/artisan(16): Illuminate\\Foundation\\Application->handleCommand(Object(Symfony\\Component\\Console\\Input\\ArgvInput))
#42 {main}
"} 
[2025-10-28 17:42:14] local.ERROR: Unclosed '{' on line 24 {"exception":"[object] (ParseError(code: 0): Unclosed '{' on line 24 at /Applications/XAMPP/xamppfiles/htdocs/final-project-cloud-computing-b-cc-kelompok-8-boboiboy-kuasa-bug-gaib/Nusatarawisata-kaltim/routes/web.php:50)
[stacktrace]
#0 /Applications/XAMPP/xamppfiles/htdocs/final-project-cloud-computing-b-cc-kelompok-8-boboiboy-kuasa-bug-gaib/Nusatarawisata-kaltim/vendor/laravel/framework/src/Illuminate/Routing/Router.php(526): Illuminate\\Routing\\RouteFileRegistrar->register('/Applications/X...')
#1 /Applications/XAMPP/xamppfiles/htdocs/final-project-cloud-computing-b-cc-kelompok-8-boboiboy-kuasa-bug-gaib/Nusatarawisata-kaltim/vendor/laravel/framework/src/Illuminate/Routing/Router.php(480): Illuminate\\Routing\\Router->loadRoutes('/Applications/X...')
#2 /Applications/XAMPP/xamppfiles/htdocs/final-project-cloud-computing-b-cc-kelompok-8-boboiboy-kuasa-bug-gaib/Nusatarawisata-kaltim/vendor/laravel/framework/src/Illuminate/Routing/RouteRegistrar.php(212): Illuminate\\Routing\\Router->group(Array, '/Applications/X...')
#3 /Applications/XAMPP/xamppfiles/htdocs/final-project-cloud-computing-b-cc-kelompok-8-boboiboy-kuasa-bug-gaib/Nusatarawisata-kaltim/vendor/laravel/framework/src/Illuminate/Foundation/Configuration/ApplicationBuilder.php(248): Illuminate\\Routing\\RouteRegistrar->group('/Applications/X...')
#4 /Applications/XAMPP/xamppfiles/htdocs/final-project-cloud-computing-b-cc-kelompok-8-boboiboy-kuasa-bug-gaib/Nusatarawisata-kaltim/vendor/laravel/framework/src/Illuminate/Container/BoundMethod.php(36): Illuminate\\Foundation\\Configuration\\ApplicationBuilder->Illuminate\\Foundation\\Configuration\\{closure}()
#5 /Applications/XAMPP/xamppfiles/htdocs/final-project-cloud-computing-b-cc-kelompok-8-boboiboy-kuasa-bug-gaib/Nusatarawisata-kaltim/vendor/laravel/framework/src/Illuminate/Container/Util.php(43): Illuminate\\Container\\BoundMethod::Illuminate\\Container\\{closure}()
#6 /Applications/XAMPP/xamppfiles/htdocs/final-project-cloud-computing-b-cc-kelompok-8-boboiboy-kuasa-bug-gaib/Nusatarawisata-kaltim/vendor/laravel/framework/src/Illuminate/Container/BoundMethod.php(84): Illuminate\\Container\\Util::unwrapIfClosure(Object(Closure))
#7 /Applications/XAMPP/xamppfiles/htdocs/final-project-cloud-computing-b-cc-kelompok-8-boboiboy-kuasa-bug-gaib/Nusatarawisata-kaltim/vendor/laravel/framework/src/Illuminate/Container/BoundMethod.php(35): Illuminate\\Container\\BoundMethod::callBoundMethod(Object(Illuminate\\Foundation\\Application), Object(Closure), Object(Closure))
#8 /Applications/XAMPP/xamppfiles/htdocs/final-project-cloud-computing-b-cc-kelompok-8-boboiboy-kuasa-bug-gaib/Nusatarawisata-kaltim/vendor/laravel/framework/src/Illuminate/Container/Container.php(836): Illuminate\\Container\\BoundMethod::call(Object(Illuminate\\Foundation\\Application), Object(Closure), Array, NULL)
#9 /Applications/XAMPP/xamppfiles/htdocs/final-project-cloud-computing-b-cc-kelompok-8-boboiboy-kuasa-bug-gaib/Nusatarawisata-kaltim/vendor/laravel/framework/src/Illuminate/Foundation/Support/Providers/RouteServiceProvider.php(162): Illuminate\\Container\\Container->call(Object(Closure))
#10 /Applications/XAMPP/xamppfiles/htdocs/final-project-cloud-computing-b-cc-kelompok-8-boboiboy-kuasa-bug-gaib/Nusatarawisata-kaltim/vendor/laravel/framework/src/Illuminate/Foundation/Support/Providers/RouteServiceProvider.php(59): Illuminate\\Foundation\\Support\\Providers\\RouteServiceProvider->loadRoutes()
#11 /Applications/XAMPP/xamppfiles/htdocs/final-project-cloud-computing-b-cc-kelompok-8-boboiboy-kuasa-bug-gaib/Nusatarawisata-kaltim/vendor/laravel/framework/src/Illuminate/Container/BoundMethod.php(36): Illuminate\\Foundation\\Support\\Providers\\RouteServiceProvider->Illuminate\\Foundation\\Support\\Providers\\{closure}()
#12 /Applications/XAMPP/xamppfiles/htdocs/final-project-cloud-computing-b-cc-kelompok-8-boboiboy-kuasa-bug-gaib/Nusatarawisata-kaltim/vendor/laravel/framework/src/Illuminate/Container/Util.php(43): Illuminate\\Container\\BoundMethod::Illuminate\\Container\\{closure}()
#13 /Applications/XAMPP/xamppfiles/htdocs/final-project-cloud-computing-b-cc-kelompok-8-boboiboy-kuasa-bug-gaib/Nusatarawisata-kaltim/vendor/laravel/framework/src/Illuminate/Container/BoundMethod.php(84): Illuminate\\Container\\Util::unwrapIfClosure(Object(Closure))
#14 /Applications/XAMPP/xamppfiles/htdocs/final-project-cloud-computing-b-cc-kelompok-8-boboiboy-kuasa-bug-gaib/Nusatarawisata-kaltim/vendor/laravel/framework/src/Illuminate/Container/BoundMethod.php(35): Illuminate\\Container\\BoundMethod::callBoundMethod(Object(Illuminate\\Foundation\\Application), Object(Closure), Object(Closure))
#15 /Applications/XAMPP/xamppfiles/htdocs/final-project-cloud-computing-b-cc-kelompok-8-boboiboy-kuasa-bug-gaib/Nusatarawisata-kaltim/vendor/laravel/framework/src/Illuminate/Container/Container.php(836): Illuminate\\Container\\BoundMethod::call(Object(Illuminate\\Foundation\\Application), Object(Closure), Array, NULL)
#16 /Applications/XAMPP/xamppfiles/htdocs/final-project-cloud-computing-b-cc-kelompok-8-boboiboy-kuasa-bug-gaib/Nusatarawisata-kaltim/vendor/laravel/framework/src/Illuminate/Support/ServiceProvider.php(143): Illuminate\\Container\\Container->call(Object(Closure))
#17 /Applications/XAMPP/xamppfiles/htdocs/final-project-cloud-computing-b-cc-kelompok-8-boboiboy-kuasa-bug-gaib/Nusatarawisata-kaltim/vendor/laravel/framework/src/Illuminate/Foundation/Application.php(1154): Illuminate\\Support\\ServiceProvider->callBootedCallbacks()
#18 /Applications/XAMPP/xamppfiles/htdocs/final-project-cloud-computing-b-cc-kelompok-8-boboiboy-kuasa-bug-gaib/Nusatarawisata-kaltim/vendor/laravel/framework/src/Illuminate/Foundation/Application.php(1132): Illuminate\\Foundation\\Application->bootProvider(Object(Illuminate\\Foundation\\Support\\Providers\\RouteServiceProvider))
#19 [internal function]: Illuminate\\Foundation\\Application->Illuminate\\Foundation\\{closure}(Object(Illuminate\\Foundation\\Support\\Providers\\RouteServiceProvider), 'Illuminate\\\\Foun...')
#20 /Applications/XAMPP/xamppfiles/htdocs/final-project-cloud-computing-b-cc-kelompok-8-boboiboy-kuasa-bug-gaib/Nusatarawisata-kaltim/vendor/laravel/framework/src/Illuminate/Foundation/Application.php(1131): array_walk(Array, Object(Closure))
#21 /Applications/XAMPP/xamppfiles/htdocs/final-project-cloud-computing-b-cc-kelompok-8-boboiboy-kuasa-bug-gaib/Nusatarawisata-kaltim/vendor/laravel/framework/src/Illuminate/Foundation/Bootstrap/BootProviders.php(17): Illuminate\\Foundation\\Application->boot()
#22 /Applications/XAMPP/xamppfiles/htdocs/final-project-cloud-computing-b-cc-kelompok-8-boboiboy-kuasa-bug-gaib/Nusatarawisata-kaltim/vendor/laravel/framework/src/Illuminate/Foundation/Application.php(342): Illuminate\\Foundation\\Bootstrap\\BootProviders->bootstrap(Object(Illuminate\\Foundation\\Application))
#23 /Applications/XAMPP/xamppfiles/htdocs/final-project-cloud-computing-b-cc-kelompok-8-boboiboy-kuasa-bug-gaib/Nusatarawisata-kaltim/vendor/laravel/framework/src/Illuminate/Foundation/Console/Kernel.php(473): Illuminate\\Foundation\\Application->bootstrapWith(Array)
#24 /Applications/XAMPP/xamppfiles/htdocs/final-project-cloud-computing-b-cc-kelompok-8-boboiboy-kuasa-bug-gaib/Nusatarawisata-kaltim/vendor/laravel/framework/src/Illuminate/Foundation/Console/Kernel.php(195): Illuminate\\Foundation\\Console\\Kernel->bootstrap()
#25 /Applications/XAMPP/xamppfiles/htdocs/final-project-cloud-computing-b-cc-kelompok-8-boboiboy-kuasa-bug-gaib/Nusatarawisata-kaltim/vendor/laravel/framework/src/Illuminate/Foundation/Application.php(1235): Illuminate\\Foundation\\Console\\Kernel->handle(Object(Symfony\\Component\\Console\\Input\\ArgvInput), Object(Symfony\\Component\\Console\\Output\\ConsoleOutput))
#26 /Applications/XAMPP/xamppfiles/htdocs/final-project-cloud-computing-b-cc-kelompok-8-boboiboy-kuasa-bug-gaib/Nusatarawisata-kaltim/artisan(16): Illuminate\\Foundation\\Application->handleCommand(Object(Symfony\\Component\\Console\\Input\\ArgvInput))
#27 {main}
"} 
[2025-10-28 17:42:14] local.ERROR: Unclosed '{' on line 24 {"exception":"[object] (ParseError(code: 0): Unclosed '{' on line 24 at /Applications/XAMPP/xamppfiles/htdocs/final-project-cloud-computing-b-cc-kelompok-8-boboiboy-kuasa-bug-gaib/Nusatarawisata-kaltim/routes/web.php:50)
[stacktrace]
#0 /Applications/XAMPP/xamppfiles/htdocs/final-project-cloud-computing-b-cc-kelompok-8-boboiboy-kuasa-bug-gaib/Nusatarawisata-kaltim/vendor/laravel/framework/src/Illuminate/Routing/Router.php(526): Illuminate\\Routing\\RouteFileRegistrar->register('/Applications/X...')
#1 /Applications/XAMPP/xamppfiles/htdocs/final-project-cloud-computing-b-cc-kelompok-8-boboiboy-kuasa-bug-gaib/Nusatarawisata-kaltim/vendor/laravel/framework/src/Illuminate/Routing/Router.php(480): Illuminate\\Routing\\Router->loadRoutes('/Applications/X...')
#2 /Applications/XAMPP/xamppfiles/htdocs/final-project-cloud-computing-b-cc-kelompok-8-boboiboy-kuasa-bug-gaib/Nusatarawisata-kaltim/vendor/laravel/framework/src/Illuminate/Routing/RouteRegistrar.php(212): Illuminate\\Routing\\Router->group(Array, '/Applications/X...')
#3 /Applications/XAMPP/xamppfiles/htdocs/final-project-cloud-computing-b-cc-kelompok-8-boboiboy-kuasa-bug-gaib/Nusatarawisata-kaltim/vendor/laravel/framework/src/Illuminate/Foundation/Configuration/ApplicationBuilder.php(248): Illuminate\\Routing\\RouteRegistrar->group('/Applications/X...')
#4 /Applications/XAMPP/xamppfiles/htdocs/final-project-cloud-computing-b-cc-kelompok-8-boboiboy-kuasa-bug-gaib/Nusatarawisata-kaltim/vendor/laravel/framework/src/Illuminate/Container/BoundMethod.php(36): Illuminate\\Foundation\\Configuration\\ApplicationBuilder->Illuminate\\Foundation\\Configuration\\{closure}()
#5 /Applications/XAMPP/xamppfiles/htdocs/final-project-cloud-computing-b-cc-kelompok-8-boboiboy-kuasa-bug-gaib/Nusatarawisata-kaltim/vendor/laravel/framework/src/Illuminate/Container/Util.php(43): Illuminate\\Container\\BoundMethod::Illuminate\\Container\\{closure}()
#6 /Applications/XAMPP/xamppfiles/htdocs/final-project-cloud-computing-b-cc-kelompok-8-boboiboy-kuasa-bug-gaib/Nusatarawisata-kaltim/vendor/laravel/framework/src/Illuminate/Container/BoundMethod.php(84): Illuminate\\Container\\Util::unwrapIfClosure(Object(Closure))
#7 /Applications/XAMPP/xamppfiles/htdocs/final-project-cloud-computing-b-cc-kelompok-8-boboiboy-kuasa-bug-gaib/Nusatarawisata-kaltim/vendor/laravel/framework/src/Illuminate/Container/BoundMethod.php(35): Illuminate\\Container\\BoundMethod::callBoundMethod(Object(Illuminate\\Foundation\\Application), Object(Closure), Object(Closure))
#8 /Applications/XAMPP/xamppfiles/htdocs/final-project-cloud-computing-b-cc-kelompok-8-boboiboy-kuasa-bug-gaib/Nusatarawisata-kaltim/vendor/laravel/framework/src/Illuminate/Container/Container.php(836): Illuminate\\Container\\BoundMethod::call(Object(Illuminate\\Foundation\\Application), Object(Closure), Array, NULL)
#9 /Applications/XAMPP/xamppfiles/htdocs/final-project-cloud-computing-b-cc-kelompok-8-boboiboy-kuasa-bug-gaib/Nusatarawisata-kaltim/vendor/laravel/framework/src/Illuminate/Foundation/Support/Providers/RouteServiceProvider.php(162): Illuminate\\Container\\Container->call(Object(Closure))
#10 /Applications/XAMPP/xamppfiles/htdocs/final-project-cloud-computing-b-cc-kelompok-8-boboiboy-kuasa-bug-gaib/Nusatarawisata-kaltim/vendor/laravel/framework/src/Illuminate/Foundation/Support/Providers/RouteServiceProvider.php(59): Illuminate\\Foundation\\Support\\Providers\\RouteServiceProvider->loadRoutes()
#11 /Applications/XAMPP/xamppfiles/htdocs/final-project-cloud-computing-b-cc-kelompok-8-boboiboy-kuasa-bug-gaib/Nusatarawisata-kaltim/vendor/laravel/framework/src/Illuminate/Container/BoundMethod.php(36): Illuminate\\Foundation\\Support\\Providers\\RouteServiceProvider->Illuminate\\Foundation\\Support\\Providers\\{closure}()
#12 /Applications/XAMPP/xamppfiles/htdocs/final-project-cloud-computing-b-cc-kelompok-8-boboiboy-kuasa-bug-gaib/Nusatarawisata-kaltim/vendor/laravel/framework/src/Illuminate/Container/Util.php(43): Illuminate\\Container\\BoundMethod::Illuminate\\Container\\{closure}()
#13 /Applications/XAMPP/xamppfiles/htdocs/final-project-cloud-computing-b-cc-kelompok-8-boboiboy-kuasa-bug-gaib/Nusatarawisata-kaltim/vendor/laravel/framework/src/Illuminate/Container/BoundMethod.php(84): Illuminate\\Container\\Util::unwrapIfClosure(Object(Closure))
#14 /Applications/XAMPP/xamppfiles/htdocs/final-project-cloud-computing-b-cc-kelompok-8-boboiboy-kuasa-bug-gaib/Nusatarawisata-kaltim/vendor/laravel/framework/src/Illuminate/Container/BoundMethod.php(35): Illuminate\\Container\\BoundMethod::callBoundMethod(Object(Illuminate\\Foundation\\Application), Object(Closure), Object(Closure))
#15 /Applications/XAMPP/xamppfiles/htdocs/final-project-cloud-computing-b-cc-kelompok-8-boboiboy-kuasa-bug-gaib/Nusatarawisata-kaltim/vendor/laravel/framework/src/Illuminate/Container/Container.php(836): Illuminate\\Container\\BoundMethod::call(Object(Illuminate\\Foundation\\Application), Object(Closure), Array, NULL)
#16 /Applications/XAMPP/xamppfiles/htdocs/final-project-cloud-computing-b-cc-kelompok-8-boboiboy-kuasa-bug-gaib/Nusatarawisata-kaltim/vendor/laravel/framework/src/Illuminate/Support/ServiceProvider.php(143): Illuminate\\Container\\Container->call(Object(Closure))
#17 /Applications/XAMPP/xamppfiles/htdocs/final-project-cloud-computing-b-cc-kelompok-8-boboiboy-kuasa-bug-gaib/Nusatarawisata-kaltim/vendor/laravel/framework/src/Illuminate/Foundation/Application.php(1154): Illuminate\\Support\\ServiceProvider->callBootedCallbacks()
#18 /Applications/XAMPP/xamppfiles/htdocs/final-project-cloud-computing-b-cc-kelompok-8-boboiboy-kuasa-bug-gaib/Nusatarawisata-kaltim/vendor/laravel/framework/src/Illuminate/Foundation/Application.php(1132): Illuminate\\Foundation\\Application->bootProvider(Object(Illuminate\\Foundation\\Support\\Providers\\RouteServiceProvider))
#19 [internal function]: Illuminate\\Foundation\\Application->Illuminate\\Foundation\\{closure}(Object(Illuminate\\Foundation\\Support\\Providers\\RouteServiceProvider), 'Illuminate\\\\Foun...')
#20 /Applications/XAMPP/xamppfiles/htdocs/final-project-cloud-computing-b-cc-kelompok-8-boboiboy-kuasa-bug-gaib/Nusatarawisata-kaltim/vendor/laravel/framework/src/Illuminate/Foundation/Application.php(1131): array_walk(Array, Object(Closure))
#21 /Applications/XAMPP/xamppfiles/htdocs/final-project-cloud-computing-b-cc-kelompok-8-boboiboy-kuasa-bug-gaib/Nusatarawisata-kaltim/vendor/laravel/framework/src/Illuminate/Foundation/Bootstrap/BootProviders.php(17): Illuminate\\Foundation\\Application->boot()
#22 /Applications/XAMPP/xamppfiles/htdocs/final-project-cloud-computing-b-cc-kelompok-8-boboiboy-kuasa-bug-gaib/Nusatarawisata-kaltim/vendor/laravel/framework/src/Illuminate/Foundation/Application.php(342): Illuminate\\Foundation\\Bootstrap\\BootProviders->bootstrap(Object(Illuminate\\Foundation\\Application))
#23 /Applications/XAMPP/xamppfiles/htdocs/final-project-cloud-computing-b-cc-kelompok-8-boboiboy-kuasa-bug-gaib/Nusatarawisata-kaltim/vendor/laravel/framework/src/Illuminate/Foundation/Console/Kernel.php(473): Illuminate\\Foundation\\Application->bootstrapWith(Array)
#24 /Applications/XAMPP/xamppfiles/htdocs/final-project-cloud-computing-b-cc-kelompok-8-boboiboy-kuasa-bug-gaib/Nusatarawisata-kaltim/vendor/laravel/framework/src/Illuminate/Foundation/Console/Kernel.php(195): Illuminate\\Foundation\\Console\\Kernel->bootstrap()
#25 /Applications/XAMPP/xamppfiles/htdocs/final-project-cloud-computing-b-cc-kelompok-8-boboiboy-kuasa-bug-gaib/Nusatarawisata-kaltim/vendor/laravel/framework/src/Illuminate/Foundation/Application.php(1235): Illuminate\\Foundation\\Console\\Kernel->handle(Object(Symfony\\Component\\Console\\Input\\ArgvInput), Object(Symfony\\Component\\Console\\Output\\ConsoleOutput))
#26 /Applications/XAMPP/xamppfiles/htdocs/final-project-cloud-computing-b-cc-kelompok-8-boboiboy-kuasa-bug-gaib/Nusatarawisata-kaltim/artisan(16): Illuminate\\Foundation\\Application->handleCommand(Object(Symfony\\Component\\Console\\Input\\ArgvInput))
#27 {main}
"} 
[2025-10-28 17:42:14] local.ERROR: Unclosed '{' on line 24 {"exception":"[object] (ParseError(code: 0): Unclosed '{' on line 24 at /Applications/XAMPP/xamppfiles/htdocs/final-project-cloud-computing-b-cc-kelompok-8-boboiboy-kuasa-bug-gaib/Nusatarawisata-kaltim/routes/web.php:50)
[stacktrace]
#0 /Applications/XAMPP/xamppfiles/htdocs/final-project-cloud-computing-b-cc-kelompok-8-boboiboy-kuasa-bug-gaib/Nusatarawisata-kaltim/vendor/laravel/framework/src/Illuminate/Routing/Router.php(526): Illuminate\\Routing\\RouteFileRegistrar->register('/Applications/X...')
#1 /Applications/XAMPP/xamppfiles/htdocs/final-project-cloud-computing-b-cc-kelompok-8-boboiboy-kuasa-bug-gaib/Nusatarawisata-kaltim/vendor/laravel/framework/src/Illuminate/Routing/Router.php(480): Illuminate\\Routing\\Router->loadRoutes('/Applications/X...')
#2 /Applications/XAMPP/xamppfiles/htdocs/final-project-cloud-computing-b-cc-kelompok-8-boboiboy-kuasa-bug-gaib/Nusatarawisata-kaltim/vendor/laravel/framework/src/Illuminate/Routing/RouteRegistrar.php(212): Illuminate\\Routing\\Router->group(Array, '/Applications/X...')
#3 /Applications/XAMPP/xamppfiles/htdocs/final-project-cloud-computing-b-cc-kelompok-8-boboiboy-kuasa-bug-gaib/Nusatarawisata-kaltim/vendor/laravel/framework/src/Illuminate/Foundation/Configuration/ApplicationBuilder.php(248): Illuminate\\Routing\\RouteRegistrar->group('/Applications/X...')
#4 /Applications/XAMPP/xamppfiles/htdocs/final-project-cloud-computing-b-cc-kelompok-8-boboiboy-kuasa-bug-gaib/Nusatarawisata-kaltim/vendor/laravel/framework/src/Illuminate/Container/BoundMethod.php(36): Illuminate\\Foundation\\Configuration\\ApplicationBuilder->Illuminate\\Foundation\\Configuration\\{closure}()
#5 /Applications/XAMPP/xamppfiles/htdocs/final-project-cloud-computing-b-cc-kelompok-8-boboiboy-kuasa-bug-gaib/Nusatarawisata-kaltim/vendor/laravel/framework/src/Illuminate/Container/Util.php(43): Illuminate\\Container\\BoundMethod::Illuminate\\Container\\{closure}()
#6 /Applications/XAMPP/xamppfiles/htdocs/final-project-cloud-computing-b-cc-kelompok-8-boboiboy-kuasa-bug-gaib/Nusatarawisata-kaltim/vendor/laravel/framework/src/Illuminate/Container/BoundMethod.php(84): Illuminate\\Container\\Util::unwrapIfClosure(Object(Closure))
#7 /Applications/XAMPP/xamppfiles/htdocs/final-project-cloud-computing-b-cc-kelompok-8-boboiboy-kuasa-bug-gaib/Nusatarawisata-kaltim/vendor/laravel/framework/src/Illuminate/Container/BoundMethod.php(35): Illuminate\\Container\\BoundMethod::callBoundMethod(Object(Illuminate\\Foundation\\Application), Object(Closure), Object(Closure))
#8 /Applications/XAMPP/xamppfiles/htdocs/final-project-cloud-computing-b-cc-kelompok-8-boboiboy-kuasa-bug-gaib/Nusatarawisata-kaltim/vendor/laravel/framework/src/Illuminate/Container/Container.php(836): Illuminate\\Container\\BoundMethod::call(Object(Illuminate\\Foundation\\Application), Object(Closure), Array, NULL)
#9 /Applications/XAMPP/xamppfiles/htdocs/final-project-cloud-computing-b-cc-kelompok-8-boboiboy-kuasa-bug-gaib/Nusatarawisata-kaltim/vendor/laravel/framework/src/Illuminate/Foundation/Support/Providers/RouteServiceProvider.php(162): Illuminate\\Container\\Container->call(Object(Closure))
#10 /Applications/XAMPP/xamppfiles/htdocs/final-project-cloud-computing-b-cc-kelompok-8-boboiboy-kuasa-bug-gaib/Nusatarawisata-kaltim/vendor/laravel/framework/src/Illuminate/Foundation/Support/Providers/RouteServiceProvider.php(59): Illuminate\\Foundation\\Support\\Providers\\RouteServiceProvider->loadRoutes()
#11 /Applications/XAMPP/xamppfiles/htdocs/final-project-cloud-computing-b-cc-kelompok-8-boboiboy-kuasa-bug-gaib/Nusatarawisata-kaltim/vendor/laravel/framework/src/Illuminate/Container/BoundMethod.php(36): Illuminate\\Foundation\\Support\\Providers\\RouteServiceProvider->Illuminate\\Foundation\\Support\\Providers\\{closure}()
#12 /Applications/XAMPP/xamppfiles/htdocs/final-project-cloud-computing-b-cc-kelompok-8-boboiboy-kuasa-bug-gaib/Nusatarawisata-kaltim/vendor/laravel/framework/src/Illuminate/Container/Util.php(43): Illuminate\\Container\\BoundMethod::Illuminate\\Container\\{closure}()
#13 /Applications/XAMPP/xamppfiles/htdocs/final-project-cloud-computing-b-cc-kelompok-8-boboiboy-kuasa-bug-gaib/Nusatarawisata-kaltim/vendor/laravel/framework/src/Illuminate/Container/BoundMethod.php(84): Illuminate\\Container\\Util::unwrapIfClosure(Object(Closure))
#14 /Applications/XAMPP/xamppfiles/htdocs/final-project-cloud-computing-b-cc-kelompok-8-boboiboy-kuasa-bug-gaib/Nusatarawisata-kaltim/vendor/laravel/framework/src/Illuminate/Container/BoundMethod.php(35): Illuminate\\Container\\BoundMethod::callBoundMethod(Object(Illuminate\\Foundation\\Application), Object(Closure), Object(Closure))
#15 /Applications/XAMPP/xamppfiles/htdocs/final-project-cloud-computing-b-cc-kelompok-8-boboiboy-kuasa-bug-gaib/Nusatarawisata-kaltim/vendor/laravel/framework/src/Illuminate/Container/Container.php(836): Illuminate\\Container\\BoundMethod::call(Object(Illuminate\\Foundation\\Application), Object(Closure), Array, NULL)
#16 /Applications/XAMPP/xamppfiles/htdocs/final-project-cloud-computing-b-cc-kelompok-8-boboiboy-kuasa-bug-gaib/Nusatarawisata-kaltim/vendor/laravel/framework/src/Illuminate/Support/ServiceProvider.php(143): Illuminate\\Container\\Container->call(Object(Closure))
#17 /Applications/XAMPP/xamppfiles/htdocs/final-project-cloud-computing-b-cc-kelompok-8-boboiboy-kuasa-bug-gaib/Nusatarawisata-kaltim/vendor/laravel/framework/src/Illuminate/Foundation/Application.php(1154): Illuminate\\Support\\ServiceProvider->callBootedCallbacks()
#18 /Applications/XAMPP/xamppfiles/htdocs/final-project-cloud-computing-b-cc-kelompok-8-boboiboy-kuasa-bug-gaib/Nusatarawisata-kaltim/vendor/laravel/framework/src/Illuminate/Foundation/Application.php(1132): Illuminate\\Foundation\\Application->bootProvider(Object(Illuminate\\Foundation\\Support\\Providers\\RouteServiceProvider))
#19 [internal function]: Illuminate\\Foundation\\Application->Illuminate\\Foundation\\{closure}(Object(Illuminate\\Foundation\\Support\\Providers\\RouteServiceProvider), 'Illuminate\\\\Foun...')
#20 /Applications/XAMPP/xamppfiles/htdocs/final-project-cloud-computing-b-cc-kelompok-8-boboiboy-kuasa-bug-gaib/Nusatarawisata-kaltim/vendor/laravel/framework/src/Illuminate/Foundation/Application.php(1131): array_walk(Array, Object(Closure))
#21 /Applications/XAMPP/xamppfiles/htdocs/final-project-cloud-computing-b-cc-kelompok-8-boboiboy-kuasa-bug-gaib/Nusatarawisata-kaltim/vendor/laravel/framework/src/Illuminate/Foundation/Bootstrap/BootProviders.php(17): Illuminate\\Foundation\\Application->boot()
#22 /Applications/XAMPP/xamppfiles/htdocs/final-project-cloud-computing-b-cc-kelompok-8-boboiboy-kuasa-bug-gaib/Nusatarawisata-kaltim/vendor/laravel/framework/src/Illuminate/Foundation/Application.php(342): Illuminate\\Foundation\\Bootstrap\\BootProviders->bootstrap(Object(Illuminate\\Foundation\\Application))
#23 /Applications/XAMPP/xamppfiles/htdocs/final-project-cloud-computing-b-cc-kelompok-8-boboiboy-kuasa-bug-gaib/Nusatarawisata-kaltim/vendor/laravel/framework/src/Illuminate/Foundation/Console/Kernel.php(473): Illuminate\\Foundation\\Application->bootstrapWith(Array)
#24 /Applications/XAMPP/xamppfiles/htdocs/final-project-cloud-computing-b-cc-kelompok-8-boboiboy-kuasa-bug-gaib/Nusatarawisata-kaltim/vendor/laravel/framework/src/Illuminate/Foundation/Console/Kernel.php(195): Illuminate\\Foundation\\Console\\Kernel->bootstrap()
#25 /Applications/XAMPP/xamppfiles/htdocs/final-project-cloud-computing-b-cc-kelompok-8-boboiboy-kuasa-bug-gaib/Nusatarawisata-kaltim/vendor/laravel/framework/src/Illuminate/Foundation/Application.php(1235): Illuminate\\Foundation\\Console\\Kernel->handle(Object(Symfony\\Component\\Console\\Input\\ArgvInput), Object(Symfony\\Component\\Console\\Output\\ConsoleOutput))
#26 /Applications/XAMPP/xamppfiles/htdocs/final-project-cloud-computing-b-cc-kelompok-8-boboiboy-kuasa-bug-gaib/Nusatarawisata-kaltim/artisan(16): Illuminate\\Foundation\\Application->handleCommand(Object(Symfony\\Component\\Console\\Input\\ArgvInput))
#27 {main}
"} 
[2025-10-28 17:42:15] local.ERROR: Unclosed '{' on line 24 {"exception":"[object] (ParseError(code: 0): Unclosed '{' on line 24 at /Applications/XAMPP/xamppfiles/htdocs/final-project-cloud-computing-b-cc-kelompok-8-boboiboy-kuasa-bug-gaib/Nusatarawisata-kaltim/routes/web.php:50)
[stacktrace]
#0 /Applications/XAMPP/xamppfiles/htdocs/final-project-cloud-computing-b-cc-kelompok-8-boboiboy-kuasa-bug-gaib/Nusatarawisata-kaltim/vendor/laravel/framework/src/Illuminate/Routing/Router.php(526): Illuminate\\Routing\\RouteFileRegistrar->register('/Applications/X...')
#1 /Applications/XAMPP/xamppfiles/htdocs/final-project-cloud-computing-b-cc-kelompok-8-boboiboy-kuasa-bug-gaib/Nusatarawisata-kaltim/vendor/laravel/framework/src/Illuminate/Routing/Router.php(480): Illuminate\\Routing\\Router->loadRoutes('/Applications/X...')
#2 /Applications/XAMPP/xamppfiles/htdocs/final-project-cloud-computing-b-cc-kelompok-8-boboiboy-kuasa-bug-gaib/Nusatarawisata-kaltim/vendor/laravel/framework/src/Illuminate/Routing/RouteRegistrar.php(212): Illuminate\\Routing\\Router->group(Array, '/Applications/X...')
#3 /Applications/XAMPP/xamppfiles/htdocs/final-project-cloud-computing-b-cc-kelompok-8-boboiboy-kuasa-bug-gaib/Nusatarawisata-kaltim/vendor/laravel/framework/src/Illuminate/Foundation/Configuration/ApplicationBuilder.php(248): Illuminate\\Routing\\RouteRegistrar->group('/Applications/X...')
#4 /Applications/XAMPP/xamppfiles/htdocs/final-project-cloud-computing-b-cc-kelompok-8-boboiboy-kuasa-bug-gaib/Nusatarawisata-kaltim/vendor/laravel/framework/src/Illuminate/Container/BoundMethod.php(36): Illuminate\\Foundation\\Configuration\\ApplicationBuilder->Illuminate\\Foundation\\Configuration\\{closure}()
#5 /Applications/XAMPP/xamppfiles/htdocs/final-project-cloud-computing-b-cc-kelompok-8-boboiboy-kuasa-bug-gaib/Nusatarawisata-kaltim/vendor/laravel/framework/src/Illuminate/Container/Util.php(43): Illuminate\\Container\\BoundMethod::Illuminate\\Container\\{closure}()
#6 /Applications/XAMPP/xamppfiles/htdocs/final-project-cloud-computing-b-cc-kelompok-8-boboiboy-kuasa-bug-gaib/Nusatarawisata-kaltim/vendor/laravel/framework/src/Illuminate/Container/BoundMethod.php(84): Illuminate\\Container\\Util::unwrapIfClosure(Object(Closure))
#7 /Applications/XAMPP/xamppfiles/htdocs/final-project-cloud-computing-b-cc-kelompok-8-boboiboy-kuasa-bug-gaib/Nusatarawisata-kaltim/vendor/laravel/framework/src/Illuminate/Container/BoundMethod.php(35): Illuminate\\Container\\BoundMethod::callBoundMethod(Object(Illuminate\\Foundation\\Application), Object(Closure), Object(Closure))
#8 /Applications/XAMPP/xamppfiles/htdocs/final-project-cloud-computing-b-cc-kelompok-8-boboiboy-kuasa-bug-gaib/Nusatarawisata-kaltim/vendor/laravel/framework/src/Illuminate/Container/Container.php(836): Illuminate\\Container\\BoundMethod::call(Object(Illuminate\\Foundation\\Application), Object(Closure), Array, NULL)
#9 /Applications/XAMPP/xamppfiles/htdocs/final-project-cloud-computing-b-cc-kelompok-8-boboiboy-kuasa-bug-gaib/Nusatarawisata-kaltim/vendor/laravel/framework/src/Illuminate/Foundation/Support/Providers/RouteServiceProvider.php(162): Illuminate\\Container\\Container->call(Object(Closure))
#10 /Applications/XAMPP/xamppfiles/htdocs/final-project-cloud-computing-b-cc-kelompok-8-boboiboy-kuasa-bug-gaib/Nusatarawisata-kaltim/vendor/laravel/framework/src/Illuminate/Foundation/Support/Providers/RouteServiceProvider.php(59): Illuminate\\Foundation\\Support\\Providers\\RouteServiceProvider->loadRoutes()
#11 /Applications/XAMPP/xamppfiles/htdocs/final-project-cloud-computing-b-cc-kelompok-8-boboiboy-kuasa-bug-gaib/Nusatarawisata-kaltim/vendor/laravel/framework/src/Illuminate/Container/BoundMethod.php(36): Illuminate\\Foundation\\Support\\Providers\\RouteServiceProvider->Illuminate\\Foundation\\Support\\Providers\\{closure}()
#12 /Applications/XAMPP/xamppfiles/htdocs/final-project-cloud-computing-b-cc-kelompok-8-boboiboy-kuasa-bug-gaib/Nusatarawisata-kaltim/vendor/laravel/framework/src/Illuminate/Container/Util.php(43): Illuminate\\Container\\BoundMethod::Illuminate\\Container\\{closure}()
#13 /Applications/XAMPP/xamppfiles/htdocs/final-project-cloud-computing-b-cc-kelompok-8-boboiboy-kuasa-bug-gaib/Nusatarawisata-kaltim/vendor/laravel/framework/src/Illuminate/Container/BoundMethod.php(84): Illuminate\\Container\\Util::unwrapIfClosure(Object(Closure))
#14 /Applications/XAMPP/xamppfiles/htdocs/final-project-cloud-computing-b-cc-kelompok-8-boboiboy-kuasa-bug-gaib/Nusatarawisata-kaltim/vendor/laravel/framework/src/Illuminate/Container/BoundMethod.php(35): Illuminate\\Container\\BoundMethod::callBoundMethod(Object(Illuminate\\Foundation\\Application), Object(Closure), Object(Closure))
#15 /Applications/XAMPP/xamppfiles/htdocs/final-project-cloud-computing-b-cc-kelompok-8-boboiboy-kuasa-bug-gaib/Nusatarawisata-kaltim/vendor/laravel/framework/src/Illuminate/Container/Container.php(836): Illuminate\\Container\\BoundMethod::call(Object(Illuminate\\Foundation\\Application), Object(Closure), Array, NULL)
#16 /Applications/XAMPP/xamppfiles/htdocs/final-project-cloud-computing-b-cc-kelompok-8-boboiboy-kuasa-bug-gaib/Nusatarawisata-kaltim/vendor/laravel/framework/src/Illuminate/Support/ServiceProvider.php(143): Illuminate\\Container\\Container->call(Object(Closure))
#17 /Applications/XAMPP/xamppfiles/htdocs/final-project-cloud-computing-b-cc-kelompok-8-boboiboy-kuasa-bug-gaib/Nusatarawisata-kaltim/vendor/laravel/framework/src/Illuminate/Foundation/Application.php(1154): Illuminate\\Support\\ServiceProvider->callBootedCallbacks()
#18 /Applications/XAMPP/xamppfiles/htdocs/final-project-cloud-computing-b-cc-kelompok-8-boboiboy-kuasa-bug-gaib/Nusatarawisata-kaltim/vendor/laravel/framework/src/Illuminate/Foundation/Application.php(1132): Illuminate\\Foundation\\Application->bootProvider(Object(Illuminate\\Foundation\\Support\\Providers\\RouteServiceProvider))
#19 [internal function]: Illuminate\\Foundation\\Application->Illuminate\\Foundation\\{closure}(Object(Illuminate\\Foundation\\Support\\Providers\\RouteServiceProvider), 'Illuminate\\\\Foun...')
#20 /Applications/XAMPP/xamppfiles/htdocs/final-project-cloud-computing-b-cc-kelompok-8-boboiboy-kuasa-bug-gaib/Nusatarawisata-kaltim/vendor/laravel/framework/src/Illuminate/Foundation/Application.php(1131): array_walk(Array, Object(Closure))
#21 /Applications/XAMPP/xamppfiles/htdocs/final-project-cloud-computing-b-cc-kelompok-8-boboiboy-kuasa-bug-gaib/Nusatarawisata-kaltim/vendor/laravel/framework/src/Illuminate/Foundation/Bootstrap/BootProviders.php(17): Illuminate\\Foundation\\Application->boot()
#22 /Applications/XAMPP/xamppfiles/htdocs/final-project-cloud-computing-b-cc-kelompok-8-boboiboy-kuasa-bug-gaib/Nusatarawisata-kaltim/vendor/laravel/framework/src/Illuminate/Foundation/Application.php(342): Illuminate\\Foundation\\Bootstrap\\BootProviders->bootstrap(Object(Illuminate\\Foundation\\Application))
#23 /Applications/XAMPP/xamppfiles/htdocs/final-project-cloud-computing-b-cc-kelompok-8-boboiboy-kuasa-bug-gaib/Nusatarawisata-kaltim/vendor/laravel/framework/src/Illuminate/Foundation/Console/Kernel.php(473): Illuminate\\Foundation\\Application->bootstrapWith(Array)
#24 /Applications/XAMPP/xamppfiles/htdocs/final-project-cloud-computing-b-cc-kelompok-8-boboiboy-kuasa-bug-gaib/Nusatarawisata-kaltim/vendor/laravel/framework/src/Illuminate/Foundation/Console/Kernel.php(195): Illuminate\\Foundation\\Console\\Kernel->bootstrap()
#25 /Applications/XAMPP/xamppfiles/htdocs/final-project-cloud-computing-b-cc-kelompok-8-boboiboy-kuasa-bug-gaib/Nusatarawisata-kaltim/vendor/laravel/framework/src/Illuminate/Foundation/Application.php(1235): Illuminate\\Foundation\\Console\\Kernel->handle(Object(Symfony\\Component\\Console\\Input\\ArgvInput), Object(Symfony\\Component\\Console\\Output\\ConsoleOutput))
#26 /Applications/XAMPP/xamppfiles/htdocs/final-project-cloud-computing-b-cc-kelompok-8-boboiboy-kuasa-bug-gaib/Nusatarawisata-kaltim/artisan(16): Illuminate\\Foundation\\Application->handleCommand(Object(Symfony\\Component\\Console\\Input\\ArgvInput))
#27 {main}
"} 
[2025-10-28 17:42:15] local.ERROR: Unclosed '{' on line 24 {"exception":"[object] (ParseError(code: 0): Unclosed '{' on line 24 at /Applications/XAMPP/xamppfiles/htdocs/final-project-cloud-computing-b-cc-kelompok-8-boboiboy-kuasa-bug-gaib/Nusatarawisata-kaltim/routes/web.php:50)
[stacktrace]
#0 /Applications/XAMPP/xamppfiles/htdocs/final-project-cloud-computing-b-cc-kelompok-8-boboiboy-kuasa-bug-gaib/Nusatarawisata-kaltim/vendor/laravel/framework/src/Illuminate/Routing/Router.php(526): Illuminate\\Routing\\RouteFileRegistrar->register('/Applications/X...')
#1 /Applications/XAMPP/xamppfiles/htdocs/final-project-cloud-computing-b-cc-kelompok-8-boboiboy-kuasa-bug-gaib/Nusatarawisata-kaltim/vendor/laravel/framework/src/Illuminate/Routing/Router.php(480): Illuminate\\Routing\\Router->loadRoutes('/Applications/X...')
#2 /Applications/XAMPP/xamppfiles/htdocs/final-project-cloud-computing-b-cc-kelompok-8-boboiboy-kuasa-bug-gaib/Nusatarawisata-kaltim/vendor/laravel/framework/src/Illuminate/Routing/RouteRegistrar.php(212): Illuminate\\Routing\\Router->group(Array, '/Applications/X...')
#3 /Applications/XAMPP/xamppfiles/htdocs/final-project-cloud-computing-b-cc-kelompok-8-boboiboy-kuasa-bug-gaib/Nusatarawisata-kaltim/vendor/laravel/framework/src/Illuminate/Foundation/Configuration/ApplicationBuilder.php(248): Illuminate\\Routing\\RouteRegistrar->group('/Applications/X...')
#4 /Applications/XAMPP/xamppfiles/htdocs/final-project-cloud-computing-b-cc-kelompok-8-boboiboy-kuasa-bug-gaib/Nusatarawisata-kaltim/vendor/laravel/framework/src/Illuminate/Container/BoundMethod.php(36): Illuminate\\Foundation\\Configuration\\ApplicationBuilder->Illuminate\\Foundation\\Configuration\\{closure}()
#5 /Applications/XAMPP/xamppfiles/htdocs/final-project-cloud-computing-b-cc-kelompok-8-boboiboy-kuasa-bug-gaib/Nusatarawisata-kaltim/vendor/laravel/framework/src/Illuminate/Container/Util.php(43): Illuminate\\Container\\BoundMethod::Illuminate\\Container\\{closure}()
#6 /Applications/XAMPP/xamppfiles/htdocs/final-project-cloud-computing-b-cc-kelompok-8-boboiboy-kuasa-bug-gaib/Nusatarawisata-kaltim/vendor/laravel/framework/src/Illuminate/Container/BoundMethod.php(84): Illuminate\\Container\\Util::unwrapIfClosure(Object(Closure))
#7 /Applications/XAMPP/xamppfiles/htdocs/final-project-cloud-computing-b-cc-kelompok-8-boboiboy-kuasa-bug-gaib/Nusatarawisata-kaltim/vendor/laravel/framework/src/Illuminate/Container/BoundMethod.php(35): Illuminate\\Container\\BoundMethod::callBoundMethod(Object(Illuminate\\Foundation\\Application), Object(Closure), Object(Closure))
#8 /Applications/XAMPP/xamppfiles/htdocs/final-project-cloud-computing-b-cc-kelompok-8-boboiboy-kuasa-bug-gaib/Nusatarawisata-kaltim/vendor/laravel/framework/src/Illuminate/Container/Container.php(836): Illuminate\\Container\\BoundMethod::call(Object(Illuminate\\Foundation\\Application), Object(Closure), Array, NULL)
#9 /Applications/XAMPP/xamppfiles/htdocs/final-project-cloud-computing-b-cc-kelompok-8-boboiboy-kuasa-bug-gaib/Nusatarawisata-kaltim/vendor/laravel/framework/src/Illuminate/Foundation/Support/Providers/RouteServiceProvider.php(162): Illuminate\\Container\\Container->call(Object(Closure))
#10 /Applications/XAMPP/xamppfiles/htdocs/final-project-cloud-computing-b-cc-kelompok-8-boboiboy-kuasa-bug-gaib/Nusatarawisata-kaltim/vendor/laravel/framework/src/Illuminate/Foundation/Support/Providers/RouteServiceProvider.php(59): Illuminate\\Foundation\\Support\\Providers\\RouteServiceProvider->loadRoutes()
#11 /Applications/XAMPP/xamppfiles/htdocs/final-project-cloud-computing-b-cc-kelompok-8-boboiboy-kuasa-bug-gaib/Nusatarawisata-kaltim/vendor/laravel/framework/src/Illuminate/Container/BoundMethod.php(36): Illuminate\\Foundation\\Support\\Providers\\RouteServiceProvider->Illuminate\\Foundation\\Support\\Providers\\{closure}()
#12 /Applications/XAMPP/xamppfiles/htdocs/final-project-cloud-computing-b-cc-kelompok-8-boboiboy-kuasa-bug-gaib/Nusatarawisata-kaltim/vendor/laravel/framework/src/Illuminate/Container/Util.php(43): Illuminate\\Container\\BoundMethod::Illuminate\\Container\\{closure}()
#13 /Applications/XAMPP/xamppfiles/htdocs/final-project-cloud-computing-b-cc-kelompok-8-boboiboy-kuasa-bug-gaib/Nusatarawisata-kaltim/vendor/laravel/framework/src/Illuminate/Container/BoundMethod.php(84): Illuminate\\Container\\Util::unwrapIfClosure(Object(Closure))
#14 /Applications/XAMPP/xamppfiles/htdocs/final-project-cloud-computing-b-cc-kelompok-8-boboiboy-kuasa-bug-gaib/Nusatarawisata-kaltim/vendor/laravel/framework/src/Illuminate/Container/BoundMethod.php(35): Illuminate\\Container\\BoundMethod::callBoundMethod(Object(Illuminate\\Foundation\\Application), Object(Closure), Object(Closure))
#15 /Applications/XAMPP/xamppfiles/htdocs/final-project-cloud-computing-b-cc-kelompok-8-boboiboy-kuasa-bug-gaib/Nusatarawisata-kaltim/vendor/laravel/framework/src/Illuminate/Container/Container.php(836): Illuminate\\Container\\BoundMethod::call(Object(Illuminate\\Foundation\\Application), Object(Closure), Array, NULL)
#16 /Applications/XAMPP/xamppfiles/htdocs/final-project-cloud-computing-b-cc-kelompok-8-boboiboy-kuasa-bug-gaib/Nusatarawisata-kaltim/vendor/laravel/framework/src/Illuminate/Support/ServiceProvider.php(143): Illuminate\\Container\\Container->call(Object(Closure))
#17 /Applications/XAMPP/xamppfiles/htdocs/final-project-cloud-computing-b-cc-kelompok-8-boboiboy-kuasa-bug-gaib/Nusatarawisata-kaltim/vendor/laravel/framework/src/Illuminate/Foundation/Application.php(1154): Illuminate\\Support\\ServiceProvider->callBootedCallbacks()
#18 /Applications/XAMPP/xamppfiles/htdocs/final-project-cloud-computing-b-cc-kelompok-8-boboiboy-kuasa-bug-gaib/Nusatarawisata-kaltim/vendor/laravel/framework/src/Illuminate/Foundation/Application.php(1132): Illuminate\\Foundation\\Application->bootProvider(Object(Illuminate\\Foundation\\Support\\Providers\\RouteServiceProvider))
#19 [internal function]: Illuminate\\Foundation\\Application->Illuminate\\Foundation\\{closure}(Object(Illuminate\\Foundation\\Support\\Providers\\RouteServiceProvider), 'Illuminate\\\\Foun...')
#20 /Applications/XAMPP/xamppfiles/htdocs/final-project-cloud-computing-b-cc-kelompok-8-boboiboy-kuasa-bug-gaib/Nusatarawisata-kaltim/vendor/laravel/framework/src/Illuminate/Foundation/Application.php(1131): array_walk(Array, Object(Closure))
#21 /Applications/XAMPP/xamppfiles/htdocs/final-project-cloud-computing-b-cc-kelompok-8-boboiboy-kuasa-bug-gaib/Nusatarawisata-kaltim/vendor/laravel/framework/src/Illuminate/Foundation/Bootstrap/BootProviders.php(17): Illuminate\\Foundation\\Application->boot()
#22 /Applications/XAMPP/xamppfiles/htdocs/final-project-cloud-computing-b-cc-kelompok-8-boboiboy-kuasa-bug-gaib/Nusatarawisata-kaltim/vendor/laravel/framework/src/Illuminate/Foundation/Application.php(342): Illuminate\\Foundation\\Bootstrap\\BootProviders->bootstrap(Object(Illuminate\\Foundation\\Application))
#23 /Applications/XAMPP/xamppfiles/htdocs/final-project-cloud-computing-b-cc-kelompok-8-boboiboy-kuasa-bug-gaib/Nusatarawisata-kaltim/vendor/laravel/framework/src/Illuminate/Foundation/Console/Kernel.php(473): Illuminate\\Foundation\\Application->bootstrapWith(Array)
#24 /Applications/XAMPP/xamppfiles/htdocs/final-project-cloud-computing-b-cc-kelompok-8-boboiboy-kuasa-bug-gaib/Nusatarawisata-kaltim/vendor/laravel/framework/src/Illuminate/Foundation/Console/Kernel.php(195): Illuminate\\Foundation\\Console\\Kernel->bootstrap()
#25 /Applications/XAMPP/xamppfiles/htdocs/final-project-cloud-computing-b-cc-kelompok-8-boboiboy-kuasa-bug-gaib/Nusatarawisata-kaltim/vendor/laravel/framework/src/Illuminate/Foundation/Application.php(1235): Illuminate\\Foundation\\Console\\Kernel->handle(Object(Symfony\\Component\\Console\\Input\\ArgvInput), Object(Symfony\\Component\\Console\\Output\\ConsoleOutput))
#26 /Applications/XAMPP/xamppfiles/htdocs/final-project-cloud-computing-b-cc-kelompok-8-boboiboy-kuasa-bug-gaib/Nusatarawisata-kaltim/artisan(16): Illuminate\\Foundation\\Application->handleCommand(Object(Symfony\\Component\\Console\\Input\\ArgvInput))
#27 {main}
"} 
[2025-10-28 17:42:15] local.ERROR: Unclosed '{' on line 24 {"exception":"[object] (ParseError(code: 0): Unclosed '{' on line 24 at /Applications/XAMPP/xamppfiles/htdocs/final-project-cloud-computing-b-cc-kelompok-8-boboiboy-kuasa-bug-gaib/Nusatarawisata-kaltim/routes/web.php:50)
[stacktrace]
#0 /Applications/XAMPP/xamppfiles/htdocs/final-project-cloud-computing-b-cc-kelompok-8-boboiboy-kuasa-bug-gaib/Nusatarawisata-kaltim/vendor/laravel/framework/src/Illuminate/Routing/Router.php(526): Illuminate\\Routing\\RouteFileRegistrar->register('/Applications/X...')
#1 /Applications/XAMPP/xamppfiles/htdocs/final-project-cloud-computing-b-cc-kelompok-8-boboiboy-kuasa-bug-gaib/Nusatarawisata-kaltim/vendor/laravel/framework/src/Illuminate/Routing/Router.php(480): Illuminate\\Routing\\Router->loadRoutes('/Applications/X...')
#2 /Applications/XAMPP/xamppfiles/htdocs/final-project-cloud-computing-b-cc-kelompok-8-boboiboy-kuasa-bug-gaib/Nusatarawisata-kaltim/vendor/laravel/framework/src/Illuminate/Routing/RouteRegistrar.php(212): Illuminate\\Routing\\Router->group(Array, '/Applications/X...')
#3 /Applications/XAMPP/xamppfiles/htdocs/final-project-cloud-computing-b-cc-kelompok-8-boboiboy-kuasa-bug-gaib/Nusatarawisata-kaltim/vendor/laravel/framework/src/Illuminate/Foundation/Configuration/ApplicationBuilder.php(248): Illuminate\\Routing\\RouteRegistrar->group('/Applications/X...')
#4 /Applications/XAMPP/xamppfiles/htdocs/final-project-cloud-computing-b-cc-kelompok-8-boboiboy-kuasa-bug-gaib/Nusatarawisata-kaltim/vendor/laravel/framework/src/Illuminate/Container/BoundMethod.php(36): Illuminate\\Foundation\\Configuration\\ApplicationBuilder->Illuminate\\Foundation\\Configuration\\{closure}()
#5 /Applications/XAMPP/xamppfiles/htdocs/final-project-cloud-computing-b-cc-kelompok-8-boboiboy-kuasa-bug-gaib/Nusatarawisata-kaltim/vendor/laravel/framework/src/Illuminate/Container/Util.php(43): Illuminate\\Container\\BoundMethod::Illuminate\\Container\\{closure}()
#6 /Applications/XAMPP/xamppfiles/htdocs/final-project-cloud-computing-b-cc-kelompok-8-boboiboy-kuasa-bug-gaib/Nusatarawisata-kaltim/vendor/laravel/framework/src/Illuminate/Container/BoundMethod.php(84): Illuminate\\Container\\Util::unwrapIfClosure(Object(Closure))
#7 /Applications/XAMPP/xamppfiles/htdocs/final-project-cloud-computing-b-cc-kelompok-8-boboiboy-kuasa-bug-gaib/Nusatarawisata-kaltim/vendor/laravel/framework/src/Illuminate/Container/BoundMethod.php(35): Illuminate\\Container\\BoundMethod::callBoundMethod(Object(Illuminate\\Foundation\\Application), Object(Closure), Object(Closure))
#8 /Applications/XAMPP/xamppfiles/htdocs/final-project-cloud-computing-b-cc-kelompok-8-boboiboy-kuasa-bug-gaib/Nusatarawisata-kaltim/vendor/laravel/framework/src/Illuminate/Container/Container.php(836): Illuminate\\Container\\BoundMethod::call(Object(Illuminate\\Foundation\\Application), Object(Closure), Array, NULL)
#9 /Applications/XAMPP/xamppfiles/htdocs/final-project-cloud-computing-b-cc-kelompok-8-boboiboy-kuasa-bug-gaib/Nusatarawisata-kaltim/vendor/laravel/framework/src/Illuminate/Foundation/Support/Providers/RouteServiceProvider.php(162): Illuminate\\Container\\Container->call(Object(Closure))
#10 /Applications/XAMPP/xamppfiles/htdocs/final-project-cloud-computing-b-cc-kelompok-8-boboiboy-kuasa-bug-gaib/Nusatarawisata-kaltim/vendor/laravel/framework/src/Illuminate/Foundation/Support/Providers/RouteServiceProvider.php(59): Illuminate\\Foundation\\Support\\Providers\\RouteServiceProvider->loadRoutes()
#11 /Applications/XAMPP/xamppfiles/htdocs/final-project-cloud-computing-b-cc-kelompok-8-boboiboy-kuasa-bug-gaib/Nusatarawisata-kaltim/vendor/laravel/framework/src/Illuminate/Container/BoundMethod.php(36): Illuminate\\Foundation\\Support\\Providers\\RouteServiceProvider->Illuminate\\Foundation\\Support\\Providers\\{closure}()
#12 /Applications/XAMPP/xamppfiles/htdocs/final-project-cloud-computing-b-cc-kelompok-8-boboiboy-kuasa-bug-gaib/Nusatarawisata-kaltim/vendor/laravel/framework/src/Illuminate/Container/Util.php(43): Illuminate\\Container\\BoundMethod::Illuminate\\Container\\{closure}()
#13 /Applications/XAMPP/xamppfiles/htdocs/final-project-cloud-computing-b-cc-kelompok-8-boboiboy-kuasa-bug-gaib/Nusatarawisata-kaltim/vendor/laravel/framework/src/Illuminate/Container/BoundMethod.php(84): Illuminate\\Container\\Util::unwrapIfClosure(Object(Closure))
#14 /Applications/XAMPP/xamppfiles/htdocs/final-project-cloud-computing-b-cc-kelompok-8-boboiboy-kuasa-bug-gaib/Nusatarawisata-kaltim/vendor/laravel/framework/src/Illuminate/Container/BoundMethod.php(35): Illuminate\\Container\\BoundMethod::callBoundMethod(Object(Illuminate\\Foundation\\Application), Object(Closure), Object(Closure))
#15 /Applications/XAMPP/xamppfiles/htdocs/final-project-cloud-computing-b-cc-kelompok-8-boboiboy-kuasa-bug-gaib/Nusatarawisata-kaltim/vendor/laravel/framework/src/Illuminate/Container/Container.php(836): Illuminate\\Container\\BoundMethod::call(Object(Illuminate\\Foundation\\Application), Object(Closure), Array, NULL)
#16 /Applications/XAMPP/xamppfiles/htdocs/final-project-cloud-computing-b-cc-kelompok-8-boboiboy-kuasa-bug-gaib/Nusatarawisata-kaltim/vendor/laravel/framework/src/Illuminate/Support/ServiceProvider.php(143): Illuminate\\Container\\Container->call(Object(Closure))
#17 /Applications/XAMPP/xamppfiles/htdocs/final-project-cloud-computing-b-cc-kelompok-8-boboiboy-kuasa-bug-gaib/Nusatarawisata-kaltim/vendor/laravel/framework/src/Illuminate/Foundation/Application.php(1154): Illuminate\\Support\\ServiceProvider->callBootedCallbacks()
#18 /Applications/XAMPP/xamppfiles/htdocs/final-project-cloud-computing-b-cc-kelompok-8-boboiboy-kuasa-bug-gaib/Nusatarawisata-kaltim/vendor/laravel/framework/src/Illuminate/Foundation/Application.php(1132): Illuminate\\Foundation\\Application->bootProvider(Object(Illuminate\\Foundation\\Support\\Providers\\RouteServiceProvider))
#19 [internal function]: Illuminate\\Foundation\\Application->Illuminate\\Foundation\\{closure}(Object(Illuminate\\Foundation\\Support\\Providers\\RouteServiceProvider), 'Illuminate\\\\Foun...')
#20 /Applications/XAMPP/xamppfiles/htdocs/final-project-cloud-computing-b-cc-kelompok-8-boboiboy-kuasa-bug-gaib/Nusatarawisata-kaltim/vendor/laravel/framework/src/Illuminate/Foundation/Application.php(1131): array_walk(Array, Object(Closure))
#21 /Applications/XAMPP/xamppfiles/htdocs/final-project-cloud-computing-b-cc-kelompok-8-boboiboy-kuasa-bug-gaib/Nusatarawisata-kaltim/vendor/laravel/framework/src/Illuminate/Foundation/Bootstrap/BootProviders.php(17): Illuminate\\Foundation\\Application->boot()
#22 /Applications/XAMPP/xamppfiles/htdocs/final-project-cloud-computing-b-cc-kelompok-8-boboiboy-kuasa-bug-gaib/Nusatarawisata-kaltim/vendor/laravel/framework/src/Illuminate/Foundation/Application.php(342): Illuminate\\Foundation\\Bootstrap\\BootProviders->bootstrap(Object(Illuminate\\Foundation\\Application))
#23 /Applications/XAMPP/xamppfiles/htdocs/final-project-cloud-computing-b-cc-kelompok-8-boboiboy-kuasa-bug-gaib/Nusatarawisata-kaltim/vendor/laravel/framework/src/Illuminate/Foundation/Console/Kernel.php(473): Illuminate\\Foundation\\Application->bootstrapWith(Array)
#24 /Applications/XAMPP/xamppfiles/htdocs/final-project-cloud-computing-b-cc-kelompok-8-boboiboy-kuasa-bug-gaib/Nusatarawisata-kaltim/vendor/laravel/framework/src/Illuminate/Foundation/Console/Kernel.php(195): Illuminate\\Foundation\\Console\\Kernel->bootstrap()
#25 /Applications/XAMPP/xamppfiles/htdocs/final-project-cloud-computing-b-cc-kelompok-8-boboiboy-kuasa-bug-gaib/Nusatarawisata-kaltim/vendor/laravel/framework/src/Illuminate/Foundation/Application.php(1235): Illuminate\\Foundation\\Console\\Kernel->handle(Object(Symfony\\Component\\Console\\Input\\ArgvInput), Object(Symfony\\Component\\Console\\Output\\ConsoleOutput))
#26 /Applications/XAMPP/xamppfiles/htdocs/final-project-cloud-computing-b-cc-kelompok-8-boboiboy-kuasa-bug-gaib/Nusatarawisata-kaltim/artisan(16): Illuminate\\Foundation\\Application->handleCommand(Object(Symfony\\Component\\Console\\Input\\ArgvInput))
#27 {main}
"} 
[2025-10-28 17:42:15] local.ERROR: Unclosed '{' on line 24 {"exception":"[object] (ParseError(code: 0): Unclosed '{' on line 24 at /Applications/XAMPP/xamppfiles/htdocs/final-project-cloud-computing-b-cc-kelompok-8-boboiboy-kuasa-bug-gaib/Nusatarawisata-kaltim/routes/web.php:50)
[stacktrace]
#0 /Applications/XAMPP/xamppfiles/htdocs/final-project-cloud-computing-b-cc-kelompok-8-boboiboy-kuasa-bug-gaib/Nusatarawisata-kaltim/vendor/laravel/framework/src/Illuminate/Routing/Router.php(526): Illuminate\\Routing\\RouteFileRegistrar->register('/Applications/X...')
#1 /Applications/XAMPP/xamppfiles/htdocs/final-project-cloud-computing-b-cc-kelompok-8-boboiboy-kuasa-bug-gaib/Nusatarawisata-kaltim/vendor/laravel/framework/src/Illuminate/Routing/Router.php(480): Illuminate\\Routing\\Router->loadRoutes('/Applications/X...')
#2 /Applications/XAMPP/xamppfiles/htdocs/final-project-cloud-computing-b-cc-kelompok-8-boboiboy-kuasa-bug-gaib/Nusatarawisata-kaltim/vendor/laravel/framework/src/Illuminate/Routing/RouteRegistrar.php(212): Illuminate\\Routing\\Router->group(Array, '/Applications/X...')
#3 /Applications/XAMPP/xamppfiles/htdocs/final-project-cloud-computing-b-cc-kelompok-8-boboiboy-kuasa-bug-gaib/Nusatarawisata-kaltim/vendor/laravel/framework/src/Illuminate/Foundation/Configuration/ApplicationBuilder.php(248): Illuminate\\Routing\\RouteRegistrar->group('/Applications/X...')
#4 /Applications/XAMPP/xamppfiles/htdocs/final-project-cloud-computing-b-cc-kelompok-8-boboiboy-kuasa-bug-gaib/Nusatarawisata-kaltim/vendor/laravel/framework/src/Illuminate/Container/BoundMethod.php(36): Illuminate\\Foundation\\Configuration\\ApplicationBuilder->Illuminate\\Foundation\\Configuration\\{closure}()
#5 /Applications/XAMPP/xamppfiles/htdocs/final-project-cloud-computing-b-cc-kelompok-8-boboiboy-kuasa-bug-gaib/Nusatarawisata-kaltim/vendor/laravel/framework/src/Illuminate/Container/Util.php(43): Illuminate\\Container\\BoundMethod::Illuminate\\Container\\{closure}()
#6 /Applications/XAMPP/xamppfiles/htdocs/final-project-cloud-computing-b-cc-kelompok-8-boboiboy-kuasa-bug-gaib/Nusatarawisata-kaltim/vendor/laravel/framework/src/Illuminate/Container/BoundMethod.php(84): Illuminate\\Container\\Util::unwrapIfClosure(Object(Closure))
#7 /Applications/XAMPP/xamppfiles/htdocs/final-project-cloud-computing-b-cc-kelompok-8-boboiboy-kuasa-bug-gaib/Nusatarawisata-kaltim/vendor/laravel/framework/src/Illuminate/Container/BoundMethod.php(35): Illuminate\\Container\\BoundMethod::callBoundMethod(Object(Illuminate\\Foundation\\Application), Object(Closure), Object(Closure))
#8 /Applications/XAMPP/xamppfiles/htdocs/final-project-cloud-computing-b-cc-kelompok-8-boboiboy-kuasa-bug-gaib/Nusatarawisata-kaltim/vendor/laravel/framework/src/Illuminate/Container/Container.php(836): Illuminate\\Container\\BoundMethod::call(Object(Illuminate\\Foundation\\Application), Object(Closure), Array, NULL)
#9 /Applications/XAMPP/xamppfiles/htdocs/final-project-cloud-computing-b-cc-kelompok-8-boboiboy-kuasa-bug-gaib/Nusatarawisata-kaltim/vendor/laravel/framework/src/Illuminate/Foundation/Support/Providers/RouteServiceProvider.php(162): Illuminate\\Container\\Container->call(Object(Closure))
#10 /Applications/XAMPP/xamppfiles/htdocs/final-project-cloud-computing-b-cc-kelompok-8-boboiboy-kuasa-bug-gaib/Nusatarawisata-kaltim/vendor/laravel/framework/src/Illuminate/Foundation/Support/Providers/RouteServiceProvider.php(59): Illuminate\\Foundation\\Support\\Providers\\RouteServiceProvider->loadRoutes()
#11 /Applications/XAMPP/xamppfiles/htdocs/final-project-cloud-computing-b-cc-kelompok-8-boboiboy-kuasa-bug-gaib/Nusatarawisata-kaltim/vendor/laravel/framework/src/Illuminate/Container/BoundMethod.php(36): Illuminate\\Foundation\\Support\\Providers\\RouteServiceProvider->Illuminate\\Foundation\\Support\\Providers\\{closure}()
#12 /Applications/XAMPP/xamppfiles/htdocs/final-project-cloud-computing-b-cc-kelompok-8-boboiboy-kuasa-bug-gaib/Nusatarawisata-kaltim/vendor/laravel/framework/src/Illuminate/Container/Util.php(43): Illuminate\\Container\\BoundMethod::Illuminate\\Container\\{closure}()
#13 /Applications/XAMPP/xamppfiles/htdocs/final-project-cloud-computing-b-cc-kelompok-8-boboiboy-kuasa-bug-gaib/Nusatarawisata-kaltim/vendor/laravel/framework/src/Illuminate/Container/BoundMethod.php(84): Illuminate\\Container\\Util::unwrapIfClosure(Object(Closure))
#14 /Applications/XAMPP/xamppfiles/htdocs/final-project-cloud-computing-b-cc-kelompok-8-boboiboy-kuasa-bug-gaib/Nusatarawisata-kaltim/vendor/laravel/framework/src/Illuminate/Container/BoundMethod.php(35): Illuminate\\Container\\BoundMethod::callBoundMethod(Object(Illuminate\\Foundation\\Application), Object(Closure), Object(Closure))
#15 /Applications/XAMPP/xamppfiles/htdocs/final-project-cloud-computing-b-cc-kelompok-8-boboiboy-kuasa-bug-gaib/Nusatarawisata-kaltim/vendor/laravel/framework/src/Illuminate/Container/Container.php(836): Illuminate\\Container\\BoundMethod::call(Object(Illuminate\\Foundation\\Application), Object(Closure), Array, NULL)
#16 /Applications/XAMPP/xamppfiles/htdocs/final-project-cloud-computing-b-cc-kelompok-8-boboiboy-kuasa-bug-gaib/Nusatarawisata-kaltim/vendor/laravel/framework/src/Illuminate/Support/ServiceProvider.php(143): Illuminate\\Container\\Container->call(Object(Closure))
#17 /Applications/XAMPP/xamppfiles/htdocs/final-project-cloud-computing-b-cc-kelompok-8-boboiboy-kuasa-bug-gaib/Nusatarawisata-kaltim/vendor/laravel/framework/src/Illuminate/Foundation/Application.php(1154): Illuminate\\Support\\ServiceProvider->callBootedCallbacks()
#18 /Applications/XAMPP/xamppfiles/htdocs/final-project-cloud-computing-b-cc-kelompok-8-boboiboy-kuasa-bug-gaib/Nusatarawisata-kaltim/vendor/laravel/framework/src/Illuminate/Foundation/Application.php(1132): Illuminate\\Foundation\\Application->bootProvider(Object(Illuminate\\Foundation\\Support\\Providers\\RouteServiceProvider))
#19 [internal function]: Illuminate\\Foundation\\Application->Illuminate\\Foundation\\{closure}(Object(Illuminate\\Foundation\\Support\\Providers\\RouteServiceProvider), 'Illuminate\\\\Foun...')
#20 /Applications/XAMPP/xamppfiles/htdocs/final-project-cloud-computing-b-cc-kelompok-8-boboiboy-kuasa-bug-gaib/Nusatarawisata-kaltim/vendor/laravel/framework/src/Illuminate/Foundation/Application.php(1131): array_walk(Array, Object(Closure))
#21 /Applications/XAMPP/xamppfiles/htdocs/final-project-cloud-computing-b-cc-kelompok-8-boboiboy-kuasa-bug-gaib/Nusatarawisata-kaltim/vendor/laravel/framework/src/Illuminate/Foundation/Bootstrap/BootProviders.php(17): Illuminate\\Foundation\\Application->boot()
#22 /Applications/XAMPP/xamppfiles/htdocs/final-project-cloud-computing-b-cc-kelompok-8-boboiboy-kuasa-bug-gaib/Nusatarawisata-kaltim/vendor/laravel/framework/src/Illuminate/Foundation/Application.php(342): Illuminate\\Foundation\\Bootstrap\\BootProviders->bootstrap(Object(Illuminate\\Foundation\\Application))
#23 /Applications/XAMPP/xamppfiles/htdocs/final-project-cloud-computing-b-cc-kelompok-8-boboiboy-kuasa-bug-gaib/Nusatarawisata-kaltim/vendor/laravel/framework/src/Illuminate/Foundation/Console/Kernel.php(473): Illuminate\\Foundation\\Application->bootstrapWith(Array)
#24 /Applications/XAMPP/xamppfiles/htdocs/final-project-cloud-computing-b-cc-kelompok-8-boboiboy-kuasa-bug-gaib/Nusatarawisata-kaltim/vendor/laravel/framework/src/Illuminate/Foundation/Console/Kernel.php(195): Illuminate\\Foundation\\Console\\Kernel->bootstrap()
#25 /Applications/XAMPP/xamppfiles/htdocs/final-project-cloud-computing-b-cc-kelompok-8-boboiboy-kuasa-bug-gaib/Nusatarawisata-kaltim/vendor/laravel/framework/src/Illuminate/Foundation/Application.php(1235): Illuminate\\Foundation\\Console\\Kernel->handle(Object(Symfony\\Component\\Console\\Input\\ArgvInput), Object(Symfony\\Component\\Console\\Output\\ConsoleOutput))
#26 /Applications/XAMPP/xamppfiles/htdocs/final-project-cloud-computing-b-cc-kelompok-8-boboiboy-kuasa-bug-gaib/Nusatarawisata-kaltim/artisan(16): Illuminate\\Foundation\\Application->handleCommand(Object(Symfony\\Component\\Console\\Input\\ArgvInput))
#27 {main}
"} 
[2025-10-28 17:42:15] local.ERROR: Unclosed '{' on line 24 {"exception":"[object] (ParseError(code: 0): Unclosed '{' on line 24 at /Applications/XAMPP/xamppfiles/htdocs/final-project-cloud-computing-b-cc-kelompok-8-boboiboy-kuasa-bug-gaib/Nusatarawisata-kaltim/routes/web.php:50)
[stacktrace]
#0 /Applications/XAMPP/xamppfiles/htdocs/final-project-cloud-computing-b-cc-kelompok-8-boboiboy-kuasa-bug-gaib/Nusatarawisata-kaltim/vendor/laravel/framework/src/Illuminate/Routing/Router.php(526): Illuminate\\Routing\\RouteFileRegistrar->register('/Applications/X...')
#1 /Applications/XAMPP/xamppfiles/htdocs/final-project-cloud-computing-b-cc-kelompok-8-boboiboy-kuasa-bug-gaib/Nusatarawisata-kaltim/vendor/laravel/framework/src/Illuminate/Routing/Router.php(480): Illuminate\\Routing\\Router->loadRoutes('/Applications/X...')
#2 /Applications/XAMPP/xamppfiles/htdocs/final-project-cloud-computing-b-cc-kelompok-8-boboiboy-kuasa-bug-gaib/Nusatarawisata-kaltim/vendor/laravel/framework/src/Illuminate/Routing/RouteRegistrar.php(212): Illuminate\\Routing\\Router->group(Array, '/Applications/X...')
#3 /Applications/XAMPP/xamppfiles/htdocs/final-project-cloud-computing-b-cc-kelompok-8-boboiboy-kuasa-bug-gaib/Nusatarawisata-kaltim/vendor/laravel/framework/src/Illuminate/Foundation/Configuration/ApplicationBuilder.php(248): Illuminate\\Routing\\RouteRegistrar->group('/Applications/X...')
#4 /Applications/XAMPP/xamppfiles/htdocs/final-project-cloud-computing-b-cc-kelompok-8-boboiboy-kuasa-bug-gaib/Nusatarawisata-kaltim/vendor/laravel/framework/src/Illuminate/Container/BoundMethod.php(36): Illuminate\\Foundation\\Configuration\\ApplicationBuilder->Illuminate\\Foundation\\Configuration\\{closure}()
#5 /Applications/XAMPP/xamppfiles/htdocs/final-project-cloud-computing-b-cc-kelompok-8-boboiboy-kuasa-bug-gaib/Nusatarawisata-kaltim/vendor/laravel/framework/src/Illuminate/Container/Util.php(43): Illuminate\\Container\\BoundMethod::Illuminate\\Container\\{closure}()
#6 /Applications/XAMPP/xamppfiles/htdocs/final-project-cloud-computing-b-cc-kelompok-8-boboiboy-kuasa-bug-gaib/Nusatarawisata-kaltim/vendor/laravel/framework/src/Illuminate/Container/BoundMethod.php(84): Illuminate\\Container\\Util::unwrapIfClosure(Object(Closure))
#7 /Applications/XAMPP/xamppfiles/htdocs/final-project-cloud-computing-b-cc-kelompok-8-boboiboy-kuasa-bug-gaib/Nusatarawisata-kaltim/vendor/laravel/framework/src/Illuminate/Container/BoundMethod.php(35): Illuminate\\Container\\BoundMethod::callBoundMethod(Object(Illuminate\\Foundation\\Application), Object(Closure), Object(Closure))
#8 /Applications/XAMPP/xamppfiles/htdocs/final-project-cloud-computing-b-cc-kelompok-8-boboiboy-kuasa-bug-gaib/Nusatarawisata-kaltim/vendor/laravel/framework/src/Illuminate/Container/Container.php(836): Illuminate\\Container\\BoundMethod::call(Object(Illuminate\\Foundation\\Application), Object(Closure), Array, NULL)
#9 /Applications/XAMPP/xamppfiles/htdocs/final-project-cloud-computing-b-cc-kelompok-8-boboiboy-kuasa-bug-gaib/Nusatarawisata-kaltim/vendor/laravel/framework/src/Illuminate/Foundation/Support/Providers/RouteServiceProvider.php(162): Illuminate\\Container\\Container->call(Object(Closure))
#10 /Applications/XAMPP/xamppfiles/htdocs/final-project-cloud-computing-b-cc-kelompok-8-boboiboy-kuasa-bug-gaib/Nusatarawisata-kaltim/vendor/laravel/framework/src/Illuminate/Foundation/Support/Providers/RouteServiceProvider.php(59): Illuminate\\Foundation\\Support\\Providers\\RouteServiceProvider->loadRoutes()
#11 /Applications/XAMPP/xamppfiles/htdocs/final-project-cloud-computing-b-cc-kelompok-8-boboiboy-kuasa-bug-gaib/Nusatarawisata-kaltim/vendor/laravel/framework/src/Illuminate/Container/BoundMethod.php(36): Illuminate\\Foundation\\Support\\Providers\\RouteServiceProvider->Illuminate\\Foundation\\Support\\Providers\\{closure}()
#12 /Applications/XAMPP/xamppfiles/htdocs/final-project-cloud-computing-b-cc-kelompok-8-boboiboy-kuasa-bug-gaib/Nusatarawisata-kaltim/vendor/laravel/framework/src/Illuminate/Container/Util.php(43): Illuminate\\Container\\BoundMethod::Illuminate\\Container\\{closure}()
#13 /Applications/XAMPP/xamppfiles/htdocs/final-project-cloud-computing-b-cc-kelompok-8-boboiboy-kuasa-bug-gaib/Nusatarawisata-kaltim/vendor/laravel/framework/src/Illuminate/Container/BoundMethod.php(84): Illuminate\\Container\\Util::unwrapIfClosure(Object(Closure))
#14 /Applications/XAMPP/xamppfiles/htdocs/final-project-cloud-computing-b-cc-kelompok-8-boboiboy-kuasa-bug-gaib/Nusatarawisata-kaltim/vendor/laravel/framework/src/Illuminate/Container/BoundMethod.php(35): Illuminate\\Container\\BoundMethod::callBoundMethod(Object(Illuminate\\Foundation\\Application), Object(Closure), Object(Closure))
#15 /Applications/XAMPP/xamppfiles/htdocs/final-project-cloud-computing-b-cc-kelompok-8-boboiboy-kuasa-bug-gaib/Nusatarawisata-kaltim/vendor/laravel/framework/src/Illuminate/Container/Container.php(836): Illuminate\\Container\\BoundMethod::call(Object(Illuminate\\Foundation\\Application), Object(Closure), Array, NULL)
#16 /Applications/XAMPP/xamppfiles/htdocs/final-project-cloud-computing-b-cc-kelompok-8-boboiboy-kuasa-bug-gaib/Nusatarawisata-kaltim/vendor/laravel/framework/src/Illuminate/Support/ServiceProvider.php(143): Illuminate\\Container\\Container->call(Object(Closure))
#17 /Applications/XAMPP/xamppfiles/htdocs/final-project-cloud-computing-b-cc-kelompok-8-boboiboy-kuasa-bug-gaib/Nusatarawisata-kaltim/vendor/laravel/framework/src/Illuminate/Foundation/Application.php(1154): Illuminate\\Support\\ServiceProvider->callBootedCallbacks()
#18 /Applications/XAMPP/xamppfiles/htdocs/final-project-cloud-computing-b-cc-kelompok-8-boboiboy-kuasa-bug-gaib/Nusatarawisata-kaltim/vendor/laravel/framework/src/Illuminate/Foundation/Application.php(1132): Illuminate\\Foundation\\Application->bootProvider(Object(Illuminate\\Foundation\\Support\\Providers\\RouteServiceProvider))
#19 [internal function]: Illuminate\\Foundation\\Application->Illuminate\\Foundation\\{closure}(Object(Illuminate\\Foundation\\Support\\Providers\\RouteServiceProvider), 'Illuminate\\\\Foun...')
#20 /Applications/XAMPP/xamppfiles/htdocs/final-project-cloud-computing-b-cc-kelompok-8-boboiboy-kuasa-bug-gaib/Nusatarawisata-kaltim/vendor/laravel/framework/src/Illuminate/Foundation/Application.php(1131): array_walk(Array, Object(Closure))
#21 /Applications/XAMPP/xamppfiles/htdocs/final-project-cloud-computing-b-cc-kelompok-8-boboiboy-kuasa-bug-gaib/Nusatarawisata-kaltim/vendor/laravel/framework/src/Illuminate/Foundation/Bootstrap/BootProviders.php(17): Illuminate\\Foundation\\Application->boot()
#22 /Applications/XAMPP/xamppfiles/htdocs/final-project-cloud-computing-b-cc-kelompok-8-boboiboy-kuasa-bug-gaib/Nusatarawisata-kaltim/vendor/laravel/framework/src/Illuminate/Foundation/Application.php(342): Illuminate\\Foundation\\Bootstrap\\BootProviders->bootstrap(Object(Illuminate\\Foundation\\Application))
#23 /Applications/XAMPP/xamppfiles/htdocs/final-project-cloud-computing-b-cc-kelompok-8-boboiboy-kuasa-bug-gaib/Nusatarawisata-kaltim/vendor/laravel/framework/src/Illuminate/Foundation/Console/Kernel.php(473): Illuminate\\Foundation\\Application->bootstrapWith(Array)
#24 /Applications/XAMPP/xamppfiles/htdocs/final-project-cloud-computing-b-cc-kelompok-8-boboiboy-kuasa-bug-gaib/Nusatarawisata-kaltim/vendor/laravel/framework/src/Illuminate/Foundation/Console/Kernel.php(195): Illuminate\\Foundation\\Console\\Kernel->bootstrap()
#25 /Applications/XAMPP/xamppfiles/htdocs/final-project-cloud-computing-b-cc-kelompok-8-boboiboy-kuasa-bug-gaib/Nusatarawisata-kaltim/vendor/laravel/framework/src/Illuminate/Foundation/Application.php(1235): Illuminate\\Foundation\\Console\\Kernel->handle(Object(Symfony\\Component\\Console\\Input\\ArgvInput), Object(Symfony\\Component\\Console\\Output\\ConsoleOutput))
#26 /Applications/XAMPP/xamppfiles/htdocs/final-project-cloud-computing-b-cc-kelompok-8-boboiboy-kuasa-bug-gaib/Nusatarawisata-kaltim/artisan(16): Illuminate\\Foundation\\Application->handleCommand(Object(Symfony\\Component\\Console\\Input\\ArgvInput))
#27 {main}
"} 
[2025-10-28 17:42:15] local.ERROR: Unclosed '{' on line 24 {"exception":"[object] (ParseError(code: 0): Unclosed '{' on line 24 at /Applications/XAMPP/xamppfiles/htdocs/final-project-cloud-computing-b-cc-kelompok-8-boboiboy-kuasa-bug-gaib/Nusatarawisata-kaltim/routes/web.php:50)
[stacktrace]
#0 /Applications/XAMPP/xamppfiles/htdocs/final-project-cloud-computing-b-cc-kelompok-8-boboiboy-kuasa-bug-gaib/Nusatarawisata-kaltim/vendor/laravel/framework/src/Illuminate/Routing/Router.php(526): Illuminate\\Routing\\RouteFileRegistrar->register('/Applications/X...')
#1 /Applications/XAMPP/xamppfiles/htdocs/final-project-cloud-computing-b-cc-kelompok-8-boboiboy-kuasa-bug-gaib/Nusatarawisata-kaltim/vendor/laravel/framework/src/Illuminate/Routing/Router.php(480): Illuminate\\Routing\\Router->loadRoutes('/Applications/X...')
#2 /Applications/XAMPP/xamppfiles/htdocs/final-project-cloud-computing-b-cc-kelompok-8-boboiboy-kuasa-bug-gaib/Nusatarawisata-kaltim/vendor/laravel/framework/src/Illuminate/Routing/RouteRegistrar.php(212): Illuminate\\Routing\\Router->group(Array, '/Applications/X...')
#3 /Applications/XAMPP/xamppfiles/htdocs/final-project-cloud-computing-b-cc-kelompok-8-boboiboy-kuasa-bug-gaib/Nusatarawisata-kaltim/vendor/laravel/framework/src/Illuminate/Foundation/Configuration/ApplicationBuilder.php(248): Illuminate\\Routing\\RouteRegistrar->group('/Applications/X...')
#4 /Applications/XAMPP/xamppfiles/htdocs/final-project-cloud-computing-b-cc-kelompok-8-boboiboy-kuasa-bug-gaib/Nusatarawisata-kaltim/vendor/laravel/framework/src/Illuminate/Container/BoundMethod.php(36): Illuminate\\Foundation\\Configuration\\ApplicationBuilder->Illuminate\\Foundation\\Configuration\\{closure}()
#5 /Applications/XAMPP/xamppfiles/htdocs/final-project-cloud-computing-b-cc-kelompok-8-boboiboy-kuasa-bug-gaib/Nusatarawisata-kaltim/vendor/laravel/framework/src/Illuminate/Container/Util.php(43): Illuminate\\Container\\BoundMethod::Illuminate\\Container\\{closure}()
#6 /Applications/XAMPP/xamppfiles/htdocs/final-project-cloud-computing-b-cc-kelompok-8-boboiboy-kuasa-bug-gaib/Nusatarawisata-kaltim/vendor/laravel/framework/src/Illuminate/Container/BoundMethod.php(84): Illuminate\\Container\\Util::unwrapIfClosure(Object(Closure))
#7 /Applications/XAMPP/xamppfiles/htdocs/final-project-cloud-computing-b-cc-kelompok-8-boboiboy-kuasa-bug-gaib/Nusatarawisata-kaltim/vendor/laravel/framework/src/Illuminate/Container/BoundMethod.php(35): Illuminate\\Container\\BoundMethod::callBoundMethod(Object(Illuminate\\Foundation\\Application), Object(Closure), Object(Closure))
#8 /Applications/XAMPP/xamppfiles/htdocs/final-project-cloud-computing-b-cc-kelompok-8-boboiboy-kuasa-bug-gaib/Nusatarawisata-kaltim/vendor/laravel/framework/src/Illuminate/Container/Container.php(836): Illuminate\\Container\\BoundMethod::call(Object(Illuminate\\Foundation\\Application), Object(Closure), Array, NULL)
#9 /Applications/XAMPP/xamppfiles/htdocs/final-project-cloud-computing-b-cc-kelompok-8-boboiboy-kuasa-bug-gaib/Nusatarawisata-kaltim/vendor/laravel/framework/src/Illuminate/Foundation/Support/Providers/RouteServiceProvider.php(162): Illuminate\\Container\\Container->call(Object(Closure))
#10 /Applications/XAMPP/xamppfiles/htdocs/final-project-cloud-computing-b-cc-kelompok-8-boboiboy-kuasa-bug-gaib/Nusatarawisata-kaltim/vendor/laravel/framework/src/Illuminate/Foundation/Support/Providers/RouteServiceProvider.php(59): Illuminate\\Foundation\\Support\\Providers\\RouteServiceProvider->loadRoutes()
#11 /Applications/XAMPP/xamppfiles/htdocs/final-project-cloud-computing-b-cc-kelompok-8-boboiboy-kuasa-bug-gaib/Nusatarawisata-kaltim/vendor/laravel/framework/src/Illuminate/Container/BoundMethod.php(36): Illuminate\\Foundation\\Support\\Providers\\RouteServiceProvider->Illuminate\\Foundation\\Support\\Providers\\{closure}()
#12 /Applications/XAMPP/xamppfiles/htdocs/final-project-cloud-computing-b-cc-kelompok-8-boboiboy-kuasa-bug-gaib/Nusatarawisata-kaltim/vendor/laravel/framework/src/Illuminate/Container/Util.php(43): Illuminate\\Container\\BoundMethod::Illuminate\\Container\\{closure}()
#13 /Applications/XAMPP/xamppfiles/htdocs/final-project-cloud-computing-b-cc-kelompok-8-boboiboy-kuasa-bug-gaib/Nusatarawisata-kaltim/vendor/laravel/framework/src/Illuminate/Container/BoundMethod.php(84): Illuminate\\Container\\Util::unwrapIfClosure(Object(Closure))
#14 /Applications/XAMPP/xamppfiles/htdocs/final-project-cloud-computing-b-cc-kelompok-8-boboiboy-kuasa-bug-gaib/Nusatarawisata-kaltim/vendor/laravel/framework/src/Illuminate/Container/BoundMethod.php(35): Illuminate\\Container\\BoundMethod::callBoundMethod(Object(Illuminate\\Foundation\\Application), Object(Closure), Object(Closure))
#15 /Applications/XAMPP/xamppfiles/htdocs/final-project-cloud-computing-b-cc-kelompok-8-boboiboy-kuasa-bug-gaib/Nusatarawisata-kaltim/vendor/laravel/framework/src/Illuminate/Container/Container.php(836): Illuminate\\Container\\BoundMethod::call(Object(Illuminate\\Foundation\\Application), Object(Closure), Array, NULL)
#16 /Applications/XAMPP/xamppfiles/htdocs/final-project-cloud-computing-b-cc-kelompok-8-boboiboy-kuasa-bug-gaib/Nusatarawisata-kaltim/vendor/laravel/framework/src/Illuminate/Support/ServiceProvider.php(143): Illuminate\\Container\\Container->call(Object(Closure))
#17 /Applications/XAMPP/xamppfiles/htdocs/final-project-cloud-computing-b-cc-kelompok-8-boboiboy-kuasa-bug-gaib/Nusatarawisata-kaltim/vendor/laravel/framework/src/Illuminate/Foundation/Application.php(1154): Illuminate\\Support\\ServiceProvider->callBootedCallbacks()
#18 /Applications/XAMPP/xamppfiles/htdocs/final-project-cloud-computing-b-cc-kelompok-8-boboiboy-kuasa-bug-gaib/Nusatarawisata-kaltim/vendor/laravel/framework/src/Illuminate/Foundation/Application.php(1132): Illuminate\\Foundation\\Application->bootProvider(Object(Illuminate\\Foundation\\Support\\Providers\\RouteServiceProvider))
#19 [internal function]: Illuminate\\Foundation\\Application->Illuminate\\Foundation\\{closure}(Object(Illuminate\\Foundation\\Support\\Providers\\RouteServiceProvider), 'Illuminate\\\\Foun...')
#20 /Applications/XAMPP/xamppfiles/htdocs/final-project-cloud-computing-b-cc-kelompok-8-boboiboy-kuasa-bug-gaib/Nusatarawisata-kaltim/vendor/laravel/framework/src/Illuminate/Foundation/Application.php(1131): array_walk(Array, Object(Closure))
#21 /Applications/XAMPP/xamppfiles/htdocs/final-project-cloud-computing-b-cc-kelompok-8-boboiboy-kuasa-bug-gaib/Nusatarawisata-kaltim/vendor/laravel/framework/src/Illuminate/Foundation/Bootstrap/BootProviders.php(17): Illuminate\\Foundation\\Application->boot()
#22 /Applications/XAMPP/xamppfiles/htdocs/final-project-cloud-computing-b-cc-kelompok-8-boboiboy-kuasa-bug-gaib/Nusatarawisata-kaltim/vendor/laravel/framework/src/Illuminate/Foundation/Application.php(342): Illuminate\\Foundation\\Bootstrap\\BootProviders->bootstrap(Object(Illuminate\\Foundation\\Application))
#23 /Applications/XAMPP/xamppfiles/htdocs/final-project-cloud-computing-b-cc-kelompok-8-boboiboy-kuasa-bug-gaib/Nusatarawisata-kaltim/vendor/laravel/framework/src/Illuminate/Foundation/Console/Kernel.php(473): Illuminate\\Foundation\\Application->bootstrapWith(Array)
#24 /Applications/XAMPP/xamppfiles/htdocs/final-project-cloud-computing-b-cc-kelompok-8-boboiboy-kuasa-bug-gaib/Nusatarawisata-kaltim/vendor/laravel/framework/src/Illuminate/Foundation/Console/Kernel.php(195): Illuminate\\Foundation\\Console\\Kernel->bootstrap()
#25 /Applications/XAMPP/xamppfiles/htdocs/final-project-cloud-computing-b-cc-kelompok-8-boboiboy-kuasa-bug-gaib/Nusatarawisata-kaltim/vendor/laravel/framework/src/Illuminate/Foundation/Application.php(1235): Illuminate\\Foundation\\Console\\Kernel->handle(Object(Symfony\\Component\\Console\\Input\\ArgvInput), Object(Symfony\\Component\\Console\\Output\\ConsoleOutput))
#26 /Applications/XAMPP/xamppfiles/htdocs/final-project-cloud-computing-b-cc-kelompok-8-boboiboy-kuasa-bug-gaib/Nusatarawisata-kaltim/artisan(16): Illuminate\\Foundation\\Application->handleCommand(Object(Symfony\\Component\\Console\\Input\\ArgvInput))
#27 {main}
"} 
[2025-10-28 17:42:47] local.ERROR: Unclosed '{' on line 24 {"exception":"[object] (ParseError(code: 0): Unclosed '{' on line 24 at /Applications/XAMPP/xamppfiles/htdocs/final-project-cloud-computing-b-cc-kelompok-8-boboiboy-kuasa-bug-gaib/Nusatarawisata-kaltim/routes/web.php:50)
[stacktrace]
#0 /Applications/XAMPP/xamppfiles/htdocs/final-project-cloud-computing-b-cc-kelompok-8-boboiboy-kuasa-bug-gaib/Nusatarawisata-kaltim/vendor/laravel/framework/src/Illuminate/Routing/Router.php(526): Illuminate\\Routing\\RouteFileRegistrar->register('/Applications/X...')
#1 /Applications/XAMPP/xamppfiles/htdocs/final-project-cloud-computing-b-cc-kelompok-8-boboiboy-kuasa-bug-gaib/Nusatarawisata-kaltim/vendor/laravel/framework/src/Illuminate/Routing/Router.php(480): Illuminate\\Routing\\Router->loadRoutes('/Applications/X...')
#2 /Applications/XAMPP/xamppfiles/htdocs/final-project-cloud-computing-b-cc-kelompok-8-boboiboy-kuasa-bug-gaib/Nusatarawisata-kaltim/vendor/laravel/framework/src/Illuminate/Routing/RouteRegistrar.php(212): Illuminate\\Routing\\Router->group(Array, '/Applications/X...')
#3 /Applications/XAMPP/xamppfiles/htdocs/final-project-cloud-computing-b-cc-kelompok-8-boboiboy-kuasa-bug-gaib/Nusatarawisata-kaltim/vendor/laravel/framework/src/Illuminate/Foundation/Configuration/ApplicationBuilder.php(248): Illuminate\\Routing\\RouteRegistrar->group('/Applications/X...')
#4 /Applications/XAMPP/xamppfiles/htdocs/final-project-cloud-computing-b-cc-kelompok-8-boboiboy-kuasa-bug-gaib/Nusatarawisata-kaltim/vendor/laravel/framework/src/Illuminate/Container/BoundMethod.php(36): Illuminate\\Foundation\\Configuration\\ApplicationBuilder->Illuminate\\Foundation\\Configuration\\{closure}()
#5 /Applications/XAMPP/xamppfiles/htdocs/final-project-cloud-computing-b-cc-kelompok-8-boboiboy-kuasa-bug-gaib/Nusatarawisata-kaltim/vendor/laravel/framework/src/Illuminate/Container/Util.php(43): Illuminate\\Container\\BoundMethod::Illuminate\\Container\\{closure}()
#6 /Applications/XAMPP/xamppfiles/htdocs/final-project-cloud-computing-b-cc-kelompok-8-boboiboy-kuasa-bug-gaib/Nusatarawisata-kaltim/vendor/laravel/framework/src/Illuminate/Container/BoundMethod.php(84): Illuminate\\Container\\Util::unwrapIfClosure(Object(Closure))
#7 /Applications/XAMPP/xamppfiles/htdocs/final-project-cloud-computing-b-cc-kelompok-8-boboiboy-kuasa-bug-gaib/Nusatarawisata-kaltim/vendor/laravel/framework/src/Illuminate/Container/BoundMethod.php(35): Illuminate\\Container\\BoundMethod::callBoundMethod(Object(Illuminate\\Foundation\\Application), Object(Closure), Object(Closure))
#8 /Applications/XAMPP/xamppfiles/htdocs/final-project-cloud-computing-b-cc-kelompok-8-boboiboy-kuasa-bug-gaib/Nusatarawisata-kaltim/vendor/laravel/framework/src/Illuminate/Container/Container.php(836): Illuminate\\Container\\BoundMethod::call(Object(Illuminate\\Foundation\\Application), Object(Closure), Array, NULL)
#9 /Applications/XAMPP/xamppfiles/htdocs/final-project-cloud-computing-b-cc-kelompok-8-boboiboy-kuasa-bug-gaib/Nusatarawisata-kaltim/vendor/laravel/framework/src/Illuminate/Foundation/Support/Providers/RouteServiceProvider.php(162): Illuminate\\Container\\Container->call(Object(Closure))
#10 /Applications/XAMPP/xamppfiles/htdocs/final-project-cloud-computing-b-cc-kelompok-8-boboiboy-kuasa-bug-gaib/Nusatarawisata-kaltim/vendor/laravel/framework/src/Illuminate/Foundation/Support/Providers/RouteServiceProvider.php(59): Illuminate\\Foundation\\Support\\Providers\\RouteServiceProvider->loadRoutes()
#11 /Applications/XAMPP/xamppfiles/htdocs/final-project-cloud-computing-b-cc-kelompok-8-boboiboy-kuasa-bug-gaib/Nusatarawisata-kaltim/vendor/laravel/framework/src/Illuminate/Container/BoundMethod.php(36): Illuminate\\Foundation\\Support\\Providers\\RouteServiceProvider->Illuminate\\Foundation\\Support\\Providers\\{closure}()
#12 /Applications/XAMPP/xamppfiles/htdocs/final-project-cloud-computing-b-cc-kelompok-8-boboiboy-kuasa-bug-gaib/Nusatarawisata-kaltim/vendor/laravel/framework/src/Illuminate/Container/Util.php(43): Illuminate\\Container\\BoundMethod::Illuminate\\Container\\{closure}()
#13 /Applications/XAMPP/xamppfiles/htdocs/final-project-cloud-computing-b-cc-kelompok-8-boboiboy-kuasa-bug-gaib/Nusatarawisata-kaltim/vendor/laravel/framework/src/Illuminate/Container/BoundMethod.php(84): Illuminate\\Container\\Util::unwrapIfClosure(Object(Closure))
#14 /Applications/XAMPP/xamppfiles/htdocs/final-project-cloud-computing-b-cc-kelompok-8-boboiboy-kuasa-bug-gaib/Nusatarawisata-kaltim/vendor/laravel/framework/src/Illuminate/Container/BoundMethod.php(35): Illuminate\\Container\\BoundMethod::callBoundMethod(Object(Illuminate\\Foundation\\Application), Object(Closure), Object(Closure))
#15 /Applications/XAMPP/xamppfiles/htdocs/final-project-cloud-computing-b-cc-kelompok-8-boboiboy-kuasa-bug-gaib/Nusatarawisata-kaltim/vendor/laravel/framework/src/Illuminate/Container/Container.php(836): Illuminate\\Container\\BoundMethod::call(Object(Illuminate\\Foundation\\Application), Object(Closure), Array, NULL)
#16 /Applications/XAMPP/xamppfiles/htdocs/final-project-cloud-computing-b-cc-kelompok-8-boboiboy-kuasa-bug-gaib/Nusatarawisata-kaltim/vendor/laravel/framework/src/Illuminate/Support/ServiceProvider.php(143): Illuminate\\Container\\Container->call(Object(Closure))
#17 /Applications/XAMPP/xamppfiles/htdocs/final-project-cloud-computing-b-cc-kelompok-8-boboiboy-kuasa-bug-gaib/Nusatarawisata-kaltim/vendor/laravel/framework/src/Illuminate/Foundation/Application.php(1154): Illuminate\\Support\\ServiceProvider->callBootedCallbacks()
#18 /Applications/XAMPP/xamppfiles/htdocs/final-project-cloud-computing-b-cc-kelompok-8-boboiboy-kuasa-bug-gaib/Nusatarawisata-kaltim/vendor/laravel/framework/src/Illuminate/Foundation/Application.php(1132): Illuminate\\Foundation\\Application->bootProvider(Object(Illuminate\\Foundation\\Support\\Providers\\RouteServiceProvider))
#19 [internal function]: Illuminate\\Foundation\\Application->Illuminate\\Foundation\\{closure}(Object(Illuminate\\Foundation\\Support\\Providers\\RouteServiceProvider), 'Illuminate\\\\Foun...')
#20 /Applications/XAMPP/xamppfiles/htdocs/final-project-cloud-computing-b-cc-kelompok-8-boboiboy-kuasa-bug-gaib/Nusatarawisata-kaltim/vendor/laravel/framework/src/Illuminate/Foundation/Application.php(1131): array_walk(Array, Object(Closure))
#21 /Applications/XAMPP/xamppfiles/htdocs/final-project-cloud-computing-b-cc-kelompok-8-boboiboy-kuasa-bug-gaib/Nusatarawisata-kaltim/vendor/laravel/framework/src/Illuminate/Foundation/Bootstrap/BootProviders.php(17): Illuminate\\Foundation\\Application->boot()
#22 /Applications/XAMPP/xamppfiles/htdocs/final-project-cloud-computing-b-cc-kelompok-8-boboiboy-kuasa-bug-gaib/Nusatarawisata-kaltim/vendor/laravel/framework/src/Illuminate/Foundation/Application.php(342): Illuminate\\Foundation\\Bootstrap\\BootProviders->bootstrap(Object(Illuminate\\Foundation\\Application))
#23 /Applications/XAMPP/xamppfiles/htdocs/final-project-cloud-computing-b-cc-kelompok-8-boboiboy-kuasa-bug-gaib/Nusatarawisata-kaltim/vendor/laravel/framework/src/Illuminate/Foundation/Console/Kernel.php(473): Illuminate\\Foundation\\Application->bootstrapWith(Array)
#24 /Applications/XAMPP/xamppfiles/htdocs/final-project-cloud-computing-b-cc-kelompok-8-boboiboy-kuasa-bug-gaib/Nusatarawisata-kaltim/vendor/laravel/framework/src/Illuminate/Foundation/Console/Kernel.php(195): Illuminate\\Foundation\\Console\\Kernel->bootstrap()
#25 /Applications/XAMPP/xamppfiles/htdocs/final-project-cloud-computing-b-cc-kelompok-8-boboiboy-kuasa-bug-gaib/Nusatarawisata-kaltim/vendor/laravel/framework/src/Illuminate/Foundation/Application.php(1235): Illuminate\\Foundation\\Console\\Kernel->handle(Object(Symfony\\Component\\Console\\Input\\ArgvInput), Object(Symfony\\Component\\Console\\Output\\ConsoleOutput))
#26 /Applications/XAMPP/xamppfiles/htdocs/final-project-cloud-computing-b-cc-kelompok-8-boboiboy-kuasa-bug-gaib/Nusatarawisata-kaltim/artisan(16): Illuminate\\Foundation\\Application->handleCommand(Object(Symfony\\Component\\Console\\Input\\ArgvInput))
#27 {main}
"} 
[2025-10-28 17:42:47] local.ERROR: Unclosed '{' on line 24 {"exception":"[object] (ParseError(code: 0): Unclosed '{' on line 24 at /Applications/XAMPP/xamppfiles/htdocs/final-project-cloud-computing-b-cc-kelompok-8-boboiboy-kuasa-bug-gaib/Nusatarawisata-kaltim/routes/web.php:50)
[stacktrace]
#0 /Applications/XAMPP/xamppfiles/htdocs/final-project-cloud-computing-b-cc-kelompok-8-boboiboy-kuasa-bug-gaib/Nusatarawisata-kaltim/vendor/laravel/framework/src/Illuminate/Routing/Router.php(526): Illuminate\\Routing\\RouteFileRegistrar->register('/Applications/X...')
#1 /Applications/XAMPP/xamppfiles/htdocs/final-project-cloud-computing-b-cc-kelompok-8-boboiboy-kuasa-bug-gaib/Nusatarawisata-kaltim/vendor/laravel/framework/src/Illuminate/Routing/Router.php(480): Illuminate\\Routing\\Router->loadRoutes('/Applications/X...')
#2 /Applications/XAMPP/xamppfiles/htdocs/final-project-cloud-computing-b-cc-kelompok-8-boboiboy-kuasa-bug-gaib/Nusatarawisata-kaltim/vendor/laravel/framework/src/Illuminate/Routing/RouteRegistrar.php(212): Illuminate\\Routing\\Router->group(Array, '/Applications/X...')
#3 /Applications/XAMPP/xamppfiles/htdocs/final-project-cloud-computing-b-cc-kelompok-8-boboiboy-kuasa-bug-gaib/Nusatarawisata-kaltim/vendor/laravel/framework/src/Illuminate/Foundation/Configuration/ApplicationBuilder.php(248): Illuminate\\Routing\\RouteRegistrar->group('/Applications/X...')
#4 /Applications/XAMPP/xamppfiles/htdocs/final-project-cloud-computing-b-cc-kelompok-8-boboiboy-kuasa-bug-gaib/Nusatarawisata-kaltim/vendor/laravel/framework/src/Illuminate/Container/BoundMethod.php(36): Illuminate\\Foundation\\Configuration\\ApplicationBuilder->Illuminate\\Foundation\\Configuration\\{closure}()
#5 /Applications/XAMPP/xamppfiles/htdocs/final-project-cloud-computing-b-cc-kelompok-8-boboiboy-kuasa-bug-gaib/Nusatarawisata-kaltim/vendor/laravel/framework/src/Illuminate/Container/Util.php(43): Illuminate\\Container\\BoundMethod::Illuminate\\Container\\{closure}()
#6 /Applications/XAMPP/xamppfiles/htdocs/final-project-cloud-computing-b-cc-kelompok-8-boboiboy-kuasa-bug-gaib/Nusatarawisata-kaltim/vendor/laravel/framework/src/Illuminate/Container/BoundMethod.php(84): Illuminate\\Container\\Util::unwrapIfClosure(Object(Closure))
#7 /Applications/XAMPP/xamppfiles/htdocs/final-project-cloud-computing-b-cc-kelompok-8-boboiboy-kuasa-bug-gaib/Nusatarawisata-kaltim/vendor/laravel/framework/src/Illuminate/Container/BoundMethod.php(35): Illuminate\\Container\\BoundMethod::callBoundMethod(Object(Illuminate\\Foundation\\Application), Object(Closure), Object(Closure))
#8 /Applications/XAMPP/xamppfiles/htdocs/final-project-cloud-computing-b-cc-kelompok-8-boboiboy-kuasa-bug-gaib/Nusatarawisata-kaltim/vendor/laravel/framework/src/Illuminate/Container/Container.php(836): Illuminate\\Container\\BoundMethod::call(Object(Illuminate\\Foundation\\Application), Object(Closure), Array, NULL)
#9 /Applications/XAMPP/xamppfiles/htdocs/final-project-cloud-computing-b-cc-kelompok-8-boboiboy-kuasa-bug-gaib/Nusatarawisata-kaltim/vendor/laravel/framework/src/Illuminate/Foundation/Support/Providers/RouteServiceProvider.php(162): Illuminate\\Container\\Container->call(Object(Closure))
#10 /Applications/XAMPP/xamppfiles/htdocs/final-project-cloud-computing-b-cc-kelompok-8-boboiboy-kuasa-bug-gaib/Nusatarawisata-kaltim/vendor/laravel/framework/src/Illuminate/Foundation/Support/Providers/RouteServiceProvider.php(59): Illuminate\\Foundation\\Support\\Providers\\RouteServiceProvider->loadRoutes()
#11 /Applications/XAMPP/xamppfiles/htdocs/final-project-cloud-computing-b-cc-kelompok-8-boboiboy-kuasa-bug-gaib/Nusatarawisata-kaltim/vendor/laravel/framework/src/Illuminate/Container/BoundMethod.php(36): Illuminate\\Foundation\\Support\\Providers\\RouteServiceProvider->Illuminate\\Foundation\\Support\\Providers\\{closure}()
#12 /Applications/XAMPP/xamppfiles/htdocs/final-project-cloud-computing-b-cc-kelompok-8-boboiboy-kuasa-bug-gaib/Nusatarawisata-kaltim/vendor/laravel/framework/src/Illuminate/Container/Util.php(43): Illuminate\\Container\\BoundMethod::Illuminate\\Container\\{closure}()
#13 /Applications/XAMPP/xamppfiles/htdocs/final-project-cloud-computing-b-cc-kelompok-8-boboiboy-kuasa-bug-gaib/Nusatarawisata-kaltim/vendor/laravel/framework/src/Illuminate/Container/BoundMethod.php(84): Illuminate\\Container\\Util::unwrapIfClosure(Object(Closure))
#14 /Applications/XAMPP/xamppfiles/htdocs/final-project-cloud-computing-b-cc-kelompok-8-boboiboy-kuasa-bug-gaib/Nusatarawisata-kaltim/vendor/laravel/framework/src/Illuminate/Container/BoundMethod.php(35): Illuminate\\Container\\BoundMethod::callBoundMethod(Object(Illuminate\\Foundation\\Application), Object(Closure), Object(Closure))
#15 /Applications/XAMPP/xamppfiles/htdocs/final-project-cloud-computing-b-cc-kelompok-8-boboiboy-kuasa-bug-gaib/Nusatarawisata-kaltim/vendor/laravel/framework/src/Illuminate/Container/Container.php(836): Illuminate\\Container\\BoundMethod::call(Object(Illuminate\\Foundation\\Application), Object(Closure), Array, NULL)
#16 /Applications/XAMPP/xamppfiles/htdocs/final-project-cloud-computing-b-cc-kelompok-8-boboiboy-kuasa-bug-gaib/Nusatarawisata-kaltim/vendor/laravel/framework/src/Illuminate/Support/ServiceProvider.php(143): Illuminate\\Container\\Container->call(Object(Closure))
#17 /Applications/XAMPP/xamppfiles/htdocs/final-project-cloud-computing-b-cc-kelompok-8-boboiboy-kuasa-bug-gaib/Nusatarawisata-kaltim/vendor/laravel/framework/src/Illuminate/Foundation/Application.php(1154): Illuminate\\Support\\ServiceProvider->callBootedCallbacks()
#18 /Applications/XAMPP/xamppfiles/htdocs/final-project-cloud-computing-b-cc-kelompok-8-boboiboy-kuasa-bug-gaib/Nusatarawisata-kaltim/vendor/laravel/framework/src/Illuminate/Foundation/Application.php(1132): Illuminate\\Foundation\\Application->bootProvider(Object(Illuminate\\Foundation\\Support\\Providers\\RouteServiceProvider))
#19 [internal function]: Illuminate\\Foundation\\Application->Illuminate\\Foundation\\{closure}(Object(Illuminate\\Foundation\\Support\\Providers\\RouteServiceProvider), 'Illuminate\\\\Foun...')
#20 /Applications/XAMPP/xamppfiles/htdocs/final-project-cloud-computing-b-cc-kelompok-8-boboiboy-kuasa-bug-gaib/Nusatarawisata-kaltim/vendor/laravel/framework/src/Illuminate/Foundation/Application.php(1131): array_walk(Array, Object(Closure))
#21 /Applications/XAMPP/xamppfiles/htdocs/final-project-cloud-computing-b-cc-kelompok-8-boboiboy-kuasa-bug-gaib/Nusatarawisata-kaltim/vendor/laravel/framework/src/Illuminate/Foundation/Bootstrap/BootProviders.php(17): Illuminate\\Foundation\\Application->boot()
#22 /Applications/XAMPP/xamppfiles/htdocs/final-project-cloud-computing-b-cc-kelompok-8-boboiboy-kuasa-bug-gaib/Nusatarawisata-kaltim/vendor/laravel/framework/src/Illuminate/Foundation/Application.php(342): Illuminate\\Foundation\\Bootstrap\\BootProviders->bootstrap(Object(Illuminate\\Foundation\\Application))
#23 /Applications/XAMPP/xamppfiles/htdocs/final-project-cloud-computing-b-cc-kelompok-8-boboiboy-kuasa-bug-gaib/Nusatarawisata-kaltim/vendor/laravel/framework/src/Illuminate/Foundation/Console/Kernel.php(473): Illuminate\\Foundation\\Application->bootstrapWith(Array)
#24 /Applications/XAMPP/xamppfiles/htdocs/final-project-cloud-computing-b-cc-kelompok-8-boboiboy-kuasa-bug-gaib/Nusatarawisata-kaltim/vendor/laravel/framework/src/Illuminate/Foundation/Console/Kernel.php(195): Illuminate\\Foundation\\Console\\Kernel->bootstrap()
#25 /Applications/XAMPP/xamppfiles/htdocs/final-project-cloud-computing-b-cc-kelompok-8-boboiboy-kuasa-bug-gaib/Nusatarawisata-kaltim/vendor/laravel/framework/src/Illuminate/Foundation/Application.php(1235): Illuminate\\Foundation\\Console\\Kernel->handle(Object(Symfony\\Component\\Console\\Input\\ArgvInput), Object(Symfony\\Component\\Console\\Output\\ConsoleOutput))
#26 /Applications/XAMPP/xamppfiles/htdocs/final-project-cloud-computing-b-cc-kelompok-8-boboiboy-kuasa-bug-gaib/Nusatarawisata-kaltim/artisan(16): Illuminate\\Foundation\\Application->handleCommand(Object(Symfony\\Component\\Console\\Input\\ArgvInput))
#27 {main}
"} 
[2025-10-28 17:42:47] local.ERROR: Unclosed '{' on line 24 {"exception":"[object] (ParseError(code: 0): Unclosed '{' on line 24 at /Applications/XAMPP/xamppfiles/htdocs/final-project-cloud-computing-b-cc-kelompok-8-boboiboy-kuasa-bug-gaib/Nusatarawisata-kaltim/routes/web.php:50)
[stacktrace]
#0 /Applications/XAMPP/xamppfiles/htdocs/final-project-cloud-computing-b-cc-kelompok-8-boboiboy-kuasa-bug-gaib/Nusatarawisata-kaltim/vendor/laravel/framework/src/Illuminate/Routing/Router.php(526): Illuminate\\Routing\\RouteFileRegistrar->register('/Applications/X...')
#1 /Applications/XAMPP/xamppfiles/htdocs/final-project-cloud-computing-b-cc-kelompok-8-boboiboy-kuasa-bug-gaib/Nusatarawisata-kaltim/vendor/laravel/framework/src/Illuminate/Routing/Router.php(480): Illuminate\\Routing\\Router->loadRoutes('/Applications/X...')
#2 /Applications/XAMPP/xamppfiles/htdocs/final-project-cloud-computing-b-cc-kelompok-8-boboiboy-kuasa-bug-gaib/Nusatarawisata-kaltim/vendor/laravel/framework/src/Illuminate/Routing/RouteRegistrar.php(212): Illuminate\\Routing\\Router->group(Array, '/Applications/X...')
#3 /Applications/XAMPP/xamppfiles/htdocs/final-project-cloud-computing-b-cc-kelompok-8-boboiboy-kuasa-bug-gaib/Nusatarawisata-kaltim/vendor/laravel/framework/src/Illuminate/Foundation/Configuration/ApplicationBuilder.php(248): Illuminate\\Routing\\RouteRegistrar->group('/Applications/X...')
#4 /Applications/XAMPP/xamppfiles/htdocs/final-project-cloud-computing-b-cc-kelompok-8-boboiboy-kuasa-bug-gaib/Nusatarawisata-kaltim/vendor/laravel/framework/src/Illuminate/Container/BoundMethod.php(36): Illuminate\\Foundation\\Configuration\\ApplicationBuilder->Illuminate\\Foundation\\Configuration\\{closure}()
#5 /Applications/XAMPP/xamppfiles/htdocs/final-project-cloud-computing-b-cc-kelompok-8-boboiboy-kuasa-bug-gaib/Nusatarawisata-kaltim/vendor/laravel/framework/src/Illuminate/Container/Util.php(43): Illuminate\\Container\\BoundMethod::Illuminate\\Container\\{closure}()
#6 /Applications/XAMPP/xamppfiles/htdocs/final-project-cloud-computing-b-cc-kelompok-8-boboiboy-kuasa-bug-gaib/Nusatarawisata-kaltim/vendor/laravel/framework/src/Illuminate/Container/BoundMethod.php(84): Illuminate\\Container\\Util::unwrapIfClosure(Object(Closure))
#7 /Applications/XAMPP/xamppfiles/htdocs/final-project-cloud-computing-b-cc-kelompok-8-boboiboy-kuasa-bug-gaib/Nusatarawisata-kaltim/vendor/laravel/framework/src/Illuminate/Container/BoundMethod.php(35): Illuminate\\Container\\BoundMethod::callBoundMethod(Object(Illuminate\\Foundation\\Application), Object(Closure), Object(Closure))
#8 /Applications/XAMPP/xamppfiles/htdocs/final-project-cloud-computing-b-cc-kelompok-8-boboiboy-kuasa-bug-gaib/Nusatarawisata-kaltim/vendor/laravel/framework/src/Illuminate/Container/Container.php(836): Illuminate\\Container\\BoundMethod::call(Object(Illuminate\\Foundation\\Application), Object(Closure), Array, NULL)
#9 /Applications/XAMPP/xamppfiles/htdocs/final-project-cloud-computing-b-cc-kelompok-8-boboiboy-kuasa-bug-gaib/Nusatarawisata-kaltim/vendor/laravel/framework/src/Illuminate/Foundation/Support/Providers/RouteServiceProvider.php(162): Illuminate\\Container\\Container->call(Object(Closure))
#10 /Applications/XAMPP/xamppfiles/htdocs/final-project-cloud-computing-b-cc-kelompok-8-boboiboy-kuasa-bug-gaib/Nusatarawisata-kaltim/vendor/laravel/framework/src/Illuminate/Foundation/Support/Providers/RouteServiceProvider.php(59): Illuminate\\Foundation\\Support\\Providers\\RouteServiceProvider->loadRoutes()
#11 /Applications/XAMPP/xamppfiles/htdocs/final-project-cloud-computing-b-cc-kelompok-8-boboiboy-kuasa-bug-gaib/Nusatarawisata-kaltim/vendor/laravel/framework/src/Illuminate/Container/BoundMethod.php(36): Illuminate\\Foundation\\Support\\Providers\\RouteServiceProvider->Illuminate\\Foundation\\Support\\Providers\\{closure}()
#12 /Applications/XAMPP/xamppfiles/htdocs/final-project-cloud-computing-b-cc-kelompok-8-boboiboy-kuasa-bug-gaib/Nusatarawisata-kaltim/vendor/laravel/framework/src/Illuminate/Container/Util.php(43): Illuminate\\Container\\BoundMethod::Illuminate\\Container\\{closure}()
#13 /Applications/XAMPP/xamppfiles/htdocs/final-project-cloud-computing-b-cc-kelompok-8-boboiboy-kuasa-bug-gaib/Nusatarawisata-kaltim/vendor/laravel/framework/src/Illuminate/Container/BoundMethod.php(84): Illuminate\\Container\\Util::unwrapIfClosure(Object(Closure))
#14 /Applications/XAMPP/xamppfiles/htdocs/final-project-cloud-computing-b-cc-kelompok-8-boboiboy-kuasa-bug-gaib/Nusatarawisata-kaltim/vendor/laravel/framework/src/Illuminate/Container/BoundMethod.php(35): Illuminate\\Container\\BoundMethod::callBoundMethod(Object(Illuminate\\Foundation\\Application), Object(Closure), Object(Closure))
#15 /Applications/XAMPP/xamppfiles/htdocs/final-project-cloud-computing-b-cc-kelompok-8-boboiboy-kuasa-bug-gaib/Nusatarawisata-kaltim/vendor/laravel/framework/src/Illuminate/Container/Container.php(836): Illuminate\\Container\\BoundMethod::call(Object(Illuminate\\Foundation\\Application), Object(Closure), Array, NULL)
#16 /Applications/XAMPP/xamppfiles/htdocs/final-project-cloud-computing-b-cc-kelompok-8-boboiboy-kuasa-bug-gaib/Nusatarawisata-kaltim/vendor/laravel/framework/src/Illuminate/Support/ServiceProvider.php(143): Illuminate\\Container\\Container->call(Object(Closure))
#17 /Applications/XAMPP/xamppfiles/htdocs/final-project-cloud-computing-b-cc-kelompok-8-boboiboy-kuasa-bug-gaib/Nusatarawisata-kaltim/vendor/laravel/framework/src/Illuminate/Foundation/Application.php(1154): Illuminate\\Support\\ServiceProvider->callBootedCallbacks()
#18 /Applications/XAMPP/xamppfiles/htdocs/final-project-cloud-computing-b-cc-kelompok-8-boboiboy-kuasa-bug-gaib/Nusatarawisata-kaltim/vendor/laravel/framework/src/Illuminate/Foundation/Application.php(1132): Illuminate\\Foundation\\Application->bootProvider(Object(Illuminate\\Foundation\\Support\\Providers\\RouteServiceProvider))
#19 [internal function]: Illuminate\\Foundation\\Application->Illuminate\\Foundation\\{closure}(Object(Illuminate\\Foundation\\Support\\Providers\\RouteServiceProvider), 'Illuminate\\\\Foun...')
#20 /Applications/XAMPP/xamppfiles/htdocs/final-project-cloud-computing-b-cc-kelompok-8-boboiboy-kuasa-bug-gaib/Nusatarawisata-kaltim/vendor/laravel/framework/src/Illuminate/Foundation/Application.php(1131): array_walk(Array, Object(Closure))
#21 /Applications/XAMPP/xamppfiles/htdocs/final-project-cloud-computing-b-cc-kelompok-8-boboiboy-kuasa-bug-gaib/Nusatarawisata-kaltim/vendor/laravel/framework/src/Illuminate/Foundation/Bootstrap/BootProviders.php(17): Illuminate\\Foundation\\Application->boot()
#22 /Applications/XAMPP/xamppfiles/htdocs/final-project-cloud-computing-b-cc-kelompok-8-boboiboy-kuasa-bug-gaib/Nusatarawisata-kaltim/vendor/laravel/framework/src/Illuminate/Foundation/Application.php(342): Illuminate\\Foundation\\Bootstrap\\BootProviders->bootstrap(Object(Illuminate\\Foundation\\Application))
#23 /Applications/XAMPP/xamppfiles/htdocs/final-project-cloud-computing-b-cc-kelompok-8-boboiboy-kuasa-bug-gaib/Nusatarawisata-kaltim/vendor/laravel/framework/src/Illuminate/Foundation/Console/Kernel.php(473): Illuminate\\Foundation\\Application->bootstrapWith(Array)
#24 /Applications/XAMPP/xamppfiles/htdocs/final-project-cloud-computing-b-cc-kelompok-8-boboiboy-kuasa-bug-gaib/Nusatarawisata-kaltim/vendor/laravel/framework/src/Illuminate/Foundation/Console/Kernel.php(195): Illuminate\\Foundation\\Console\\Kernel->bootstrap()
#25 /Applications/XAMPP/xamppfiles/htdocs/final-project-cloud-computing-b-cc-kelompok-8-boboiboy-kuasa-bug-gaib/Nusatarawisata-kaltim/vendor/laravel/framework/src/Illuminate/Foundation/Application.php(1235): Illuminate\\Foundation\\Console\\Kernel->handle(Object(Symfony\\Component\\Console\\Input\\ArgvInput), Object(Symfony\\Component\\Console\\Output\\ConsoleOutput))
#26 /Applications/XAMPP/xamppfiles/htdocs/final-project-cloud-computing-b-cc-kelompok-8-boboiboy-kuasa-bug-gaib/Nusatarawisata-kaltim/artisan(16): Illuminate\\Foundation\\Application->handleCommand(Object(Symfony\\Component\\Console\\Input\\ArgvInput))
#27 {main}
"} 
[2025-10-28 17:42:47] local.ERROR: Unclosed '{' on line 24 {"exception":"[object] (ParseError(code: 0): Unclosed '{' on line 24 at /Applications/XAMPP/xamppfiles/htdocs/final-project-cloud-computing-b-cc-kelompok-8-boboiboy-kuasa-bug-gaib/Nusatarawisata-kaltim/routes/web.php:50)
[stacktrace]
#0 /Applications/XAMPP/xamppfiles/htdocs/final-project-cloud-computing-b-cc-kelompok-8-boboiboy-kuasa-bug-gaib/Nusatarawisata-kaltim/vendor/laravel/framework/src/Illuminate/Routing/Router.php(526): Illuminate\\Routing\\RouteFileRegistrar->register('/Applications/X...')
#1 /Applications/XAMPP/xamppfiles/htdocs/final-project-cloud-computing-b-cc-kelompok-8-boboiboy-kuasa-bug-gaib/Nusatarawisata-kaltim/vendor/laravel/framework/src/Illuminate/Routing/Router.php(480): Illuminate\\Routing\\Router->loadRoutes('/Applications/X...')
#2 /Applications/XAMPP/xamppfiles/htdocs/final-project-cloud-computing-b-cc-kelompok-8-boboiboy-kuasa-bug-gaib/Nusatarawisata-kaltim/vendor/laravel/framework/src/Illuminate/Routing/RouteRegistrar.php(212): Illuminate\\Routing\\Router->group(Array, '/Applications/X...')
#3 /Applications/XAMPP/xamppfiles/htdocs/final-project-cloud-computing-b-cc-kelompok-8-boboiboy-kuasa-bug-gaib/Nusatarawisata-kaltim/vendor/laravel/framework/src/Illuminate/Foundation/Configuration/ApplicationBuilder.php(248): Illuminate\\Routing\\RouteRegistrar->group('/Applications/X...')
#4 /Applications/XAMPP/xamppfiles/htdocs/final-project-cloud-computing-b-cc-kelompok-8-boboiboy-kuasa-bug-gaib/Nusatarawisata-kaltim/vendor/laravel/framework/src/Illuminate/Container/BoundMethod.php(36): Illuminate\\Foundation\\Configuration\\ApplicationBuilder->Illuminate\\Foundation\\Configuration\\{closure}()
#5 /Applications/XAMPP/xamppfiles/htdocs/final-project-cloud-computing-b-cc-kelompok-8-boboiboy-kuasa-bug-gaib/Nusatarawisata-kaltim/vendor/laravel/framework/src/Illuminate/Container/Util.php(43): Illuminate\\Container\\BoundMethod::Illuminate\\Container\\{closure}()
#6 /Applications/XAMPP/xamppfiles/htdocs/final-project-cloud-computing-b-cc-kelompok-8-boboiboy-kuasa-bug-gaib/Nusatarawisata-kaltim/vendor/laravel/framework/src/Illuminate/Container/BoundMethod.php(84): Illuminate\\Container\\Util::unwrapIfClosure(Object(Closure))
#7 /Applications/XAMPP/xamppfiles/htdocs/final-project-cloud-computing-b-cc-kelompok-8-boboiboy-kuasa-bug-gaib/Nusatarawisata-kaltim/vendor/laravel/framework/src/Illuminate/Container/BoundMethod.php(35): Illuminate\\Container\\BoundMethod::callBoundMethod(Object(Illuminate\\Foundation\\Application), Object(Closure), Object(Closure))
#8 /Applications/XAMPP/xamppfiles/htdocs/final-project-cloud-computing-b-cc-kelompok-8-boboiboy-kuasa-bug-gaib/Nusatarawisata-kaltim/vendor/laravel/framework/src/Illuminate/Container/Container.php(836): Illuminate\\Container\\BoundMethod::call(Object(Illuminate\\Foundation\\Application), Object(Closure), Array, NULL)
#9 /Applications/XAMPP/xamppfiles/htdocs/final-project-cloud-computing-b-cc-kelompok-8-boboiboy-kuasa-bug-gaib/Nusatarawisata-kaltim/vendor/laravel/framework/src/Illuminate/Foundation/Support/Providers/RouteServiceProvider.php(162): Illuminate\\Container\\Container->call(Object(Closure))
#10 /Applications/XAMPP/xamppfiles/htdocs/final-project-cloud-computing-b-cc-kelompok-8-boboiboy-kuasa-bug-gaib/Nusatarawisata-kaltim/vendor/laravel/framework/src/Illuminate/Foundation/Support/Providers/RouteServiceProvider.php(59): Illuminate\\Foundation\\Support\\Providers\\RouteServiceProvider->loadRoutes()
#11 /Applications/XAMPP/xamppfiles/htdocs/final-project-cloud-computing-b-cc-kelompok-8-boboiboy-kuasa-bug-gaib/Nusatarawisata-kaltim/vendor/laravel/framework/src/Illuminate/Container/BoundMethod.php(36): Illuminate\\Foundation\\Support\\Providers\\RouteServiceProvider->Illuminate\\Foundation\\Support\\Providers\\{closure}()
#12 /Applications/XAMPP/xamppfiles/htdocs/final-project-cloud-computing-b-cc-kelompok-8-boboiboy-kuasa-bug-gaib/Nusatarawisata-kaltim/vendor/laravel/framework/src/Illuminate/Container/Util.php(43): Illuminate\\Container\\BoundMethod::Illuminate\\Container\\{closure}()
#13 /Applications/XAMPP/xamppfiles/htdocs/final-project-cloud-computing-b-cc-kelompok-8-boboiboy-kuasa-bug-gaib/Nusatarawisata-kaltim/vendor/laravel/framework/src/Illuminate/Container/BoundMethod.php(84): Illuminate\\Container\\Util::unwrapIfClosure(Object(Closure))
#14 /Applications/XAMPP/xamppfiles/htdocs/final-project-cloud-computing-b-cc-kelompok-8-boboiboy-kuasa-bug-gaib/Nusatarawisata-kaltim/vendor/laravel/framework/src/Illuminate/Container/BoundMethod.php(35): Illuminate\\Container\\BoundMethod::callBoundMethod(Object(Illuminate\\Foundation\\Application), Object(Closure), Object(Closure))
#15 /Applications/XAMPP/xamppfiles/htdocs/final-project-cloud-computing-b-cc-kelompok-8-boboiboy-kuasa-bug-gaib/Nusatarawisata-kaltim/vendor/laravel/framework/src/Illuminate/Container/Container.php(836): Illuminate\\Container\\BoundMethod::call(Object(Illuminate\\Foundation\\Application), Object(Closure), Array, NULL)
#16 /Applications/XAMPP/xamppfiles/htdocs/final-project-cloud-computing-b-cc-kelompok-8-boboiboy-kuasa-bug-gaib/Nusatarawisata-kaltim/vendor/laravel/framework/src/Illuminate/Support/ServiceProvider.php(143): Illuminate\\Container\\Container->call(Object(Closure))
#17 /Applications/XAMPP/xamppfiles/htdocs/final-project-cloud-computing-b-cc-kelompok-8-boboiboy-kuasa-bug-gaib/Nusatarawisata-kaltim/vendor/laravel/framework/src/Illuminate/Foundation/Application.php(1154): Illuminate\\Support\\ServiceProvider->callBootedCallbacks()
#18 /Applications/XAMPP/xamppfiles/htdocs/final-project-cloud-computing-b-cc-kelompok-8-boboiboy-kuasa-bug-gaib/Nusatarawisata-kaltim/vendor/laravel/framework/src/Illuminate/Foundation/Application.php(1132): Illuminate\\Foundation\\Application->bootProvider(Object(Illuminate\\Foundation\\Support\\Providers\\RouteServiceProvider))
#19 [internal function]: Illuminate\\Foundation\\Application->Illuminate\\Foundation\\{closure}(Object(Illuminate\\Foundation\\Support\\Providers\\RouteServiceProvider), 'Illuminate\\\\Foun...')
#20 /Applications/XAMPP/xamppfiles/htdocs/final-project-cloud-computing-b-cc-kelompok-8-boboiboy-kuasa-bug-gaib/Nusatarawisata-kaltim/vendor/laravel/framework/src/Illuminate/Foundation/Application.php(1131): array_walk(Array, Object(Closure))
#21 /Applications/XAMPP/xamppfiles/htdocs/final-project-cloud-computing-b-cc-kelompok-8-boboiboy-kuasa-bug-gaib/Nusatarawisata-kaltim/vendor/laravel/framework/src/Illuminate/Foundation/Bootstrap/BootProviders.php(17): Illuminate\\Foundation\\Application->boot()
#22 /Applications/XAMPP/xamppfiles/htdocs/final-project-cloud-computing-b-cc-kelompok-8-boboiboy-kuasa-bug-gaib/Nusatarawisata-kaltim/vendor/laravel/framework/src/Illuminate/Foundation/Application.php(342): Illuminate\\Foundation\\Bootstrap\\BootProviders->bootstrap(Object(Illuminate\\Foundation\\Application))
#23 /Applications/XAMPP/xamppfiles/htdocs/final-project-cloud-computing-b-cc-kelompok-8-boboiboy-kuasa-bug-gaib/Nusatarawisata-kaltim/vendor/laravel/framework/src/Illuminate/Foundation/Console/Kernel.php(473): Illuminate\\Foundation\\Application->bootstrapWith(Array)
#24 /Applications/XAMPP/xamppfiles/htdocs/final-project-cloud-computing-b-cc-kelompok-8-boboiboy-kuasa-bug-gaib/Nusatarawisata-kaltim/vendor/laravel/framework/src/Illuminate/Foundation/Console/Kernel.php(195): Illuminate\\Foundation\\Console\\Kernel->bootstrap()
#25 /Applications/XAMPP/xamppfiles/htdocs/final-project-cloud-computing-b-cc-kelompok-8-boboiboy-kuasa-bug-gaib/Nusatarawisata-kaltim/vendor/laravel/framework/src/Illuminate/Foundation/Application.php(1235): Illuminate\\Foundation\\Console\\Kernel->handle(Object(Symfony\\Component\\Console\\Input\\ArgvInput), Object(Symfony\\Component\\Console\\Output\\ConsoleOutput))
#26 /Applications/XAMPP/xamppfiles/htdocs/final-project-cloud-computing-b-cc-kelompok-8-boboiboy-kuasa-bug-gaib/Nusatarawisata-kaltim/artisan(16): Illuminate\\Foundation\\Application->handleCommand(Object(Symfony\\Component\\Console\\Input\\ArgvInput))
#27 {main}
"} 
[2025-10-28 17:42:48] local.ERROR: Unclosed '{' on line 24 {"exception":"[object] (ParseError(code: 0): Unclosed '{' on line 24 at /Applications/XAMPP/xamppfiles/htdocs/final-project-cloud-computing-b-cc-kelompok-8-boboiboy-kuasa-bug-gaib/Nusatarawisata-kaltim/routes/web.php:50)
[stacktrace]
#0 /Applications/XAMPP/xamppfiles/htdocs/final-project-cloud-computing-b-cc-kelompok-8-boboiboy-kuasa-bug-gaib/Nusatarawisata-kaltim/vendor/laravel/framework/src/Illuminate/Routing/Router.php(526): Illuminate\\Routing\\RouteFileRegistrar->register('/Applications/X...')
#1 /Applications/XAMPP/xamppfiles/htdocs/final-project-cloud-computing-b-cc-kelompok-8-boboiboy-kuasa-bug-gaib/Nusatarawisata-kaltim/vendor/laravel/framework/src/Illuminate/Routing/Router.php(480): Illuminate\\Routing\\Router->loadRoutes('/Applications/X...')
#2 /Applications/XAMPP/xamppfiles/htdocs/final-project-cloud-computing-b-cc-kelompok-8-boboiboy-kuasa-bug-gaib/Nusatarawisata-kaltim/vendor/laravel/framework/src/Illuminate/Routing/RouteRegistrar.php(212): Illuminate\\Routing\\Router->group(Array, '/Applications/X...')
#3 /Applications/XAMPP/xamppfiles/htdocs/final-project-cloud-computing-b-cc-kelompok-8-boboiboy-kuasa-bug-gaib/Nusatarawisata-kaltim/vendor/laravel/framework/src/Illuminate/Foundation/Configuration/ApplicationBuilder.php(248): Illuminate\\Routing\\RouteRegistrar->group('/Applications/X...')
#4 /Applications/XAMPP/xamppfiles/htdocs/final-project-cloud-computing-b-cc-kelompok-8-boboiboy-kuasa-bug-gaib/Nusatarawisata-kaltim/vendor/laravel/framework/src/Illuminate/Container/BoundMethod.php(36): Illuminate\\Foundation\\Configuration\\ApplicationBuilder->Illuminate\\Foundation\\Configuration\\{closure}()
#5 /Applications/XAMPP/xamppfiles/htdocs/final-project-cloud-computing-b-cc-kelompok-8-boboiboy-kuasa-bug-gaib/Nusatarawisata-kaltim/vendor/laravel/framework/src/Illuminate/Container/Util.php(43): Illuminate\\Container\\BoundMethod::Illuminate\\Container\\{closure}()
#6 /Applications/XAMPP/xamppfiles/htdocs/final-project-cloud-computing-b-cc-kelompok-8-boboiboy-kuasa-bug-gaib/Nusatarawisata-kaltim/vendor/laravel/framework/src/Illuminate/Container/BoundMethod.php(84): Illuminate\\Container\\Util::unwrapIfClosure(Object(Closure))
#7 /Applications/XAMPP/xamppfiles/htdocs/final-project-cloud-computing-b-cc-kelompok-8-boboiboy-kuasa-bug-gaib/Nusatarawisata-kaltim/vendor/laravel/framework/src/Illuminate/Container/BoundMethod.php(35): Illuminate\\Container\\BoundMethod::callBoundMethod(Object(Illuminate\\Foundation\\Application), Object(Closure), Object(Closure))
#8 /Applications/XAMPP/xamppfiles/htdocs/final-project-cloud-computing-b-cc-kelompok-8-boboiboy-kuasa-bug-gaib/Nusatarawisata-kaltim/vendor/laravel/framework/src/Illuminate/Container/Container.php(836): Illuminate\\Container\\BoundMethod::call(Object(Illuminate\\Foundation\\Application), Object(Closure), Array, NULL)
#9 /Applications/XAMPP/xamppfiles/htdocs/final-project-cloud-computing-b-cc-kelompok-8-boboiboy-kuasa-bug-gaib/Nusatarawisata-kaltim/vendor/laravel/framework/src/Illuminate/Foundation/Support/Providers/RouteServiceProvider.php(162): Illuminate\\Container\\Container->call(Object(Closure))
#10 /Applications/XAMPP/xamppfiles/htdocs/final-project-cloud-computing-b-cc-kelompok-8-boboiboy-kuasa-bug-gaib/Nusatarawisata-kaltim/vendor/laravel/framework/src/Illuminate/Foundation/Support/Providers/RouteServiceProvider.php(59): Illuminate\\Foundation\\Support\\Providers\\RouteServiceProvider->loadRoutes()
#11 /Applications/XAMPP/xamppfiles/htdocs/final-project-cloud-computing-b-cc-kelompok-8-boboiboy-kuasa-bug-gaib/Nusatarawisata-kaltim/vendor/laravel/framework/src/Illuminate/Container/BoundMethod.php(36): Illuminate\\Foundation\\Support\\Providers\\RouteServiceProvider->Illuminate\\Foundation\\Support\\Providers\\{closure}()
#12 /Applications/XAMPP/xamppfiles/htdocs/final-project-cloud-computing-b-cc-kelompok-8-boboiboy-kuasa-bug-gaib/Nusatarawisata-kaltim/vendor/laravel/framework/src/Illuminate/Container/Util.php(43): Illuminate\\Container\\BoundMethod::Illuminate\\Container\\{closure}()
#13 /Applications/XAMPP/xamppfiles/htdocs/final-project-cloud-computing-b-cc-kelompok-8-boboiboy-kuasa-bug-gaib/Nusatarawisata-kaltim/vendor/laravel/framework/src/Illuminate/Container/BoundMethod.php(84): Illuminate\\Container\\Util::unwrapIfClosure(Object(Closure))
#14 /Applications/XAMPP/xamppfiles/htdocs/final-project-cloud-computing-b-cc-kelompok-8-boboiboy-kuasa-bug-gaib/Nusatarawisata-kaltim/vendor/laravel/framework/src/Illuminate/Container/BoundMethod.php(35): Illuminate\\Container\\BoundMethod::callBoundMethod(Object(Illuminate\\Foundation\\Application), Object(Closure), Object(Closure))
#15 /Applications/XAMPP/xamppfiles/htdocs/final-project-cloud-computing-b-cc-kelompok-8-boboiboy-kuasa-bug-gaib/Nusatarawisata-kaltim/vendor/laravel/framework/src/Illuminate/Container/Container.php(836): Illuminate\\Container\\BoundMethod::call(Object(Illuminate\\Foundation\\Application), Object(Closure), Array, NULL)
#16 /Applications/XAMPP/xamppfiles/htdocs/final-project-cloud-computing-b-cc-kelompok-8-boboiboy-kuasa-bug-gaib/Nusatarawisata-kaltim/vendor/laravel/framework/src/Illuminate/Support/ServiceProvider.php(143): Illuminate\\Container\\Container->call(Object(Closure))
#17 /Applications/XAMPP/xamppfiles/htdocs/final-project-cloud-computing-b-cc-kelompok-8-boboiboy-kuasa-bug-gaib/Nusatarawisata-kaltim/vendor/laravel/framework/src/Illuminate/Foundation/Application.php(1154): Illuminate\\Support\\ServiceProvider->callBootedCallbacks()
#18 /Applications/XAMPP/xamppfiles/htdocs/final-project-cloud-computing-b-cc-kelompok-8-boboiboy-kuasa-bug-gaib/Nusatarawisata-kaltim/vendor/laravel/framework/src/Illuminate/Foundation/Application.php(1132): Illuminate\\Foundation\\Application->bootProvider(Object(Illuminate\\Foundation\\Support\\Providers\\RouteServiceProvider))
#19 [internal function]: Illuminate\\Foundation\\Application->Illuminate\\Foundation\\{closure}(Object(Illuminate\\Foundation\\Support\\Providers\\RouteServiceProvider), 'Illuminate\\\\Foun...')
#20 /Applications/XAMPP/xamppfiles/htdocs/final-project-cloud-computing-b-cc-kelompok-8-boboiboy-kuasa-bug-gaib/Nusatarawisata-kaltim/vendor/laravel/framework/src/Illuminate/Foundation/Application.php(1131): array_walk(Array, Object(Closure))
#21 /Applications/XAMPP/xamppfiles/htdocs/final-project-cloud-computing-b-cc-kelompok-8-boboiboy-kuasa-bug-gaib/Nusatarawisata-kaltim/vendor/laravel/framework/src/Illuminate/Foundation/Bootstrap/BootProviders.php(17): Illuminate\\Foundation\\Application->boot()
#22 /Applications/XAMPP/xamppfiles/htdocs/final-project-cloud-computing-b-cc-kelompok-8-boboiboy-kuasa-bug-gaib/Nusatarawisata-kaltim/vendor/laravel/framework/src/Illuminate/Foundation/Application.php(342): Illuminate\\Foundation\\Bootstrap\\BootProviders->bootstrap(Object(Illuminate\\Foundation\\Application))
#23 /Applications/XAMPP/xamppfiles/htdocs/final-project-cloud-computing-b-cc-kelompok-8-boboiboy-kuasa-bug-gaib/Nusatarawisata-kaltim/vendor/laravel/framework/src/Illuminate/Foundation/Console/Kernel.php(473): Illuminate\\Foundation\\Application->bootstrapWith(Array)
#24 /Applications/XAMPP/xamppfiles/htdocs/final-project-cloud-computing-b-cc-kelompok-8-boboiboy-kuasa-bug-gaib/Nusatarawisata-kaltim/vendor/laravel/framework/src/Illuminate/Foundation/Console/Kernel.php(195): Illuminate\\Foundation\\Console\\Kernel->bootstrap()
#25 /Applications/XAMPP/xamppfiles/htdocs/final-project-cloud-computing-b-cc-kelompok-8-boboiboy-kuasa-bug-gaib/Nusatarawisata-kaltim/vendor/laravel/framework/src/Illuminate/Foundation/Application.php(1235): Illuminate\\Foundation\\Console\\Kernel->handle(Object(Symfony\\Component\\Console\\Input\\ArgvInput), Object(Symfony\\Component\\Console\\Output\\ConsoleOutput))
#26 /Applications/XAMPP/xamppfiles/htdocs/final-project-cloud-computing-b-cc-kelompok-8-boboiboy-kuasa-bug-gaib/Nusatarawisata-kaltim/artisan(16): Illuminate\\Foundation\\Application->handleCommand(Object(Symfony\\Component\\Console\\Input\\ArgvInput))
#27 {main}
"} 
[2025-10-28 17:42:48] local.ERROR: Unclosed '{' on line 24 {"exception":"[object] (ParseError(code: 0): Unclosed '{' on line 24 at /Applications/XAMPP/xamppfiles/htdocs/final-project-cloud-computing-b-cc-kelompok-8-boboiboy-kuasa-bug-gaib/Nusatarawisata-kaltim/routes/web.php:50)
[stacktrace]
#0 /Applications/XAMPP/xamppfiles/htdocs/final-project-cloud-computing-b-cc-kelompok-8-boboiboy-kuasa-bug-gaib/Nusatarawisata-kaltim/vendor/laravel/framework/src/Illuminate/Routing/Router.php(526): Illuminate\\Routing\\RouteFileRegistrar->register('/Applications/X...')
#1 /Applications/XAMPP/xamppfiles/htdocs/final-project-cloud-computing-b-cc-kelompok-8-boboiboy-kuasa-bug-gaib/Nusatarawisata-kaltim/vendor/laravel/framework/src/Illuminate/Routing/Router.php(480): Illuminate\\Routing\\Router->loadRoutes('/Applications/X...')
#2 /Applications/XAMPP/xamppfiles/htdocs/final-project-cloud-computing-b-cc-kelompok-8-boboiboy-kuasa-bug-gaib/Nusatarawisata-kaltim/vendor/laravel/framework/src/Illuminate/Routing/RouteRegistrar.php(212): Illuminate\\Routing\\Router->group(Array, '/Applications/X...')
#3 /Applications/XAMPP/xamppfiles/htdocs/final-project-cloud-computing-b-cc-kelompok-8-boboiboy-kuasa-bug-gaib/Nusatarawisata-kaltim/vendor/laravel/framework/src/Illuminate/Foundation/Configuration/ApplicationBuilder.php(248): Illuminate\\Routing\\RouteRegistrar->group('/Applications/X...')
#4 /Applications/XAMPP/xamppfiles/htdocs/final-project-cloud-computing-b-cc-kelompok-8-boboiboy-kuasa-bug-gaib/Nusatarawisata-kaltim/vendor/laravel/framework/src/Illuminate/Container/BoundMethod.php(36): Illuminate\\Foundation\\Configuration\\ApplicationBuilder->Illuminate\\Foundation\\Configuration\\{closure}()
#5 /Applications/XAMPP/xamppfiles/htdocs/final-project-cloud-computing-b-cc-kelompok-8-boboiboy-kuasa-bug-gaib/Nusatarawisata-kaltim/vendor/laravel/framework/src/Illuminate/Container/Util.php(43): Illuminate\\Container\\BoundMethod::Illuminate\\Container\\{closure}()
#6 /Applications/XAMPP/xamppfiles/htdocs/final-project-cloud-computing-b-cc-kelompok-8-boboiboy-kuasa-bug-gaib/Nusatarawisata-kaltim/vendor/laravel/framework/src/Illuminate/Container/BoundMethod.php(84): Illuminate\\Container\\Util::unwrapIfClosure(Object(Closure))
#7 /Applications/XAMPP/xamppfiles/htdocs/final-project-cloud-computing-b-cc-kelompok-8-boboiboy-kuasa-bug-gaib/Nusatarawisata-kaltim/vendor/laravel/framework/src/Illuminate/Container/BoundMethod.php(35): Illuminate\\Container\\BoundMethod::callBoundMethod(Object(Illuminate\\Foundation\\Application), Object(Closure), Object(Closure))
#8 /Applications/XAMPP/xamppfiles/htdocs/final-project-cloud-computing-b-cc-kelompok-8-boboiboy-kuasa-bug-gaib/Nusatarawisata-kaltim/vendor/laravel/framework/src/Illuminate/Container/Container.php(836): Illuminate\\Container\\BoundMethod::call(Object(Illuminate\\Foundation\\Application), Object(Closure), Array, NULL)
#9 /Applications/XAMPP/xamppfiles/htdocs/final-project-cloud-computing-b-cc-kelompok-8-boboiboy-kuasa-bug-gaib/Nusatarawisata-kaltim/vendor/laravel/framework/src/Illuminate/Foundation/Support/Providers/RouteServiceProvider.php(162): Illuminate\\Container\\Container->call(Object(Closure))
#10 /Applications/XAMPP/xamppfiles/htdocs/final-project-cloud-computing-b-cc-kelompok-8-boboiboy-kuasa-bug-gaib/Nusatarawisata-kaltim/vendor/laravel/framework/src/Illuminate/Foundation/Support/Providers/RouteServiceProvider.php(59): Illuminate\\Foundation\\Support\\Providers\\RouteServiceProvider->loadRoutes()
#11 /Applications/XAMPP/xamppfiles/htdocs/final-project-cloud-computing-b-cc-kelompok-8-boboiboy-kuasa-bug-gaib/Nusatarawisata-kaltim/vendor/laravel/framework/src/Illuminate/Container/BoundMethod.php(36): Illuminate\\Foundation\\Support\\Providers\\RouteServiceProvider->Illuminate\\Foundation\\Support\\Providers\\{closure}()
#12 /Applications/XAMPP/xamppfiles/htdocs/final-project-cloud-computing-b-cc-kelompok-8-boboiboy-kuasa-bug-gaib/Nusatarawisata-kaltim/vendor/laravel/framework/src/Illuminate/Container/Util.php(43): Illuminate\\Container\\BoundMethod::Illuminate\\Container\\{closure}()
#13 /Applications/XAMPP/xamppfiles/htdocs/final-project-cloud-computing-b-cc-kelompok-8-boboiboy-kuasa-bug-gaib/Nusatarawisata-kaltim/vendor/laravel/framework/src/Illuminate/Container/BoundMethod.php(84): Illuminate\\Container\\Util::unwrapIfClosure(Object(Closure))
#14 /Applications/XAMPP/xamppfiles/htdocs/final-project-cloud-computing-b-cc-kelompok-8-boboiboy-kuasa-bug-gaib/Nusatarawisata-kaltim/vendor/laravel/framework/src/Illuminate/Container/BoundMethod.php(35): Illuminate\\Container\\BoundMethod::callBoundMethod(Object(Illuminate\\Foundation\\Application), Object(Closure), Object(Closure))
#15 /Applications/XAMPP/xamppfiles/htdocs/final-project-cloud-computing-b-cc-kelompok-8-boboiboy-kuasa-bug-gaib/Nusatarawisata-kaltim/vendor/laravel/framework/src/Illuminate/Container/Container.php(836): Illuminate\\Container\\BoundMethod::call(Object(Illuminate\\Foundation\\Application), Object(Closure), Array, NULL)
#16 /Applications/XAMPP/xamppfiles/htdocs/final-project-cloud-computing-b-cc-kelompok-8-boboiboy-kuasa-bug-gaib/Nusatarawisata-kaltim/vendor/laravel/framework/src/Illuminate/Support/ServiceProvider.php(143): Illuminate\\Container\\Container->call(Object(Closure))
#17 /Applications/XAMPP/xamppfiles/htdocs/final-project-cloud-computing-b-cc-kelompok-8-boboiboy-kuasa-bug-gaib/Nusatarawisata-kaltim/vendor/laravel/framework/src/Illuminate/Foundation/Application.php(1154): Illuminate\\Support\\ServiceProvider->callBootedCallbacks()
#18 /Applications/XAMPP/xamppfiles/htdocs/final-project-cloud-computing-b-cc-kelompok-8-boboiboy-kuasa-bug-gaib/Nusatarawisata-kaltim/vendor/laravel/framework/src/Illuminate/Foundation/Application.php(1132): Illuminate\\Foundation\\Application->bootProvider(Object(Illuminate\\Foundation\\Support\\Providers\\RouteServiceProvider))
#19 [internal function]: Illuminate\\Foundation\\Application->Illuminate\\Foundation\\{closure}(Object(Illuminate\\Foundation\\Support\\Providers\\RouteServiceProvider), 'Illuminate\\\\Foun...')
#20 /Applications/XAMPP/xamppfiles/htdocs/final-project-cloud-computing-b-cc-kelompok-8-boboiboy-kuasa-bug-gaib/Nusatarawisata-kaltim/vendor/laravel/framework/src/Illuminate/Foundation/Application.php(1131): array_walk(Array, Object(Closure))
#21 /Applications/XAMPP/xamppfiles/htdocs/final-project-cloud-computing-b-cc-kelompok-8-boboiboy-kuasa-bug-gaib/Nusatarawisata-kaltim/vendor/laravel/framework/src/Illuminate/Foundation/Bootstrap/BootProviders.php(17): Illuminate\\Foundation\\Application->boot()
#22 /Applications/XAMPP/xamppfiles/htdocs/final-project-cloud-computing-b-cc-kelompok-8-boboiboy-kuasa-bug-gaib/Nusatarawisata-kaltim/vendor/laravel/framework/src/Illuminate/Foundation/Application.php(342): Illuminate\\Foundation\\Bootstrap\\BootProviders->bootstrap(Object(Illuminate\\Foundation\\Application))
#23 /Applications/XAMPP/xamppfiles/htdocs/final-project-cloud-computing-b-cc-kelompok-8-boboiboy-kuasa-bug-gaib/Nusatarawisata-kaltim/vendor/laravel/framework/src/Illuminate/Foundation/Console/Kernel.php(473): Illuminate\\Foundation\\Application->bootstrapWith(Array)
#24 /Applications/XAMPP/xamppfiles/htdocs/final-project-cloud-computing-b-cc-kelompok-8-boboiboy-kuasa-bug-gaib/Nusatarawisata-kaltim/vendor/laravel/framework/src/Illuminate/Foundation/Console/Kernel.php(195): Illuminate\\Foundation\\Console\\Kernel->bootstrap()
#25 /Applications/XAMPP/xamppfiles/htdocs/final-project-cloud-computing-b-cc-kelompok-8-boboiboy-kuasa-bug-gaib/Nusatarawisata-kaltim/vendor/laravel/framework/src/Illuminate/Foundation/Application.php(1235): Illuminate\\Foundation\\Console\\Kernel->handle(Object(Symfony\\Component\\Console\\Input\\ArgvInput), Object(Symfony\\Component\\Console\\Output\\ConsoleOutput))
#26 /Applications/XAMPP/xamppfiles/htdocs/final-project-cloud-computing-b-cc-kelompok-8-boboiboy-kuasa-bug-gaib/Nusatarawisata-kaltim/artisan(16): Illuminate\\Foundation\\Application->handleCommand(Object(Symfony\\Component\\Console\\Input\\ArgvInput))
#27 {main}
"} 
[2025-10-28 17:42:48] local.ERROR: Unclosed '{' on line 24 {"exception":"[object] (ParseError(code: 0): Unclosed '{' on line 24 at /Applications/XAMPP/xamppfiles/htdocs/final-project-cloud-computing-b-cc-kelompok-8-boboiboy-kuasa-bug-gaib/Nusatarawisata-kaltim/routes/web.php:50)
[stacktrace]
#0 /Applications/XAMPP/xamppfiles/htdocs/final-project-cloud-computing-b-cc-kelompok-8-boboiboy-kuasa-bug-gaib/Nusatarawisata-kaltim/vendor/laravel/framework/src/Illuminate/Routing/Router.php(526): Illuminate\\Routing\\RouteFileRegistrar->register('/Applications/X...')
#1 /Applications/XAMPP/xamppfiles/htdocs/final-project-cloud-computing-b-cc-kelompok-8-boboiboy-kuasa-bug-gaib/Nusatarawisata-kaltim/vendor/laravel/framework/src/Illuminate/Routing/Router.php(480): Illuminate\\Routing\\Router->loadRoutes('/Applications/X...')
#2 /Applications/XAMPP/xamppfiles/htdocs/final-project-cloud-computing-b-cc-kelompok-8-boboiboy-kuasa-bug-gaib/Nusatarawisata-kaltim/vendor/laravel/framework/src/Illuminate/Routing/RouteRegistrar.php(212): Illuminate\\Routing\\Router->group(Array, '/Applications/X...')
#3 /Applications/XAMPP/xamppfiles/htdocs/final-project-cloud-computing-b-cc-kelompok-8-boboiboy-kuasa-bug-gaib/Nusatarawisata-kaltim/vendor/laravel/framework/src/Illuminate/Foundation/Configuration/ApplicationBuilder.php(248): Illuminate\\Routing\\RouteRegistrar->group('/Applications/X...')
#4 /Applications/XAMPP/xamppfiles/htdocs/final-project-cloud-computing-b-cc-kelompok-8-boboiboy-kuasa-bug-gaib/Nusatarawisata-kaltim/vendor/laravel/framework/src/Illuminate/Container/BoundMethod.php(36): Illuminate\\Foundation\\Configuration\\ApplicationBuilder->Illuminate\\Foundation\\Configuration\\{closure}()
#5 /Applications/XAMPP/xamppfiles/htdocs/final-project-cloud-computing-b-cc-kelompok-8-boboiboy-kuasa-bug-gaib/Nusatarawisata-kaltim/vendor/laravel/framework/src/Illuminate/Container/Util.php(43): Illuminate\\Container\\BoundMethod::Illuminate\\Container\\{closure}()
#6 /Applications/XAMPP/xamppfiles/htdocs/final-project-cloud-computing-b-cc-kelompok-8-boboiboy-kuasa-bug-gaib/Nusatarawisata-kaltim/vendor/laravel/framework/src/Illuminate/Container/BoundMethod.php(84): Illuminate\\Container\\Util::unwrapIfClosure(Object(Closure))
#7 /Applications/XAMPP/xamppfiles/htdocs/final-project-cloud-computing-b-cc-kelompok-8-boboiboy-kuasa-bug-gaib/Nusatarawisata-kaltim/vendor/laravel/framework/src/Illuminate/Container/BoundMethod.php(35): Illuminate\\Container\\BoundMethod::callBoundMethod(Object(Illuminate\\Foundation\\Application), Object(Closure), Object(Closure))
#8 /Applications/XAMPP/xamppfiles/htdocs/final-project-cloud-computing-b-cc-kelompok-8-boboiboy-kuasa-bug-gaib/Nusatarawisata-kaltim/vendor/laravel/framework/src/Illuminate/Container/Container.php(836): Illuminate\\Container\\BoundMethod::call(Object(Illuminate\\Foundation\\Application), Object(Closure), Array, NULL)
#9 /Applications/XAMPP/xamppfiles/htdocs/final-project-cloud-computing-b-cc-kelompok-8-boboiboy-kuasa-bug-gaib/Nusatarawisata-kaltim/vendor/laravel/framework/src/Illuminate/Foundation/Support/Providers/RouteServiceProvider.php(162): Illuminate\\Container\\Container->call(Object(Closure))
#10 /Applications/XAMPP/xamppfiles/htdocs/final-project-cloud-computing-b-cc-kelompok-8-boboiboy-kuasa-bug-gaib/Nusatarawisata-kaltim/vendor/laravel/framework/src/Illuminate/Foundation/Support/Providers/RouteServiceProvider.php(59): Illuminate\\Foundation\\Support\\Providers\\RouteServiceProvider->loadRoutes()
#11 /Applications/XAMPP/xamppfiles/htdocs/final-project-cloud-computing-b-cc-kelompok-8-boboiboy-kuasa-bug-gaib/Nusatarawisata-kaltim/vendor/laravel/framework/src/Illuminate/Container/BoundMethod.php(36): Illuminate\\Foundation\\Support\\Providers\\RouteServiceProvider->Illuminate\\Foundation\\Support\\Providers\\{closure}()
#12 /Applications/XAMPP/xamppfiles/htdocs/final-project-cloud-computing-b-cc-kelompok-8-boboiboy-kuasa-bug-gaib/Nusatarawisata-kaltim/vendor/laravel/framework/src/Illuminate/Container/Util.php(43): Illuminate\\Container\\BoundMethod::Illuminate\\Container\\{closure}()
#13 /Applications/XAMPP/xamppfiles/htdocs/final-project-cloud-computing-b-cc-kelompok-8-boboiboy-kuasa-bug-gaib/Nusatarawisata-kaltim/vendor/laravel/framework/src/Illuminate/Container/BoundMethod.php(84): Illuminate\\Container\\Util::unwrapIfClosure(Object(Closure))
#14 /Applications/XAMPP/xamppfiles/htdocs/final-project-cloud-computing-b-cc-kelompok-8-boboiboy-kuasa-bug-gaib/Nusatarawisata-kaltim/vendor/laravel/framework/src/Illuminate/Container/BoundMethod.php(35): Illuminate\\Container\\BoundMethod::callBoundMethod(Object(Illuminate\\Foundation\\Application), Object(Closure), Object(Closure))
#15 /Applications/XAMPP/xamppfiles/htdocs/final-project-cloud-computing-b-cc-kelompok-8-boboiboy-kuasa-bug-gaib/Nusatarawisata-kaltim/vendor/laravel/framework/src/Illuminate/Container/Container.php(836): Illuminate\\Container\\BoundMethod::call(Object(Illuminate\\Foundation\\Application), Object(Closure), Array, NULL)
#16 /Applications/XAMPP/xamppfiles/htdocs/final-project-cloud-computing-b-cc-kelompok-8-boboiboy-kuasa-bug-gaib/Nusatarawisata-kaltim/vendor/laravel/framework/src/Illuminate/Support/ServiceProvider.php(143): Illuminate\\Container\\Container->call(Object(Closure))
#17 /Applications/XAMPP/xamppfiles/htdocs/final-project-cloud-computing-b-cc-kelompok-8-boboiboy-kuasa-bug-gaib/Nusatarawisata-kaltim/vendor/laravel/framework/src/Illuminate/Foundation/Application.php(1154): Illuminate\\Support\\ServiceProvider->callBootedCallbacks()
#18 /Applications/XAMPP/xamppfiles/htdocs/final-project-cloud-computing-b-cc-kelompok-8-boboiboy-kuasa-bug-gaib/Nusatarawisata-kaltim/vendor/laravel/framework/src/Illuminate/Foundation/Application.php(1132): Illuminate\\Foundation\\Application->bootProvider(Object(Illuminate\\Foundation\\Support\\Providers\\RouteServiceProvider))
#19 [internal function]: Illuminate\\Foundation\\Application->Illuminate\\Foundation\\{closure}(Object(Illuminate\\Foundation\\Support\\Providers\\RouteServiceProvider), 'Illuminate\\\\Foun...')
#20 /Applications/XAMPP/xamppfiles/htdocs/final-project-cloud-computing-b-cc-kelompok-8-boboiboy-kuasa-bug-gaib/Nusatarawisata-kaltim/vendor/laravel/framework/src/Illuminate/Foundation/Application.php(1131): array_walk(Array, Object(Closure))
#21 /Applications/XAMPP/xamppfiles/htdocs/final-project-cloud-computing-b-cc-kelompok-8-boboiboy-kuasa-bug-gaib/Nusatarawisata-kaltim/vendor/laravel/framework/src/Illuminate/Foundation/Bootstrap/BootProviders.php(17): Illuminate\\Foundation\\Application->boot()
#22 /Applications/XAMPP/xamppfiles/htdocs/final-project-cloud-computing-b-cc-kelompok-8-boboiboy-kuasa-bug-gaib/Nusatarawisata-kaltim/vendor/laravel/framework/src/Illuminate/Foundation/Application.php(342): Illuminate\\Foundation\\Bootstrap\\BootProviders->bootstrap(Object(Illuminate\\Foundation\\Application))
#23 /Applications/XAMPP/xamppfiles/htdocs/final-project-cloud-computing-b-cc-kelompok-8-boboiboy-kuasa-bug-gaib/Nusatarawisata-kaltim/vendor/laravel/framework/src/Illuminate/Foundation/Console/Kernel.php(473): Illuminate\\Foundation\\Application->bootstrapWith(Array)
#24 /Applications/XAMPP/xamppfiles/htdocs/final-project-cloud-computing-b-cc-kelompok-8-boboiboy-kuasa-bug-gaib/Nusatarawisata-kaltim/vendor/laravel/framework/src/Illuminate/Foundation/Console/Kernel.php(195): Illuminate\\Foundation\\Console\\Kernel->bootstrap()
#25 /Applications/XAMPP/xamppfiles/htdocs/final-project-cloud-computing-b-cc-kelompok-8-boboiboy-kuasa-bug-gaib/Nusatarawisata-kaltim/vendor/laravel/framework/src/Illuminate/Foundation/Application.php(1235): Illuminate\\Foundation\\Console\\Kernel->handle(Object(Symfony\\Component\\Console\\Input\\ArgvInput), Object(Symfony\\Component\\Console\\Output\\ConsoleOutput))
#26 /Applications/XAMPP/xamppfiles/htdocs/final-project-cloud-computing-b-cc-kelompok-8-boboiboy-kuasa-bug-gaib/Nusatarawisata-kaltim/artisan(16): Illuminate\\Foundation\\Application->handleCommand(Object(Symfony\\Component\\Console\\Input\\ArgvInput))
#27 {main}
"} 
[2025-10-28 17:42:48] local.ERROR: Unclosed '{' on line 24 {"exception":"[object] (ParseError(code: 0): Unclosed '{' on line 24 at /Applications/XAMPP/xamppfiles/htdocs/final-project-cloud-computing-b-cc-kelompok-8-boboiboy-kuasa-bug-gaib/Nusatarawisata-kaltim/routes/web.php:50)
[stacktrace]
#0 /Applications/XAMPP/xamppfiles/htdocs/final-project-cloud-computing-b-cc-kelompok-8-boboiboy-kuasa-bug-gaib/Nusatarawisata-kaltim/vendor/laravel/framework/src/Illuminate/Routing/Router.php(526): Illuminate\\Routing\\RouteFileRegistrar->register('/Applications/X...')
#1 /Applications/XAMPP/xamppfiles/htdocs/final-project-cloud-computing-b-cc-kelompok-8-boboiboy-kuasa-bug-gaib/Nusatarawisata-kaltim/vendor/laravel/framework/src/Illuminate/Routing/Router.php(480): Illuminate\\Routing\\Router->loadRoutes('/Applications/X...')
#2 /Applications/XAMPP/xamppfiles/htdocs/final-project-cloud-computing-b-cc-kelompok-8-boboiboy-kuasa-bug-gaib/Nusatarawisata-kaltim/vendor/laravel/framework/src/Illuminate/Routing/RouteRegistrar.php(212): Illuminate\\Routing\\Router->group(Array, '/Applications/X...')
#3 /Applications/XAMPP/xamppfiles/htdocs/final-project-cloud-computing-b-cc-kelompok-8-boboiboy-kuasa-bug-gaib/Nusatarawisata-kaltim/vendor/laravel/framework/src/Illuminate/Foundation/Configuration/ApplicationBuilder.php(248): Illuminate\\Routing\\RouteRegistrar->group('/Applications/X...')
#4 /Applications/XAMPP/xamppfiles/htdocs/final-project-cloud-computing-b-cc-kelompok-8-boboiboy-kuasa-bug-gaib/Nusatarawisata-kaltim/vendor/laravel/framework/src/Illuminate/Container/BoundMethod.php(36): Illuminate\\Foundation\\Configuration\\ApplicationBuilder->Illuminate\\Foundation\\Configuration\\{closure}()
#5 /Applications/XAMPP/xamppfiles/htdocs/final-project-cloud-computing-b-cc-kelompok-8-boboiboy-kuasa-bug-gaib/Nusatarawisata-kaltim/vendor/laravel/framework/src/Illuminate/Container/Util.php(43): Illuminate\\Container\\BoundMethod::Illuminate\\Container\\{closure}()
#6 /Applications/XAMPP/xamppfiles/htdocs/final-project-cloud-computing-b-cc-kelompok-8-boboiboy-kuasa-bug-gaib/Nusatarawisata-kaltim/vendor/laravel/framework/src/Illuminate/Container/BoundMethod.php(84): Illuminate\\Container\\Util::unwrapIfClosure(Object(Closure))
#7 /Applications/XAMPP/xamppfiles/htdocs/final-project-cloud-computing-b-cc-kelompok-8-boboiboy-kuasa-bug-gaib/Nusatarawisata-kaltim/vendor/laravel/framework/src/Illuminate/Container/BoundMethod.php(35): Illuminate\\Container\\BoundMethod::callBoundMethod(Object(Illuminate\\Foundation\\Application), Object(Closure), Object(Closure))
#8 /Applications/XAMPP/xamppfiles/htdocs/final-project-cloud-computing-b-cc-kelompok-8-boboiboy-kuasa-bug-gaib/Nusatarawisata-kaltim/vendor/laravel/framework/src/Illuminate/Container/Container.php(836): Illuminate\\Container\\BoundMethod::call(Object(Illuminate\\Foundation\\Application), Object(Closure), Array, NULL)
#9 /Applications/XAMPP/xamppfiles/htdocs/final-project-cloud-computing-b-cc-kelompok-8-boboiboy-kuasa-bug-gaib/Nusatarawisata-kaltim/vendor/laravel/framework/src/Illuminate/Foundation/Support/Providers/RouteServiceProvider.php(162): Illuminate\\Container\\Container->call(Object(Closure))
#10 /Applications/XAMPP/xamppfiles/htdocs/final-project-cloud-computing-b-cc-kelompok-8-boboiboy-kuasa-bug-gaib/Nusatarawisata-kaltim/vendor/laravel/framework/src/Illuminate/Foundation/Support/Providers/RouteServiceProvider.php(59): Illuminate\\Foundation\\Support\\Providers\\RouteServiceProvider->loadRoutes()
#11 /Applications/XAMPP/xamppfiles/htdocs/final-project-cloud-computing-b-cc-kelompok-8-boboiboy-kuasa-bug-gaib/Nusatarawisata-kaltim/vendor/laravel/framework/src/Illuminate/Container/BoundMethod.php(36): Illuminate\\Foundation\\Support\\Providers\\RouteServiceProvider->Illuminate\\Foundation\\Support\\Providers\\{closure}()
#12 /Applications/XAMPP/xamppfiles/htdocs/final-project-cloud-computing-b-cc-kelompok-8-boboiboy-kuasa-bug-gaib/Nusatarawisata-kaltim/vendor/laravel/framework/src/Illuminate/Container/Util.php(43): Illuminate\\Container\\BoundMethod::Illuminate\\Container\\{closure}()
#13 /Applications/XAMPP/xamppfiles/htdocs/final-project-cloud-computing-b-cc-kelompok-8-boboiboy-kuasa-bug-gaib/Nusatarawisata-kaltim/vendor/laravel/framework/src/Illuminate/Container/BoundMethod.php(84): Illuminate\\Container\\Util::unwrapIfClosure(Object(Closure))
#14 /Applications/XAMPP/xamppfiles/htdocs/final-project-cloud-computing-b-cc-kelompok-8-boboiboy-kuasa-bug-gaib/Nusatarawisata-kaltim/vendor/laravel/framework/src/Illuminate/Container/BoundMethod.php(35): Illuminate\\Container\\BoundMethod::callBoundMethod(Object(Illuminate\\Foundation\\Application), Object(Closure), Object(Closure))
#15 /Applications/XAMPP/xamppfiles/htdocs/final-project-cloud-computing-b-cc-kelompok-8-boboiboy-kuasa-bug-gaib/Nusatarawisata-kaltim/vendor/laravel/framework/src/Illuminate/Container/Container.php(836): Illuminate\\Container\\BoundMethod::call(Object(Illuminate\\Foundation\\Application), Object(Closure), Array, NULL)
#16 /Applications/XAMPP/xamppfiles/htdocs/final-project-cloud-computing-b-cc-kelompok-8-boboiboy-kuasa-bug-gaib/Nusatarawisata-kaltim/vendor/laravel/framework/src/Illuminate/Support/ServiceProvider.php(143): Illuminate\\Container\\Container->call(Object(Closure))
#17 /Applications/XAMPP/xamppfiles/htdocs/final-project-cloud-computing-b-cc-kelompok-8-boboiboy-kuasa-bug-gaib/Nusatarawisata-kaltim/vendor/laravel/framework/src/Illuminate/Foundation/Application.php(1154): Illuminate\\Support\\ServiceProvider->callBootedCallbacks()
#18 /Applications/XAMPP/xamppfiles/htdocs/final-project-cloud-computing-b-cc-kelompok-8-boboiboy-kuasa-bug-gaib/Nusatarawisata-kaltim/vendor/laravel/framework/src/Illuminate/Foundation/Application.php(1132): Illuminate\\Foundation\\Application->bootProvider(Object(Illuminate\\Foundation\\Support\\Providers\\RouteServiceProvider))
#19 [internal function]: Illuminate\\Foundation\\Application->Illuminate\\Foundation\\{closure}(Object(Illuminate\\Foundation\\Support\\Providers\\RouteServiceProvider), 'Illuminate\\\\Foun...')
#20 /Applications/XAMPP/xamppfiles/htdocs/final-project-cloud-computing-b-cc-kelompok-8-boboiboy-kuasa-bug-gaib/Nusatarawisata-kaltim/vendor/laravel/framework/src/Illuminate/Foundation/Application.php(1131): array_walk(Array, Object(Closure))
#21 /Applications/XAMPP/xamppfiles/htdocs/final-project-cloud-computing-b-cc-kelompok-8-boboiboy-kuasa-bug-gaib/Nusatarawisata-kaltim/vendor/laravel/framework/src/Illuminate/Foundation/Bootstrap/BootProviders.php(17): Illuminate\\Foundation\\Application->boot()
#22 /Applications/XAMPP/xamppfiles/htdocs/final-project-cloud-computing-b-cc-kelompok-8-boboiboy-kuasa-bug-gaib/Nusatarawisata-kaltim/vendor/laravel/framework/src/Illuminate/Foundation/Application.php(342): Illuminate\\Foundation\\Bootstrap\\BootProviders->bootstrap(Object(Illuminate\\Foundation\\Application))
#23 /Applications/XAMPP/xamppfiles/htdocs/final-project-cloud-computing-b-cc-kelompok-8-boboiboy-kuasa-bug-gaib/Nusatarawisata-kaltim/vendor/laravel/framework/src/Illuminate/Foundation/Console/Kernel.php(473): Illuminate\\Foundation\\Application->bootstrapWith(Array)
#24 /Applications/XAMPP/xamppfiles/htdocs/final-project-cloud-computing-b-cc-kelompok-8-boboiboy-kuasa-bug-gaib/Nusatarawisata-kaltim/vendor/laravel/framework/src/Illuminate/Foundation/Console/Kernel.php(195): Illuminate\\Foundation\\Console\\Kernel->bootstrap()
#25 /Applications/XAMPP/xamppfiles/htdocs/final-project-cloud-computing-b-cc-kelompok-8-boboiboy-kuasa-bug-gaib/Nusatarawisata-kaltim/vendor/laravel/framework/src/Illuminate/Foundation/Application.php(1235): Illuminate\\Foundation\\Console\\Kernel->handle(Object(Symfony\\Component\\Console\\Input\\ArgvInput), Object(Symfony\\Component\\Console\\Output\\ConsoleOutput))
#26 /Applications/XAMPP/xamppfiles/htdocs/final-project-cloud-computing-b-cc-kelompok-8-boboiboy-kuasa-bug-gaib/Nusatarawisata-kaltim/artisan(16): Illuminate\\Foundation\\Application->handleCommand(Object(Symfony\\Component\\Console\\Input\\ArgvInput))
#27 {main}
"} 
[2025-10-28 17:42:48] local.ERROR: Unclosed '{' on line 24 {"exception":"[object] (ParseError(code: 0): Unclosed '{' on line 24 at /Applications/XAMPP/xamppfiles/htdocs/final-project-cloud-computing-b-cc-kelompok-8-boboiboy-kuasa-bug-gaib/Nusatarawisata-kaltim/routes/web.php:50)
[stacktrace]
#0 /Applications/XAMPP/xamppfiles/htdocs/final-project-cloud-computing-b-cc-kelompok-8-boboiboy-kuasa-bug-gaib/Nusatarawisata-kaltim/vendor/laravel/framework/src/Illuminate/Routing/Router.php(526): Illuminate\\Routing\\RouteFileRegistrar->register('/Applications/X...')
#1 /Applications/XAMPP/xamppfiles/htdocs/final-project-cloud-computing-b-cc-kelompok-8-boboiboy-kuasa-bug-gaib/Nusatarawisata-kaltim/vendor/laravel/framework/src/Illuminate/Routing/Router.php(480): Illuminate\\Routing\\Router->loadRoutes('/Applications/X...')
#2 /Applications/XAMPP/xamppfiles/htdocs/final-project-cloud-computing-b-cc-kelompok-8-boboiboy-kuasa-bug-gaib/Nusatarawisata-kaltim/vendor/laravel/framework/src/Illuminate/Routing/RouteRegistrar.php(212): Illuminate\\Routing\\Router->group(Array, '/Applications/X...')
#3 /Applications/XAMPP/xamppfiles/htdocs/final-project-cloud-computing-b-cc-kelompok-8-boboiboy-kuasa-bug-gaib/Nusatarawisata-kaltim/vendor/laravel/framework/src/Illuminate/Foundation/Configuration/ApplicationBuilder.php(248): Illuminate\\Routing\\RouteRegistrar->group('/Applications/X...')
#4 /Applications/XAMPP/xamppfiles/htdocs/final-project-cloud-computing-b-cc-kelompok-8-boboiboy-kuasa-bug-gaib/Nusatarawisata-kaltim/vendor/laravel/framework/src/Illuminate/Container/BoundMethod.php(36): Illuminate\\Foundation\\Configuration\\ApplicationBuilder->Illuminate\\Foundation\\Configuration\\{closure}()
#5 /Applications/XAMPP/xamppfiles/htdocs/final-project-cloud-computing-b-cc-kelompok-8-boboiboy-kuasa-bug-gaib/Nusatarawisata-kaltim/vendor/laravel/framework/src/Illuminate/Container/Util.php(43): Illuminate\\Container\\BoundMethod::Illuminate\\Container\\{closure}()
#6 /Applications/XAMPP/xamppfiles/htdocs/final-project-cloud-computing-b-cc-kelompok-8-boboiboy-kuasa-bug-gaib/Nusatarawisata-kaltim/vendor/laravel/framework/src/Illuminate/Container/BoundMethod.php(84): Illuminate\\Container\\Util::unwrapIfClosure(Object(Closure))
#7 /Applications/XAMPP/xamppfiles/htdocs/final-project-cloud-computing-b-cc-kelompok-8-boboiboy-kuasa-bug-gaib/Nusatarawisata-kaltim/vendor/laravel/framework/src/Illuminate/Container/BoundMethod.php(35): Illuminate\\Container\\BoundMethod::callBoundMethod(Object(Illuminate\\Foundation\\Application), Object(Closure), Object(Closure))
#8 /Applications/XAMPP/xamppfiles/htdocs/final-project-cloud-computing-b-cc-kelompok-8-boboiboy-kuasa-bug-gaib/Nusatarawisata-kaltim/vendor/laravel/framework/src/Illuminate/Container/Container.php(836): Illuminate\\Container\\BoundMethod::call(Object(Illuminate\\Foundation\\Application), Object(Closure), Array, NULL)
#9 /Applications/XAMPP/xamppfiles/htdocs/final-project-cloud-computing-b-cc-kelompok-8-boboiboy-kuasa-bug-gaib/Nusatarawisata-kaltim/vendor/laravel/framework/src/Illuminate/Foundation/Support/Providers/RouteServiceProvider.php(162): Illuminate\\Container\\Container->call(Object(Closure))
#10 /Applications/XAMPP/xamppfiles/htdocs/final-project-cloud-computing-b-cc-kelompok-8-boboiboy-kuasa-bug-gaib/Nusatarawisata-kaltim/vendor/laravel/framework/src/Illuminate/Foundation/Support/Providers/RouteServiceProvider.php(59): Illuminate\\Foundation\\Support\\Providers\\RouteServiceProvider->loadRoutes()
#11 /Applications/XAMPP/xamppfiles/htdocs/final-project-cloud-computing-b-cc-kelompok-8-boboiboy-kuasa-bug-gaib/Nusatarawisata-kaltim/vendor/laravel/framework/src/Illuminate/Container/BoundMethod.php(36): Illuminate\\Foundation\\Support\\Providers\\RouteServiceProvider->Illuminate\\Foundation\\Support\\Providers\\{closure}()
#12 /Applications/XAMPP/xamppfiles/htdocs/final-project-cloud-computing-b-cc-kelompok-8-boboiboy-kuasa-bug-gaib/Nusatarawisata-kaltim/vendor/laravel/framework/src/Illuminate/Container/Util.php(43): Illuminate\\Container\\BoundMethod::Illuminate\\Container\\{closure}()
#13 /Applications/XAMPP/xamppfiles/htdocs/final-project-cloud-computing-b-cc-kelompok-8-boboiboy-kuasa-bug-gaib/Nusatarawisata-kaltim/vendor/laravel/framework/src/Illuminate/Container/BoundMethod.php(84): Illuminate\\Container\\Util::unwrapIfClosure(Object(Closure))
#14 /Applications/XAMPP/xamppfiles/htdocs/final-project-cloud-computing-b-cc-kelompok-8-boboiboy-kuasa-bug-gaib/Nusatarawisata-kaltim/vendor/laravel/framework/src/Illuminate/Container/BoundMethod.php(35): Illuminate\\Container\\BoundMethod::callBoundMethod(Object(Illuminate\\Foundation\\Application), Object(Closure), Object(Closure))
#15 /Applications/XAMPP/xamppfiles/htdocs/final-project-cloud-computing-b-cc-kelompok-8-boboiboy-kuasa-bug-gaib/Nusatarawisata-kaltim/vendor/laravel/framework/src/Illuminate/Container/Container.php(836): Illuminate\\Container\\BoundMethod::call(Object(Illuminate\\Foundation\\Application), Object(Closure), Array, NULL)
#16 /Applications/XAMPP/xamppfiles/htdocs/final-project-cloud-computing-b-cc-kelompok-8-boboiboy-kuasa-bug-gaib/Nusatarawisata-kaltim/vendor/laravel/framework/src/Illuminate/Support/ServiceProvider.php(143): Illuminate\\Container\\Container->call(Object(Closure))
#17 /Applications/XAMPP/xamppfiles/htdocs/final-project-cloud-computing-b-cc-kelompok-8-boboiboy-kuasa-bug-gaib/Nusatarawisata-kaltim/vendor/laravel/framework/src/Illuminate/Foundation/Application.php(1154): Illuminate\\Support\\ServiceProvider->callBootedCallbacks()
#18 /Applications/XAMPP/xamppfiles/htdocs/final-project-cloud-computing-b-cc-kelompok-8-boboiboy-kuasa-bug-gaib/Nusatarawisata-kaltim/vendor/laravel/framework/src/Illuminate/Foundation/Application.php(1132): Illuminate\\Foundation\\Application->bootProvider(Object(Illuminate\\Foundation\\Support\\Providers\\RouteServiceProvider))
#19 [internal function]: Illuminate\\Foundation\\Application->Illuminate\\Foundation\\{closure}(Object(Illuminate\\Foundation\\Support\\Providers\\RouteServiceProvider), 'Illuminate\\\\Foun...')
#20 /Applications/XAMPP/xamppfiles/htdocs/final-project-cloud-computing-b-cc-kelompok-8-boboiboy-kuasa-bug-gaib/Nusatarawisata-kaltim/vendor/laravel/framework/src/Illuminate/Foundation/Application.php(1131): array_walk(Array, Object(Closure))
#21 /Applications/XAMPP/xamppfiles/htdocs/final-project-cloud-computing-b-cc-kelompok-8-boboiboy-kuasa-bug-gaib/Nusatarawisata-kaltim/vendor/laravel/framework/src/Illuminate/Foundation/Bootstrap/BootProviders.php(17): Illuminate\\Foundation\\Application->boot()
#22 /Applications/XAMPP/xamppfiles/htdocs/final-project-cloud-computing-b-cc-kelompok-8-boboiboy-kuasa-bug-gaib/Nusatarawisata-kaltim/vendor/laravel/framework/src/Illuminate/Foundation/Application.php(342): Illuminate\\Foundation\\Bootstrap\\BootProviders->bootstrap(Object(Illuminate\\Foundation\\Application))
#23 /Applications/XAMPP/xamppfiles/htdocs/final-project-cloud-computing-b-cc-kelompok-8-boboiboy-kuasa-bug-gaib/Nusatarawisata-kaltim/vendor/laravel/framework/src/Illuminate/Foundation/Console/Kernel.php(473): Illuminate\\Foundation\\Application->bootstrapWith(Array)
#24 /Applications/XAMPP/xamppfiles/htdocs/final-project-cloud-computing-b-cc-kelompok-8-boboiboy-kuasa-bug-gaib/Nusatarawisata-kaltim/vendor/laravel/framework/src/Illuminate/Foundation/Console/Kernel.php(195): Illuminate\\Foundation\\Console\\Kernel->bootstrap()
#25 /Applications/XAMPP/xamppfiles/htdocs/final-project-cloud-computing-b-cc-kelompok-8-boboiboy-kuasa-bug-gaib/Nusatarawisata-kaltim/vendor/laravel/framework/src/Illuminate/Foundation/Application.php(1235): Illuminate\\Foundation\\Console\\Kernel->handle(Object(Symfony\\Component\\Console\\Input\\ArgvInput), Object(Symfony\\Component\\Console\\Output\\ConsoleOutput))
#26 /Applications/XAMPP/xamppfiles/htdocs/final-project-cloud-computing-b-cc-kelompok-8-boboiboy-kuasa-bug-gaib/Nusatarawisata-kaltim/artisan(16): Illuminate\\Foundation\\Application->handleCommand(Object(Symfony\\Component\\Console\\Input\\ArgvInput))
#27 {main}
"} 
[2025-10-28 18:23:37] local.ERROR: SQLSTATE[42703]: Undefined column: 7 ERROR:  column "status" of relation "users" does not exist
LINE 1: insert into "users" ("name", "email", "password", "status", ...
                                                          ^ (Connection: pgsql, SQL: insert into "users" ("name", "email", "password", "status", "isAdmin", "created_at", "updated_at") values (Admin Wisata, admin@wisata.com, $2y$12$O8kt/F3KR22gZ5jDQeNcBO7grMU5kin33V2SFJwiNq4efYxe70ckC, active, 1, 2025-10-28 18:23:36, 2025-10-28 18:23:36)) {"exception":"[object] (Illuminate\\Database\\QueryException(code: 42703): SQLSTATE[42703]: Undefined column: 7 ERROR:  column \"status\" of relation \"users\" does not exist
LINE 1: insert into \"users\" (\"name\", \"email\", \"password\", \"status\", ...
                                                          ^ (Connection: pgsql, SQL: insert into \"users\" (\"name\", \"email\", \"password\", \"status\", \"isAdmin\", \"created_at\", \"updated_at\") values (Admin Wisata, admin@wisata.com, $2y$12$O8kt/F3KR22gZ5jDQeNcBO7grMU5kin33V2SFJwiNq4efYxe70ckC, active, 1, 2025-10-28 18:23:36, 2025-10-28 18:23:36)) at /Applications/XAMPP/xamppfiles/htdocs/final-project-cloud-computing-b-cc-kelompok-8-boboiboy-kuasa-bug-gaib/Nusatarawisata-kaltim/vendor/laravel/framework/src/Illuminate/Database/Connection.php:824)
[stacktrace]
#0 /Applications/XAMPP/xamppfiles/htdocs/final-project-cloud-computing-b-cc-kelompok-8-boboiboy-kuasa-bug-gaib/Nusatarawisata-kaltim/vendor/laravel/framework/src/Illuminate/Database/Connection.php(778): Illuminate\\Database\\Connection->runQueryCallback('insert into \"us...', Array, Object(Closure))
#1 /Applications/XAMPP/xamppfiles/htdocs/final-project-cloud-computing-b-cc-kelompok-8-boboiboy-kuasa-bug-gaib/Nusatarawisata-kaltim/vendor/laravel/framework/src/Illuminate/Database/Connection.php(559): Illuminate\\Database\\Connection->run('insert into \"us...', Array, Object(Closure))
#2 /Applications/XAMPP/xamppfiles/htdocs/final-project-cloud-computing-b-cc-kelompok-8-boboiboy-kuasa-bug-gaib/Nusatarawisata-kaltim/vendor/laravel/framework/src/Illuminate/Database/Connection.php(523): Illuminate\\Database\\Connection->statement('insert into \"us...', Array)
#3 /Applications/XAMPP/xamppfiles/htdocs/final-project-cloud-computing-b-cc-kelompok-8-boboiboy-kuasa-bug-gaib/Nusatarawisata-kaltim/vendor/laravel/framework/src/Illuminate/Database/Query/Builder.php(3804): Illuminate\\Database\\Connection->insert('insert into \"us...', Array)
#4 /Applications/XAMPP/xamppfiles/htdocs/final-project-cloud-computing-b-cc-kelompok-8-boboiboy-kuasa-bug-gaib/Nusatarawisata-kaltim/database/seeders/UserSeeder.php(21): Illuminate\\Database\\Query\\Builder->insert(Array)
#5 /Applications/XAMPP/xamppfiles/htdocs/final-project-cloud-computing-b-cc-kelompok-8-boboiboy-kuasa-bug-gaib/Nusatarawisata-kaltim/vendor/laravel/framework/src/Illuminate/Container/BoundMethod.php(36): Database\\Seeders\\UserSeeder->run()
#6 /Applications/XAMPP/xamppfiles/htdocs/final-project-cloud-computing-b-cc-kelompok-8-boboiboy-kuasa-bug-gaib/Nusatarawisata-kaltim/vendor/laravel/framework/src/Illuminate/Container/Util.php(43): Illuminate\\Container\\BoundMethod::Illuminate\\Container\\{closure}()
#7 /Applications/XAMPP/xamppfiles/htdocs/final-project-cloud-computing-b-cc-kelompok-8-boboiboy-kuasa-bug-gaib/Nusatarawisata-kaltim/vendor/laravel/framework/src/Illuminate/Container/BoundMethod.php(96): Illuminate\\Container\\Util::unwrapIfClosure(Object(Closure))
#8 /Applications/XAMPP/xamppfiles/htdocs/final-project-cloud-computing-b-cc-kelompok-8-boboiboy-kuasa-bug-gaib/Nusatarawisata-kaltim/vendor/laravel/framework/src/Illuminate/Container/BoundMethod.php(35): Illuminate\\Container\\BoundMethod::callBoundMethod(Object(Illuminate\\Foundation\\Application), Array, Object(Closure))
#9 /Applications/XAMPP/xamppfiles/htdocs/final-project-cloud-computing-b-cc-kelompok-8-boboiboy-kuasa-bug-gaib/Nusatarawisata-kaltim/vendor/laravel/framework/src/Illuminate/Container/Container.php(836): Illuminate\\Container\\BoundMethod::call(Object(Illuminate\\Foundation\\Application), Array, Array, NULL)
#10 /Applications/XAMPP/xamppfiles/htdocs/final-project-cloud-computing-b-cc-kelompok-8-boboiboy-kuasa-bug-gaib/Nusatarawisata-kaltim/vendor/laravel/framework/src/Illuminate/Database/Seeder.php(184): Illuminate\\Container\\Container->call(Array, Array)
#11 /Applications/XAMPP/xamppfiles/htdocs/final-project-cloud-computing-b-cc-kelompok-8-boboiboy-kuasa-bug-gaib/Nusatarawisata-kaltim/vendor/laravel/framework/src/Illuminate/Database/Seeder.php(193): Illuminate\\Database\\Seeder->Illuminate\\Database\\{closure}()
#12 /Applications/XAMPP/xamppfiles/htdocs/final-project-cloud-computing-b-cc-kelompok-8-boboiboy-kuasa-bug-gaib/Nusatarawisata-kaltim/vendor/laravel/framework/src/Illuminate/Database/Console/Seeds/SeedCommand.php(71): Illuminate\\Database\\Seeder->__invoke()
#13 /Applications/XAMPP/xamppfiles/htdocs/final-project-cloud-computing-b-cc-kelompok-8-boboiboy-kuasa-bug-gaib/Nusatarawisata-kaltim/vendor/laravel/framework/src/Illuminate/Database/Eloquent/Concerns/GuardsAttributes.php(157): Illuminate\\Database\\Console\\Seeds\\SeedCommand->Illuminate\\Database\\Console\\Seeds\\{closure}()
#14 /Applications/XAMPP/xamppfiles/htdocs/final-project-cloud-computing-b-cc-kelompok-8-boboiboy-kuasa-bug-gaib/Nusatarawisata-kaltim/vendor/laravel/framework/src/Illuminate/Database/Console/Seeds/SeedCommand.php(70): Illuminate\\Database\\Eloquent\\Model::unguarded(Object(Closure))
#15 /Applications/XAMPP/xamppfiles/htdocs/final-project-cloud-computing-b-cc-kelompok-8-boboiboy-kuasa-bug-gaib/Nusatarawisata-kaltim/vendor/laravel/framework/src/Illuminate/Container/BoundMethod.php(36): Illuminate\\Database\\Console\\Seeds\\SeedCommand->handle()
#16 /Applications/XAMPP/xamppfiles/htdocs/final-project-cloud-computing-b-cc-kelompok-8-boboiboy-kuasa-bug-gaib/Nusatarawisata-kaltim/vendor/laravel/framework/src/Illuminate/Container/Util.php(43): Illuminate\\Container\\BoundMethod::Illuminate\\Container\\{closure}()
#17 /Applications/XAMPP/xamppfiles/htdocs/final-project-cloud-computing-b-cc-kelompok-8-boboiboy-kuasa-bug-gaib/Nusatarawisata-kaltim/vendor/laravel/framework/src/Illuminate/Container/BoundMethod.php(96): Illuminate\\Container\\Util::unwrapIfClosure(Object(Closure))
#18 /Applications/XAMPP/xamppfiles/htdocs/final-project-cloud-computing-b-cc-kelompok-8-boboiboy-kuasa-bug-gaib/Nusatarawisata-kaltim/vendor/laravel/framework/src/Illuminate/Container/BoundMethod.php(35): Illuminate\\Container\\BoundMethod::callBoundMethod(Object(Illuminate\\Foundation\\Application), Array, Object(Closure))
#19 /Applications/XAMPP/xamppfiles/htdocs/final-project-cloud-computing-b-cc-kelompok-8-boboiboy-kuasa-bug-gaib/Nusatarawisata-kaltim/vendor/laravel/framework/src/Illuminate/Container/Container.php(836): Illuminate\\Container\\BoundMethod::call(Object(Illuminate\\Foundation\\Application), Array, Array, NULL)
#20 /Applications/XAMPP/xamppfiles/htdocs/final-project-cloud-computing-b-cc-kelompok-8-boboiboy-kuasa-bug-gaib/Nusatarawisata-kaltim/vendor/laravel/framework/src/Illuminate/Console/Command.php(211): Illuminate\\Container\\Container->call(Array)
#21 /Applications/XAMPP/xamppfiles/htdocs/final-project-cloud-computing-b-cc-kelompok-8-boboiboy-kuasa-bug-gaib/Nusatarawisata-kaltim/vendor/symfony/console/Command/Command.php(318): Illuminate\\Console\\Command->execute(Object(Symfony\\Component\\Console\\Input\\ArgvInput), Object(Illuminate\\Console\\OutputStyle))
#22 /Applications/XAMPP/xamppfiles/htdocs/final-project-cloud-computing-b-cc-kelompok-8-boboiboy-kuasa-bug-gaib/Nusatarawisata-kaltim/vendor/laravel/framework/src/Illuminate/Console/Command.php(180): Symfony\\Component\\Console\\Command\\Command->run(Object(Symfony\\Component\\Console\\Input\\ArgvInput), Object(Illuminate\\Console\\OutputStyle))
#23 /Applications/XAMPP/xamppfiles/htdocs/final-project-cloud-computing-b-cc-kelompok-8-boboiboy-kuasa-bug-gaib/Nusatarawisata-kaltim/vendor/symfony/console/Application.php(1073): Illuminate\\Console\\Command->run(Object(Symfony\\Component\\Console\\Input\\ArgvInput), Object(Symfony\\Component\\Console\\Output\\ConsoleOutput))
#24 /Applications/XAMPP/xamppfiles/htdocs/final-project-cloud-computing-b-cc-kelompok-8-boboiboy-kuasa-bug-gaib/Nusatarawisata-kaltim/vendor/symfony/console/Application.php(356): Symfony\\Component\\Console\\Application->doRunCommand(Object(Illuminate\\Database\\Console\\Seeds\\SeedCommand), Object(Symfony\\Component\\Console\\Input\\ArgvInput), Object(Symfony\\Component\\Console\\Output\\ConsoleOutput))
#25 /Applications/XAMPP/xamppfiles/htdocs/final-project-cloud-computing-b-cc-kelompok-8-boboiboy-kuasa-bug-gaib/Nusatarawisata-kaltim/vendor/symfony/console/Application.php(195): Symfony\\Component\\Console\\Application->doRun(Object(Symfony\\Component\\Console\\Input\\ArgvInput), Object(Symfony\\Component\\Console\\Output\\ConsoleOutput))
#26 /Applications/XAMPP/xamppfiles/htdocs/final-project-cloud-computing-b-cc-kelompok-8-boboiboy-kuasa-bug-gaib/Nusatarawisata-kaltim/vendor/laravel/framework/src/Illuminate/Foundation/Console/Kernel.php(197): Symfony\\Component\\Console\\Application->run(Object(Symfony\\Component\\Console\\Input\\ArgvInput), Object(Symfony\\Component\\Console\\Output\\ConsoleOutput))
#27 /Applications/XAMPP/xamppfiles/htdocs/final-project-cloud-computing-b-cc-kelompok-8-boboiboy-kuasa-bug-gaib/Nusatarawisata-kaltim/vendor/laravel/framework/src/Illuminate/Foundation/Application.php(1235): Illuminate\\Foundation\\Console\\Kernel->handle(Object(Symfony\\Component\\Console\\Input\\ArgvInput), Object(Symfony\\Component\\Console\\Output\\ConsoleOutput))
#28 /Applications/XAMPP/xamppfiles/htdocs/final-project-cloud-computing-b-cc-kelompok-8-boboiboy-kuasa-bug-gaib/Nusatarawisata-kaltim/artisan(16): Illuminate\\Foundation\\Application->handleCommand(Object(Symfony\\Component\\Console\\Input\\ArgvInput))
#29 {main}

[previous exception] [object] (PDOException(code: 42703): SQLSTATE[42703]: Undefined column: 7 ERROR:  column \"status\" of relation \"users\" does not exist
LINE 1: insert into \"users\" (\"name\", \"email\", \"password\", \"status\", ...
                                                          ^ at /Applications/XAMPP/xamppfiles/htdocs/final-project-cloud-computing-b-cc-kelompok-8-boboiboy-kuasa-bug-gaib/Nusatarawisata-kaltim/vendor/laravel/framework/src/Illuminate/Database/Connection.php:570)
[stacktrace]
#0 /Applications/XAMPP/xamppfiles/htdocs/final-project-cloud-computing-b-cc-kelompok-8-boboiboy-kuasa-bug-gaib/Nusatarawisata-kaltim/vendor/laravel/framework/src/Illuminate/Database/Connection.php(570): PDOStatement->execute()
#1 /Applications/XAMPP/xamppfiles/htdocs/final-project-cloud-computing-b-cc-kelompok-8-boboiboy-kuasa-bug-gaib/Nusatarawisata-kaltim/vendor/laravel/framework/src/Illuminate/Database/Connection.php(811): Illuminate\\Database\\Connection->Illuminate\\Database\\{closure}('insert into \"us...', Array)
#2 /Applications/XAMPP/xamppfiles/htdocs/final-project-cloud-computing-b-cc-kelompok-8-boboiboy-kuasa-bug-gaib/Nusatarawisata-kaltim/vendor/laravel/framework/src/Illuminate/Database/Connection.php(778): Illuminate\\Database\\Connection->runQueryCallback('insert into \"us...', Array, Object(Closure))
#3 /Applications/XAMPP/xamppfiles/htdocs/final-project-cloud-computing-b-cc-kelompok-8-boboiboy-kuasa-bug-gaib/Nusatarawisata-kaltim/vendor/laravel/framework/src/Illuminate/Database/Connection.php(559): Illuminate\\Database\\Connection->run('insert into \"us...', Array, Object(Closure))
#4 /Applications/XAMPP/xamppfiles/htdocs/final-project-cloud-computing-b-cc-kelompok-8-boboiboy-kuasa-bug-gaib/Nusatarawisata-kaltim/vendor/laravel/framework/src/Illuminate/Database/Connection.php(523): Illuminate\\Database\\Connection->statement('insert into \"us...', Array)
#5 /Applications/XAMPP/xamppfiles/htdocs/final-project-cloud-computing-b-cc-kelompok-8-boboiboy-kuasa-bug-gaib/Nusatarawisata-kaltim/vendor/laravel/framework/src/Illuminate/Database/Query/Builder.php(3804): Illuminate\\Database\\Connection->insert('insert into \"us...', Array)
#6 /Applications/XAMPP/xamppfiles/htdocs/final-project-cloud-computing-b-cc-kelompok-8-boboiboy-kuasa-bug-gaib/Nusatarawisata-kaltim/database/seeders/UserSeeder.php(21): Illuminate\\Database\\Query\\Builder->insert(Array)
#7 /Applications/XAMPP/xamppfiles/htdocs/final-project-cloud-computing-b-cc-kelompok-8-boboiboy-kuasa-bug-gaib/Nusatarawisata-kaltim/vendor/laravel/framework/src/Illuminate/Container/BoundMethod.php(36): Database\\Seeders\\UserSeeder->run()
#8 /Applications/XAMPP/xamppfiles/htdocs/final-project-cloud-computing-b-cc-kelompok-8-boboiboy-kuasa-bug-gaib/Nusatarawisata-kaltim/vendor/laravel/framework/src/Illuminate/Container/Util.php(43): Illuminate\\Container\\BoundMethod::Illuminate\\Container\\{closure}()
#9 /Applications/XAMPP/xamppfiles/htdocs/final-project-cloud-computing-b-cc-kelompok-8-boboiboy-kuasa-bug-gaib/Nusatarawisata-kaltim/vendor/laravel/framework/src/Illuminate/Container/BoundMethod.php(96): Illuminate\\Container\\Util::unwrapIfClosure(Object(Closure))
#10 /Applications/XAMPP/xamppfiles/htdocs/final-project-cloud-computing-b-cc-kelompok-8-boboiboy-kuasa-bug-gaib/Nusatarawisata-kaltim/vendor/laravel/framework/src/Illuminate/Container/BoundMethod.php(35): Illuminate\\Container\\BoundMethod::callBoundMethod(Object(Illuminate\\Foundation\\Application), Array, Object(Closure))
#11 /Applications/XAMPP/xamppfiles/htdocs/final-project-cloud-computing-b-cc-kelompok-8-boboiboy-kuasa-bug-gaib/Nusatarawisata-kaltim/vendor/laravel/framework/src/Illuminate/Container/Container.php(836): Illuminate\\Container\\BoundMethod::call(Object(Illuminate\\Foundation\\Application), Array, Array, NULL)
#12 /Applications/XAMPP/xamppfiles/htdocs/final-project-cloud-computing-b-cc-kelompok-8-boboiboy-kuasa-bug-gaib/Nusatarawisata-kaltim/vendor/laravel/framework/src/Illuminate/Database/Seeder.php(184): Illuminate\\Container\\Container->call(Array, Array)
#13 /Applications/XAMPP/xamppfiles/htdocs/final-project-cloud-computing-b-cc-kelompok-8-boboiboy-kuasa-bug-gaib/Nusatarawisata-kaltim/vendor/laravel/framework/src/Illuminate/Database/Seeder.php(193): Illuminate\\Database\\Seeder->Illuminate\\Database\\{closure}()
#14 /Applications/XAMPP/xamppfiles/htdocs/final-project-cloud-computing-b-cc-kelompok-8-boboiboy-kuasa-bug-gaib/Nusatarawisata-kaltim/vendor/laravel/framework/src/Illuminate/Database/Console/Seeds/SeedCommand.php(71): Illuminate\\Database\\Seeder->__invoke()
#15 /Applications/XAMPP/xamppfiles/htdocs/final-project-cloud-computing-b-cc-kelompok-8-boboiboy-kuasa-bug-gaib/Nusatarawisata-kaltim/vendor/laravel/framework/src/Illuminate/Database/Eloquent/Concerns/GuardsAttributes.php(157): Illuminate\\Database\\Console\\Seeds\\SeedCommand->Illuminate\\Database\\Console\\Seeds\\{closure}()
#16 /Applications/XAMPP/xamppfiles/htdocs/final-project-cloud-computing-b-cc-kelompok-8-boboiboy-kuasa-bug-gaib/Nusatarawisata-kaltim/vendor/laravel/framework/src/Illuminate/Database/Console/Seeds/SeedCommand.php(70): Illuminate\\Database\\Eloquent\\Model::unguarded(Object(Closure))
#17 /Applications/XAMPP/xamppfiles/htdocs/final-project-cloud-computing-b-cc-kelompok-8-boboiboy-kuasa-bug-gaib/Nusatarawisata-kaltim/vendor/laravel/framework/src/Illuminate/Container/BoundMethod.php(36): Illuminate\\Database\\Console\\Seeds\\SeedCommand->handle()
#18 /Applications/XAMPP/xamppfiles/htdocs/final-project-cloud-computing-b-cc-kelompok-8-boboiboy-kuasa-bug-gaib/Nusatarawisata-kaltim/vendor/laravel/framework/src/Illuminate/Container/Util.php(43): Illuminate\\Container\\BoundMethod::Illuminate\\Container\\{closure}()
#19 /Applications/XAMPP/xamppfiles/htdocs/final-project-cloud-computing-b-cc-kelompok-8-boboiboy-kuasa-bug-gaib/Nusatarawisata-kaltim/vendor/laravel/framework/src/Illuminate/Container/BoundMethod.php(96): Illuminate\\Container\\Util::unwrapIfClosure(Object(Closure))
#20 /Applications/XAMPP/xamppfiles/htdocs/final-project-cloud-computing-b-cc-kelompok-8-boboiboy-kuasa-bug-gaib/Nusatarawisata-kaltim/vendor/laravel/framework/src/Illuminate/Container/BoundMethod.php(35): Illuminate\\Container\\BoundMethod::callBoundMethod(Object(Illuminate\\Foundation\\Application), Array, Object(Closure))
#21 /Applications/XAMPP/xamppfiles/htdocs/final-project-cloud-computing-b-cc-kelompok-8-boboiboy-kuasa-bug-gaib/Nusatarawisata-kaltim/vendor/laravel/framework/src/Illuminate/Container/Container.php(836): Illuminate\\Container\\BoundMethod::call(Object(Illuminate\\Foundation\\Application), Array, Array, NULL)
#22 /Applications/XAMPP/xamppfiles/htdocs/final-project-cloud-computing-b-cc-kelompok-8-boboiboy-kuasa-bug-gaib/Nusatarawisata-kaltim/vendor/laravel/framework/src/Illuminate/Console/Command.php(211): Illuminate\\Container\\Container->call(Array)
#23 /Applications/XAMPP/xamppfiles/htdocs/final-project-cloud-computing-b-cc-kelompok-8-boboiboy-kuasa-bug-gaib/Nusatarawisata-kaltim/vendor/symfony/console/Command/Command.php(318): Illuminate\\Console\\Command->execute(Object(Symfony\\Component\\Console\\Input\\ArgvInput), Object(Illuminate\\Console\\OutputStyle))
#24 /Applications/XAMPP/xamppfiles/htdocs/final-project-cloud-computing-b-cc-kelompok-8-boboiboy-kuasa-bug-gaib/Nusatarawisata-kaltim/vendor/laravel/framework/src/Illuminate/Console/Command.php(180): Symfony\\Component\\Console\\Command\\Command->run(Object(Symfony\\Component\\Console\\Input\\ArgvInput), Object(Illuminate\\Console\\OutputStyle))
#25 /Applications/XAMPP/xamppfiles/htdocs/final-project-cloud-computing-b-cc-kelompok-8-boboiboy-kuasa-bug-gaib/Nusatarawisata-kaltim/vendor/symfony/console/Application.php(1073): Illuminate\\Console\\Command->run(Object(Symfony\\Component\\Console\\Input\\ArgvInput), Object(Symfony\\Component\\Console\\Output\\ConsoleOutput))
#26 /Applications/XAMPP/xamppfiles/htdocs/final-project-cloud-computing-b-cc-kelompok-8-boboiboy-kuasa-bug-gaib/Nusatarawisata-kaltim/vendor/symfony/console/Application.php(356): Symfony\\Component\\Console\\Application->doRunCommand(Object(Illuminate\\Database\\Console\\Seeds\\SeedCommand), Object(Symfony\\Component\\Console\\Input\\ArgvInput), Object(Symfony\\Component\\Console\\Output\\ConsoleOutput))
#27 /Applications/XAMPP/xamppfiles/htdocs/final-project-cloud-computing-b-cc-kelompok-8-boboiboy-kuasa-bug-gaib/Nusatarawisata-kaltim/vendor/symfony/console/Application.php(195): Symfony\\Component\\Console\\Application->doRun(Object(Symfony\\Component\\Console\\Input\\ArgvInput), Object(Symfony\\Component\\Console\\Output\\ConsoleOutput))
#28 /Applications/XAMPP/xamppfiles/htdocs/final-project-cloud-computing-b-cc-kelompok-8-boboiboy-kuasa-bug-gaib/Nusatarawisata-kaltim/vendor/laravel/framework/src/Illuminate/Foundation/Console/Kernel.php(197): Symfony\\Component\\Console\\Application->run(Object(Symfony\\Component\\Console\\Input\\ArgvInput), Object(Symfony\\Component\\Console\\Output\\ConsoleOutput))
#29 /Applications/XAMPP/xamppfiles/htdocs/final-project-cloud-computing-b-cc-kelompok-8-boboiboy-kuasa-bug-gaib/Nusatarawisata-kaltim/vendor/laravel/framework/src/Illuminate/Foundation/Application.php(1235): Illuminate\\Foundation\\Console\\Kernel->handle(Object(Symfony\\Component\\Console\\Input\\ArgvInput), Object(Symfony\\Component\\Console\\Output\\ConsoleOutput))
#30 /Applications/XAMPP/xamppfiles/htdocs/final-project-cloud-computing-b-cc-kelompok-8-boboiboy-kuasa-bug-gaib/Nusatarawisata-kaltim/artisan(16): Illuminate\\Foundation\\Application->handleCommand(Object(Symfony\\Component\\Console\\Input\\ArgvInput))
#31 {main}
"} 
[2025-10-29 01:50:06] local.ERROR: Target class [/] does not exist. {"exception":"[object] (Illuminate\\Contracts\\Container\\BindingResolutionException(code: 0): Target class [/] does not exist. at /Applications/XAMPP/xamppfiles/htdocs/final-project-cloud-computing-b-cc-kelompok-8-boboiboy-kuasa-bug-gaib/Nusatarawisata-kaltim/vendor/laravel/framework/src/Illuminate/Container/Container.php:1163)
[stacktrace]
#0 /Applications/XAMPP/xamppfiles/htdocs/final-project-cloud-computing-b-cc-kelompok-8-boboiboy-kuasa-bug-gaib/Nusatarawisata-kaltim/vendor/laravel/framework/src/Illuminate/Container/Container.php(972): Illuminate\\Container\\Container->build('/')
#1 /Applications/XAMPP/xamppfiles/htdocs/final-project-cloud-computing-b-cc-kelompok-8-boboiboy-kuasa-bug-gaib/Nusatarawisata-kaltim/vendor/laravel/framework/src/Illuminate/Foundation/Application.php(1078): Illuminate\\Container\\Container->resolve('/', Array, true)
#2 /Applications/XAMPP/xamppfiles/htdocs/final-project-cloud-computing-b-cc-kelompok-8-boboiboy-kuasa-bug-gaib/Nusatarawisata-kaltim/vendor/laravel/framework/src/Illuminate/Container/Container.php(903): Illuminate\\Foundation\\Application->resolve('/', Array)
#3 /Applications/XAMPP/xamppfiles/htdocs/final-project-cloud-computing-b-cc-kelompok-8-boboiboy-kuasa-bug-gaib/Nusatarawisata-kaltim/vendor/laravel/framework/src/Illuminate/Foundation/Application.php(1058): Illuminate\\Container\\Container->make('/', Array)
#4 /Applications/XAMPP/xamppfiles/htdocs/final-project-cloud-computing-b-cc-kelompok-8-boboiboy-kuasa-bug-gaib/Nusatarawisata-kaltim/vendor/laravel/framework/src/Illuminate/Pipeline/Pipeline.php(208): Illuminate\\Foundation\\Application->make('/')
#5 /Applications/XAMPP/xamppfiles/htdocs/final-project-cloud-computing-b-cc-kelompok-8-boboiboy-kuasa-bug-gaib/Nusatarawisata-kaltim/vendor/laravel/framework/src/Illuminate/Routing/Middleware/SubstituteBindings.php(50): Illuminate\\Pipeline\\Pipeline->Illuminate\\Pipeline\\{closure}(Object(Illuminate\\Http\\Request))
#6 /Applications/XAMPP/xamppfiles/htdocs/final-project-cloud-computing-b-cc-kelompok-8-boboiboy-kuasa-bug-gaib/Nusatarawisata-kaltim/vendor/laravel/framework/src/Illuminate/Pipeline/Pipeline.php(219): Illuminate\\Routing\\Middleware\\SubstituteBindings->handle(Object(Illuminate\\Http\\Request), Object(Closure))
#7 /Applications/XAMPP/xamppfiles/htdocs/final-project-cloud-computing-b-cc-kelompok-8-boboiboy-kuasa-bug-gaib/Nusatarawisata-kaltim/vendor/laravel/framework/src/Illuminate/Foundation/Http/Middleware/VerifyCsrfToken.php(87): Illuminate\\Pipeline\\Pipeline->Illuminate\\Pipeline\\{closure}(Object(Illuminate\\Http\\Request))
#8 /Applications/XAMPP/xamppfiles/htdocs/final-project-cloud-computing-b-cc-kelompok-8-boboiboy-kuasa-bug-gaib/Nusatarawisata-kaltim/vendor/laravel/framework/src/Illuminate/Pipeline/Pipeline.php(219): Illuminate\\Foundation\\Http\\Middleware\\VerifyCsrfToken->handle(Object(Illuminate\\Http\\Request), Object(Closure))
#9 /Applications/XAMPP/xamppfiles/htdocs/final-project-cloud-computing-b-cc-kelompok-8-boboiboy-kuasa-bug-gaib/Nusatarawisata-kaltim/vendor/laravel/framework/src/Illuminate/View/Middleware/ShareErrorsFromSession.php(48): Illuminate\\Pipeline\\Pipeline->Illuminate\\Pipeline\\{closure}(Object(Illuminate\\Http\\Request))
#10 /Applications/XAMPP/xamppfiles/htdocs/final-project-cloud-computing-b-cc-kelompok-8-boboiboy-kuasa-bug-gaib/Nusatarawisata-kaltim/vendor/laravel/framework/src/Illuminate/Pipeline/Pipeline.php(219): Illuminate\\View\\Middleware\\ShareErrorsFromSession->handle(Object(Illuminate\\Http\\Request), Object(Closure))
#11 /Applications/XAMPP/xamppfiles/htdocs/final-project-cloud-computing-b-cc-kelompok-8-boboiboy-kuasa-bug-gaib/Nusatarawisata-kaltim/vendor/laravel/framework/src/Illuminate/Session/Middleware/StartSession.php(120): Illuminate\\Pipeline\\Pipeline->Illuminate\\Pipeline\\{closure}(Object(Illuminate\\Http\\Request))
#12 /Applications/XAMPP/xamppfiles/htdocs/final-project-cloud-computing-b-cc-kelompok-8-boboiboy-kuasa-bug-gaib/Nusatarawisata-kaltim/vendor/laravel/framework/src/Illuminate/Session/Middleware/StartSession.php(63): Illuminate\\Session\\Middleware\\StartSession->handleStatefulRequest(Object(Illuminate\\Http\\Request), Object(Illuminate\\Session\\Store), Object(Closure))
#13 /Applications/XAMPP/xamppfiles/htdocs/final-project-cloud-computing-b-cc-kelompok-8-boboiboy-kuasa-bug-gaib/Nusatarawisata-kaltim/vendor/laravel/framework/src/Illuminate/Pipeline/Pipeline.php(219): Illuminate\\Session\\Middleware\\StartSession->handle(Object(Illuminate\\Http\\Request), Object(Closure))
#14 /Applications/XAMPP/xamppfiles/htdocs/final-project-cloud-computing-b-cc-kelompok-8-boboiboy-kuasa-bug-gaib/Nusatarawisata-kaltim/vendor/laravel/framework/src/Illuminate/Cookie/Middleware/AddQueuedCookiesToResponse.php(36): Illuminate\\Pipeline\\Pipeline->Illuminate\\Pipeline\\{closure}(Object(Illuminate\\Http\\Request))
#15 /Applications/XAMPP/xamppfiles/htdocs/final-project-cloud-computing-b-cc-kelompok-8-boboiboy-kuasa-bug-gaib/Nusatarawisata-kaltim/vendor/laravel/framework/src/Illuminate/Pipeline/Pipeline.php(219): Illuminate\\Cookie\\Middleware\\AddQueuedCookiesToResponse->handle(Object(Illuminate\\Http\\Request), Object(Closure))
#16 /Applications/XAMPP/xamppfiles/htdocs/final-project-cloud-computing-b-cc-kelompok-8-boboiboy-kuasa-bug-gaib/Nusatarawisata-kaltim/vendor/laravel/framework/src/Illuminate/Cookie/Middleware/EncryptCookies.php(74): Illuminate\\Pipeline\\Pipeline->Illuminate\\Pipeline\\{closure}(Object(Illuminate\\Http\\Request))
#17 /Applications/XAMPP/xamppfiles/htdocs/final-project-cloud-computing-b-cc-kelompok-8-boboiboy-kuasa-bug-gaib/Nusatarawisata-kaltim/vendor/laravel/framework/src/Illuminate/Pipeline/Pipeline.php(219): Illuminate\\Cookie\\Middleware\\EncryptCookies->handle(Object(Illuminate\\Http\\Request), Object(Closure))
#18 /Applications/XAMPP/xamppfiles/htdocs/final-project-cloud-computing-b-cc-kelompok-8-boboiboy-kuasa-bug-gaib/Nusatarawisata-kaltim/vendor/laravel/framework/src/Illuminate/Pipeline/Pipeline.php(137): Illuminate\\Pipeline\\Pipeline->Illuminate\\Pipeline\\{closure}(Object(Illuminate\\Http\\Request))
#19 /Applications/XAMPP/xamppfiles/htdocs/final-project-cloud-computing-b-cc-kelompok-8-boboiboy-kuasa-bug-gaib/Nusatarawisata-kaltim/vendor/laravel/framework/src/Illuminate/Routing/Router.php(821): Illuminate\\Pipeline\\Pipeline->then(Object(Closure))
#20 /Applications/XAMPP/xamppfiles/htdocs/final-project-cloud-computing-b-cc-kelompok-8-boboiboy-kuasa-bug-gaib/Nusatarawisata-kaltim/vendor/laravel/framework/src/Illuminate/Routing/Router.php(800): Illuminate\\Routing\\Router->runRouteWithinStack(Object(Illuminate\\Routing\\Route), Object(Illuminate\\Http\\Request))
#21 /Applications/XAMPP/xamppfiles/htdocs/final-project-cloud-computing-b-cc-kelompok-8-boboiboy-kuasa-bug-gaib/Nusatarawisata-kaltim/vendor/laravel/framework/src/Illuminate/Routing/Router.php(764): Illuminate\\Routing\\Router->runRoute(Object(Illuminate\\Http\\Request), Object(Illuminate\\Routing\\Route))
#22 /Applications/XAMPP/xamppfiles/htdocs/final-project-cloud-computing-b-cc-kelompok-8-boboiboy-kuasa-bug-gaib/Nusatarawisata-kaltim/vendor/laravel/framework/src/Illuminate/Routing/Router.php(753): Illuminate\\Routing\\Router->dispatchToRoute(Object(Illuminate\\Http\\Request))
#23 /Applications/XAMPP/xamppfiles/htdocs/final-project-cloud-computing-b-cc-kelompok-8-boboiboy-kuasa-bug-gaib/Nusatarawisata-kaltim/vendor/laravel/framework/src/Illuminate/Foundation/Http/Kernel.php(200): Illuminate\\Routing\\Router->dispatch(Object(Illuminate\\Http\\Request))
#24 /Applications/XAMPP/xamppfiles/htdocs/final-project-cloud-computing-b-cc-kelompok-8-boboiboy-kuasa-bug-gaib/Nusatarawisata-kaltim/vendor/laravel/framework/src/Illuminate/Pipeline/Pipeline.php(180): Illuminate\\Foundation\\Http\\Kernel->Illuminate\\Foundation\\Http\\{closure}(Object(Illuminate\\Http\\Request))
#25 /Applications/XAMPP/xamppfiles/htdocs/final-project-cloud-computing-b-cc-kelompok-8-boboiboy-kuasa-bug-gaib/Nusatarawisata-kaltim/vendor/laravel/framework/src/Illuminate/Foundation/Http/Middleware/TransformsRequest.php(21): Illuminate\\Pipeline\\Pipeline->Illuminate\\Pipeline\\{closure}(Object(Illuminate\\Http\\Request))
#26 /Applications/XAMPP/xamppfiles/htdocs/final-project-cloud-computing-b-cc-kelompok-8-boboiboy-kuasa-bug-gaib/Nusatarawisata-kaltim/vendor/laravel/framework/src/Illuminate/Foundation/Http/Middleware/ConvertEmptyStringsToNull.php(31): Illuminate\\Foundation\\Http\\Middleware\\TransformsRequest->handle(Object(Illuminate\\Http\\Request), Object(Closure))
#27 /Applications/XAMPP/xamppfiles/htdocs/final-project-cloud-computing-b-cc-kelompok-8-boboiboy-kuasa-bug-gaib/Nusatarawisata-kaltim/vendor/laravel/framework/src/Illuminate/Pipeline/Pipeline.php(219): Illuminate\\Foundation\\Http\\Middleware\\ConvertEmptyStringsToNull->handle(Object(Illuminate\\Http\\Request), Object(Closure))
#28 /Applications/XAMPP/xamppfiles/htdocs/final-project-cloud-computing-b-cc-kelompok-8-boboiboy-kuasa-bug-gaib/Nusatarawisata-kaltim/vendor/laravel/framework/src/Illuminate/Foundation/Http/Middleware/TransformsRequest.php(21): Illuminate\\Pipeline\\Pipeline->Illuminate\\Pipeline\\{closure}(Object(Illuminate\\Http\\Request))
#29 /Applications/XAMPP/xamppfiles/htdocs/final-project-cloud-computing-b-cc-kelompok-8-boboiboy-kuasa-bug-gaib/Nusatarawisata-kaltim/vendor/laravel/framework/src/Illuminate/Foundation/Http/Middleware/TrimStrings.php(51): Illuminate\\Foundation\\Http\\Middleware\\TransformsRequest->handle(Object(Illuminate\\Http\\Request), Object(Closure))
#30 /Applications/XAMPP/xamppfiles/htdocs/final-project-cloud-computing-b-cc-kelompok-8-boboiboy-kuasa-bug-gaib/Nusatarawisata-kaltim/vendor/laravel/framework/src/Illuminate/Pipeline/Pipeline.php(219): Illuminate\\Foundation\\Http\\Middleware\\TrimStrings->handle(Object(Illuminate\\Http\\Request), Object(Closure))
#31 /Applications/XAMPP/xamppfiles/htdocs/final-project-cloud-computing-b-cc-kelompok-8-boboiboy-kuasa-bug-gaib/Nusatarawisata-kaltim/vendor/laravel/framework/src/Illuminate/Http/Middleware/ValidatePostSize.php(27): Illuminate\\Pipeline\\Pipeline->Illuminate\\Pipeline\\{closure}(Object(Illuminate\\Http\\Request))
#32 /Applications/XAMPP/xamppfiles/htdocs/final-project-cloud-computing-b-cc-kelompok-8-boboiboy-kuasa-bug-gaib/Nusatarawisata-kaltim/vendor/laravel/framework/src/Illuminate/Pipeline/Pipeline.php(219): Illuminate\\Http\\Middleware\\ValidatePostSize->handle(Object(Illuminate\\Http\\Request), Object(Closure))
#33 /Applications/XAMPP/xamppfiles/htdocs/final-project-cloud-computing-b-cc-kelompok-8-boboiboy-kuasa-bug-gaib/Nusatarawisata-kaltim/vendor/laravel/framework/src/Illuminate/Foundation/Http/Middleware/PreventRequestsDuringMaintenance.php(109): Illuminate\\Pipeline\\Pipeline->Illuminate\\Pipeline\\{closure}(Object(Illuminate\\Http\\Request))
#34 /Applications/XAMPP/xamppfiles/htdocs/final-project-cloud-computing-b-cc-kelompok-8-boboiboy-kuasa-bug-gaib/Nusatarawisata-kaltim/vendor/laravel/framework/src/Illuminate/Pipeline/Pipeline.php(219): Illuminate\\Foundation\\Http\\Middleware\\PreventRequestsDuringMaintenance->handle(Object(Illuminate\\Http\\Request), Object(Closure))
#35 /Applications/XAMPP/xamppfiles/htdocs/final-project-cloud-computing-b-cc-kelompok-8-boboiboy-kuasa-bug-gaib/Nusatarawisata-kaltim/vendor/laravel/framework/src/Illuminate/Http/Middleware/HandleCors.php(48): Illuminate\\Pipeline\\Pipeline->Illuminate\\Pipeline\\{closure}(Object(Illuminate\\Http\\Request))
#36 /Applications/XAMPP/xamppfiles/htdocs/final-project-cloud-computing-b-cc-kelompok-8-boboiboy-kuasa-bug-gaib/Nusatarawisata-kaltim/vendor/laravel/framework/src/Illuminate/Pipeline/Pipeline.php(219): Illuminate\\Http\\Middleware\\HandleCors->handle(Object(Illuminate\\Http\\Request), Object(Closure))
#37 /Applications/XAMPP/xamppfiles/htdocs/final-project-cloud-computing-b-cc-kelompok-8-boboiboy-kuasa-bug-gaib/Nusatarawisata-kaltim/vendor/laravel/framework/src/Illuminate/Http/Middleware/TrustProxies.php(58): Illuminate\\Pipeline\\Pipeline->Illuminate\\Pipeline\\{closure}(Object(Illuminate\\Http\\Request))
#38 /Applications/XAMPP/xamppfiles/htdocs/final-project-cloud-computing-b-cc-kelompok-8-boboiboy-kuasa-bug-gaib/Nusatarawisata-kaltim/vendor/laravel/framework/src/Illuminate/Pipeline/Pipeline.php(219): Illuminate\\Http\\Middleware\\TrustProxies->handle(Object(Illuminate\\Http\\Request), Object(Closure))
#39 /Applications/XAMPP/xamppfiles/htdocs/final-project-cloud-computing-b-cc-kelompok-8-boboiboy-kuasa-bug-gaib/Nusatarawisata-kaltim/vendor/laravel/framework/src/Illuminate/Foundation/Http/Middleware/InvokeDeferredCallbacks.php(22): Illuminate\\Pipeline\\Pipeline->Illuminate\\Pipeline\\{closure}(Object(Illuminate\\Http\\Request))
#40 /Applications/XAMPP/xamppfiles/htdocs/final-project-cloud-computing-b-cc-kelompok-8-boboiboy-kuasa-bug-gaib/Nusatarawisata-kaltim/vendor/laravel/framework/src/Illuminate/Pipeline/Pipeline.php(219): Illuminate\\Foundation\\Http\\Middleware\\InvokeDeferredCallbacks->handle(Object(Illuminate\\Http\\Request), Object(Closure))
#41 /Applications/XAMPP/xamppfiles/htdocs/final-project-cloud-computing-b-cc-kelompok-8-boboiboy-kuasa-bug-gaib/Nusatarawisata-kaltim/vendor/laravel/framework/src/Illuminate/Http/Middleware/ValidatePathEncoding.php(26): Illuminate\\Pipeline\\Pipeline->Illuminate\\Pipeline\\{closure}(Object(Illuminate\\Http\\Request))
#42 /Applications/XAMPP/xamppfiles/htdocs/final-project-cloud-computing-b-cc-kelompok-8-boboiboy-kuasa-bug-gaib/Nusatarawisata-kaltim/vendor/laravel/framework/src/Illuminate/Pipeline/Pipeline.php(219): Illuminate\\Http\\Middleware\\ValidatePathEncoding->handle(Object(Illuminate\\Http\\Request), Object(Closure))
#43 /Applications/XAMPP/xamppfiles/htdocs/final-project-cloud-computing-b-cc-kelompok-8-boboiboy-kuasa-bug-gaib/Nusatarawisata-kaltim/vendor/laravel/framework/src/Illuminate/Pipeline/Pipeline.php(137): Illuminate\\Pipeline\\Pipeline->Illuminate\\Pipeline\\{closure}(Object(Illuminate\\Http\\Request))
#44 /Applications/XAMPP/xamppfiles/htdocs/final-project-cloud-computing-b-cc-kelompok-8-boboiboy-kuasa-bug-gaib/Nusatarawisata-kaltim/vendor/laravel/framework/src/Illuminate/Foundation/Http/Kernel.php(175): Illuminate\\Pipeline\\Pipeline->then(Object(Closure))
#45 /Applications/XAMPP/xamppfiles/htdocs/final-project-cloud-computing-b-cc-kelompok-8-boboiboy-kuasa-bug-gaib/Nusatarawisata-kaltim/vendor/laravel/framework/src/Illuminate/Foundation/Http/Kernel.php(144): Illuminate\\Foundation\\Http\\Kernel->sendRequestThroughRouter(Object(Illuminate\\Http\\Request))
#46 /Applications/XAMPP/xamppfiles/htdocs/final-project-cloud-computing-b-cc-kelompok-8-boboiboy-kuasa-bug-gaib/Nusatarawisata-kaltim/vendor/laravel/framework/src/Illuminate/Foundation/Application.php(1220): Illuminate\\Foundation\\Http\\Kernel->handle(Object(Illuminate\\Http\\Request))
#47 /Applications/XAMPP/xamppfiles/htdocs/final-project-cloud-computing-b-cc-kelompok-8-boboiboy-kuasa-bug-gaib/Nusatarawisata-kaltim/public/index.php(20): Illuminate\\Foundation\\Application->handleRequest(Object(Illuminate\\Http\\Request))
#48 /Applications/XAMPP/xamppfiles/htdocs/final-project-cloud-computing-b-cc-kelompok-8-boboiboy-kuasa-bug-gaib/Nusatarawisata-kaltim/vendor/laravel/framework/src/Illuminate/Foundation/resources/server.php(23): require_once('/Applications/X...')
#49 {main}

[previous exception] [object] (ReflectionException(code: -1): Class \"/\" does not exist at /Applications/XAMPP/xamppfiles/htdocs/final-project-cloud-computing-b-cc-kelompok-8-boboiboy-kuasa-bug-gaib/Nusatarawisata-kaltim/vendor/laravel/framework/src/Illuminate/Container/Container.php:1161)
[stacktrace]
#0 /Applications/XAMPP/xamppfiles/htdocs/final-project-cloud-computing-b-cc-kelompok-8-boboiboy-kuasa-bug-gaib/Nusatarawisata-kaltim/vendor/laravel/framework/src/Illuminate/Container/Container.php(1161): ReflectionClass->__construct('/')
#1 /Applications/XAMPP/xamppfiles/htdocs/final-project-cloud-computing-b-cc-kelompok-8-boboiboy-kuasa-bug-gaib/Nusatarawisata-kaltim/vendor/laravel/framework/src/Illuminate/Container/Container.php(972): Illuminate\\Container\\Container->build('/')
#2 /Applications/XAMPP/xamppfiles/htdocs/final-project-cloud-computing-b-cc-kelompok-8-boboiboy-kuasa-bug-gaib/Nusatarawisata-kaltim/vendor/laravel/framework/src/Illuminate/Foundation/Application.php(1078): Illuminate\\Container\\Container->resolve('/', Array, true)
#3 /Applications/XAMPP/xamppfiles/htdocs/final-project-cloud-computing-b-cc-kelompok-8-boboiboy-kuasa-bug-gaib/Nusatarawisata-kaltim/vendor/laravel/framework/src/Illuminate/Container/Container.php(903): Illuminate\\Foundation\\Application->resolve('/', Array)
#4 /Applications/XAMPP/xamppfiles/htdocs/final-project-cloud-computing-b-cc-kelompok-8-boboiboy-kuasa-bug-gaib/Nusatarawisata-kaltim/vendor/laravel/framework/src/Illuminate/Foundation/Application.php(1058): Illuminate\\Container\\Container->make('/', Array)
#5 /Applications/XAMPP/xamppfiles/htdocs/final-project-cloud-computing-b-cc-kelompok-8-boboiboy-kuasa-bug-gaib/Nusatarawisata-kaltim/vendor/laravel/framework/src/Illuminate/Pipeline/Pipeline.php(208): Illuminate\\Foundation\\Application->make('/')
#6 /Applications/XAMPP/xamppfiles/htdocs/final-project-cloud-computing-b-cc-kelompok-8-boboiboy-kuasa-bug-gaib/Nusatarawisata-kaltim/vendor/laravel/framework/src/Illuminate/Routing/Middleware/SubstituteBindings.php(50): Illuminate\\Pipeline\\Pipeline->Illuminate\\Pipeline\\{closure}(Object(Illuminate\\Http\\Request))
#7 /Applications/XAMPP/xamppfiles/htdocs/final-project-cloud-computing-b-cc-kelompok-8-boboiboy-kuasa-bug-gaib/Nusatarawisata-kaltim/vendor/laravel/framework/src/Illuminate/Pipeline/Pipeline.php(219): Illuminate\\Routing\\Middleware\\SubstituteBindings->handle(Object(Illuminate\\Http\\Request), Object(Closure))
#8 /Applications/XAMPP/xamppfiles/htdocs/final-project-cloud-computing-b-cc-kelompok-8-boboiboy-kuasa-bug-gaib/Nusatarawisata-kaltim/vendor/laravel/framework/src/Illuminate/Foundation/Http/Middleware/VerifyCsrfToken.php(87): Illuminate\\Pipeline\\Pipeline->Illuminate\\Pipeline\\{closure}(Object(Illuminate\\Http\\Request))
#9 /Applications/XAMPP/xamppfiles/htdocs/final-project-cloud-computing-b-cc-kelompok-8-boboiboy-kuasa-bug-gaib/Nusatarawisata-kaltim/vendor/laravel/framework/src/Illuminate/Pipeline/Pipeline.php(219): Illuminate\\Foundation\\Http\\Middleware\\VerifyCsrfToken->handle(Object(Illuminate\\Http\\Request), Object(Closure))
#10 /Applications/XAMPP/xamppfiles/htdocs/final-project-cloud-computing-b-cc-kelompok-8-boboiboy-kuasa-bug-gaib/Nusatarawisata-kaltim/vendor/laravel/framework/src/Illuminate/View/Middleware/ShareErrorsFromSession.php(48): Illuminate\\Pipeline\\Pipeline->Illuminate\\Pipeline\\{closure}(Object(Illuminate\\Http\\Request))
#11 /Applications/XAMPP/xamppfiles/htdocs/final-project-cloud-computing-b-cc-kelompok-8-boboiboy-kuasa-bug-gaib/Nusatarawisata-kaltim/vendor/laravel/framework/src/Illuminate/Pipeline/Pipeline.php(219): Illuminate\\View\\Middleware\\ShareErrorsFromSession->handle(Object(Illuminate\\Http\\Request), Object(Closure))
#12 /Applications/XAMPP/xamppfiles/htdocs/final-project-cloud-computing-b-cc-kelompok-8-boboiboy-kuasa-bug-gaib/Nusatarawisata-kaltim/vendor/laravel/framework/src/Illuminate/Session/Middleware/StartSession.php(120): Illuminate\\Pipeline\\Pipeline->Illuminate\\Pipeline\\{closure}(Object(Illuminate\\Http\\Request))
#13 /Applications/XAMPP/xamppfiles/htdocs/final-project-cloud-computing-b-cc-kelompok-8-boboiboy-kuasa-bug-gaib/Nusatarawisata-kaltim/vendor/laravel/framework/src/Illuminate/Session/Middleware/StartSession.php(63): Illuminate\\Session\\Middleware\\StartSession->handleStatefulRequest(Object(Illuminate\\Http\\Request), Object(Illuminate\\Session\\Store), Object(Closure))
#14 /Applications/XAMPP/xamppfiles/htdocs/final-project-cloud-computing-b-cc-kelompok-8-boboiboy-kuasa-bug-gaib/Nusatarawisata-kaltim/vendor/laravel/framework/src/Illuminate/Pipeline/Pipeline.php(219): Illuminate\\Session\\Middleware\\StartSession->handle(Object(Illuminate\\Http\\Request), Object(Closure))
#15 /Applications/XAMPP/xamppfiles/htdocs/final-project-cloud-computing-b-cc-kelompok-8-boboiboy-kuasa-bug-gaib/Nusatarawisata-kaltim/vendor/laravel/framework/src/Illuminate/Cookie/Middleware/AddQueuedCookiesToResponse.php(36): Illuminate\\Pipeline\\Pipeline->Illuminate\\Pipeline\\{closure}(Object(Illuminate\\Http\\Request))
#16 /Applications/XAMPP/xamppfiles/htdocs/final-project-cloud-computing-b-cc-kelompok-8-boboiboy-kuasa-bug-gaib/Nusatarawisata-kaltim/vendor/laravel/framework/src/Illuminate/Pipeline/Pipeline.php(219): Illuminate\\Cookie\\Middleware\\AddQueuedCookiesToResponse->handle(Object(Illuminate\\Http\\Request), Object(Closure))
#17 /Applications/XAMPP/xamppfiles/htdocs/final-project-cloud-computing-b-cc-kelompok-8-boboiboy-kuasa-bug-gaib/Nusatarawisata-kaltim/vendor/laravel/framework/src/Illuminate/Cookie/Middleware/EncryptCookies.php(74): Illuminate\\Pipeline\\Pipeline->Illuminate\\Pipeline\\{closure}(Object(Illuminate\\Http\\Request))
#18 /Applications/XAMPP/xamppfiles/htdocs/final-project-cloud-computing-b-cc-kelompok-8-boboiboy-kuasa-bug-gaib/Nusatarawisata-kaltim/vendor/laravel/framework/src/Illuminate/Pipeline/Pipeline.php(219): Illuminate\\Cookie\\Middleware\\EncryptCookies->handle(Object(Illuminate\\Http\\Request), Object(Closure))
#19 /Applications/XAMPP/xamppfiles/htdocs/final-project-cloud-computing-b-cc-kelompok-8-boboiboy-kuasa-bug-gaib/Nusatarawisata-kaltim/vendor/laravel/framework/src/Illuminate/Pipeline/Pipeline.php(137): Illuminate\\Pipeline\\Pipeline->Illuminate\\Pipeline\\{closure}(Object(Illuminate\\Http\\Request))
#20 /Applications/XAMPP/xamppfiles/htdocs/final-project-cloud-computing-b-cc-kelompok-8-boboiboy-kuasa-bug-gaib/Nusatarawisata-kaltim/vendor/laravel/framework/src/Illuminate/Routing/Router.php(821): Illuminate\\Pipeline\\Pipeline->then(Object(Closure))
#21 /Applications/XAMPP/xamppfiles/htdocs/final-project-cloud-computing-b-cc-kelompok-8-boboiboy-kuasa-bug-gaib/Nusatarawisata-kaltim/vendor/laravel/framework/src/Illuminate/Routing/Router.php(800): Illuminate\\Routing\\Router->runRouteWithinStack(Object(Illuminate\\Routing\\Route), Object(Illuminate\\Http\\Request))
#22 /Applications/XAMPP/xamppfiles/htdocs/final-project-cloud-computing-b-cc-kelompok-8-boboiboy-kuasa-bug-gaib/Nusatarawisata-kaltim/vendor/laravel/framework/src/Illuminate/Routing/Router.php(764): Illuminate\\Routing\\Router->runRoute(Object(Illuminate\\Http\\Request), Object(Illuminate\\Routing\\Route))
#23 /Applications/XAMPP/xamppfiles/htdocs/final-project-cloud-computing-b-cc-kelompok-8-boboiboy-kuasa-bug-gaib/Nusatarawisata-kaltim/vendor/laravel/framework/src/Illuminate/Routing/Router.php(753): Illuminate\\Routing\\Router->dispatchToRoute(Object(Illuminate\\Http\\Request))
#24 /Applications/XAMPP/xamppfiles/htdocs/final-project-cloud-computing-b-cc-kelompok-8-boboiboy-kuasa-bug-gaib/Nusatarawisata-kaltim/vendor/laravel/framework/src/Illuminate/Foundation/Http/Kernel.php(200): Illuminate\\Routing\\Router->dispatch(Object(Illuminate\\Http\\Request))
#25 /Applications/XAMPP/xamppfiles/htdocs/final-project-cloud-computing-b-cc-kelompok-8-boboiboy-kuasa-bug-gaib/Nusatarawisata-kaltim/vendor/laravel/framework/src/Illuminate/Pipeline/Pipeline.php(180): Illuminate\\Foundation\\Http\\Kernel->Illuminate\\Foundation\\Http\\{closure}(Object(Illuminate\\Http\\Request))
#26 /Applications/XAMPP/xamppfiles/htdocs/final-project-cloud-computing-b-cc-kelompok-8-boboiboy-kuasa-bug-gaib/Nusatarawisata-kaltim/vendor/laravel/framework/src/Illuminate/Foundation/Http/Middleware/TransformsRequest.php(21): Illuminate\\Pipeline\\Pipeline->Illuminate\\Pipeline\\{closure}(Object(Illuminate\\Http\\Request))
#27 /Applications/XAMPP/xamppfiles/htdocs/final-project-cloud-computing-b-cc-kelompok-8-boboiboy-kuasa-bug-gaib/Nusatarawisata-kaltim/vendor/laravel/framework/src/Illuminate/Foundation/Http/Middleware/ConvertEmptyStringsToNull.php(31): Illuminate\\Foundation\\Http\\Middleware\\TransformsRequest->handle(Object(Illuminate\\Http\\Request), Object(Closure))
#28 /Applications/XAMPP/xamppfiles/htdocs/final-project-cloud-computing-b-cc-kelompok-8-boboiboy-kuasa-bug-gaib/Nusatarawisata-kaltim/vendor/laravel/framework/src/Illuminate/Pipeline/Pipeline.php(219): Illuminate\\Foundation\\Http\\Middleware\\ConvertEmptyStringsToNull->handle(Object(Illuminate\\Http\\Request), Object(Closure))
#29 /Applications/XAMPP/xamppfiles/htdocs/final-project-cloud-computing-b-cc-kelompok-8-boboiboy-kuasa-bug-gaib/Nusatarawisata-kaltim/vendor/laravel/framework/src/Illuminate/Foundation/Http/Middleware/TransformsRequest.php(21): Illuminate\\Pipeline\\Pipeline->Illuminate\\Pipeline\\{closure}(Object(Illuminate\\Http\\Request))
#30 /Applications/XAMPP/xamppfiles/htdocs/final-project-cloud-computing-b-cc-kelompok-8-boboiboy-kuasa-bug-gaib/Nusatarawisata-kaltim/vendor/laravel/framework/src/Illuminate/Foundation/Http/Middleware/TrimStrings.php(51): Illuminate\\Foundation\\Http\\Middleware\\TransformsRequest->handle(Object(Illuminate\\Http\\Request), Object(Closure))
#31 /Applications/XAMPP/xamppfiles/htdocs/final-project-cloud-computing-b-cc-kelompok-8-boboiboy-kuasa-bug-gaib/Nusatarawisata-kaltim/vendor/laravel/framework/src/Illuminate/Pipeline/Pipeline.php(219): Illuminate\\Foundation\\Http\\Middleware\\TrimStrings->handle(Object(Illuminate\\Http\\Request), Object(Closure))
#32 /Applications/XAMPP/xamppfiles/htdocs/final-project-cloud-computing-b-cc-kelompok-8-boboiboy-kuasa-bug-gaib/Nusatarawisata-kaltim/vendor/laravel/framework/src/Illuminate/Http/Middleware/ValidatePostSize.php(27): Illuminate\\Pipeline\\Pipeline->Illuminate\\Pipeline\\{closure}(Object(Illuminate\\Http\\Request))
#33 /Applications/XAMPP/xamppfiles/htdocs/final-project-cloud-computing-b-cc-kelompok-8-boboiboy-kuasa-bug-gaib/Nusatarawisata-kaltim/vendor/laravel/framework/src/Illuminate/Pipeline/Pipeline.php(219): Illuminate\\Http\\Middleware\\ValidatePostSize->handle(Object(Illuminate\\Http\\Request), Object(Closure))
#34 /Applications/XAMPP/xamppfiles/htdocs/final-project-cloud-computing-b-cc-kelompok-8-boboiboy-kuasa-bug-gaib/Nusatarawisata-kaltim/vendor/laravel/framework/src/Illuminate/Foundation/Http/Middleware/PreventRequestsDuringMaintenance.php(109): Illuminate\\Pipeline\\Pipeline->Illuminate\\Pipeline\\{closure}(Object(Illuminate\\Http\\Request))
#35 /Applications/XAMPP/xamppfiles/htdocs/final-project-cloud-computing-b-cc-kelompok-8-boboiboy-kuasa-bug-gaib/Nusatarawisata-kaltim/vendor/laravel/framework/src/Illuminate/Pipeline/Pipeline.php(219): Illuminate\\Foundation\\Http\\Middleware\\PreventRequestsDuringMaintenance->handle(Object(Illuminate\\Http\\Request), Object(Closure))
#36 /Applications/XAMPP/xamppfiles/htdocs/final-project-cloud-computing-b-cc-kelompok-8-boboiboy-kuasa-bug-gaib/Nusatarawisata-kaltim/vendor/laravel/framework/src/Illuminate/Http/Middleware/HandleCors.php(48): Illuminate\\Pipeline\\Pipeline->Illuminate\\Pipeline\\{closure}(Object(Illuminate\\Http\\Request))
#37 /Applications/XAMPP/xamppfiles/htdocs/final-project-cloud-computing-b-cc-kelompok-8-boboiboy-kuasa-bug-gaib/Nusatarawisata-kaltim/vendor/laravel/framework/src/Illuminate/Pipeline/Pipeline.php(219): Illuminate\\Http\\Middleware\\HandleCors->handle(Object(Illuminate\\Http\\Request), Object(Closure))
#38 /Applications/XAMPP/xamppfiles/htdocs/final-project-cloud-computing-b-cc-kelompok-8-boboiboy-kuasa-bug-gaib/Nusatarawisata-kaltim/vendor/laravel/framework/src/Illuminate/Http/Middleware/TrustProxies.php(58): Illuminate\\Pipeline\\Pipeline->Illuminate\\Pipeline\\{closure}(Object(Illuminate\\Http\\Request))
#39 /Applications/XAMPP/xamppfiles/htdocs/final-project-cloud-computing-b-cc-kelompok-8-boboiboy-kuasa-bug-gaib/Nusatarawisata-kaltim/vendor/laravel/framework/src/Illuminate/Pipeline/Pipeline.php(219): Illuminate\\Http\\Middleware\\TrustProxies->handle(Object(Illuminate\\Http\\Request), Object(Closure))
#40 /Applications/XAMPP/xamppfiles/htdocs/final-project-cloud-computing-b-cc-kelompok-8-boboiboy-kuasa-bug-gaib/Nusatarawisata-kaltim/vendor/laravel/framework/src/Illuminate/Foundation/Http/Middleware/InvokeDeferredCallbacks.php(22): Illuminate\\Pipeline\\Pipeline->Illuminate\\Pipeline\\{closure}(Object(Illuminate\\Http\\Request))
#41 /Applications/XAMPP/xamppfiles/htdocs/final-project-cloud-computing-b-cc-kelompok-8-boboiboy-kuasa-bug-gaib/Nusatarawisata-kaltim/vendor/laravel/framework/src/Illuminate/Pipeline/Pipeline.php(219): Illuminate\\Foundation\\Http\\Middleware\\InvokeDeferredCallbacks->handle(Object(Illuminate\\Http\\Request), Object(Closure))
#42 /Applications/XAMPP/xamppfiles/htdocs/final-project-cloud-computing-b-cc-kelompok-8-boboiboy-kuasa-bug-gaib/Nusatarawisata-kaltim/vendor/laravel/framework/src/Illuminate/Http/Middleware/ValidatePathEncoding.php(26): Illuminate\\Pipeline\\Pipeline->Illuminate\\Pipeline\\{closure}(Object(Illuminate\\Http\\Request))
#43 /Applications/XAMPP/xamppfiles/htdocs/final-project-cloud-computing-b-cc-kelompok-8-boboiboy-kuasa-bug-gaib/Nusatarawisata-kaltim/vendor/laravel/framework/src/Illuminate/Pipeline/Pipeline.php(219): Illuminate\\Http\\Middleware\\ValidatePathEncoding->handle(Object(Illuminate\\Http\\Request), Object(Closure))
#44 /Applications/XAMPP/xamppfiles/htdocs/final-project-cloud-computing-b-cc-kelompok-8-boboiboy-kuasa-bug-gaib/Nusatarawisata-kaltim/vendor/laravel/framework/src/Illuminate/Pipeline/Pipeline.php(137): Illuminate\\Pipeline\\Pipeline->Illuminate\\Pipeline\\{closure}(Object(Illuminate\\Http\\Request))
#45 /Applications/XAMPP/xamppfiles/htdocs/final-project-cloud-computing-b-cc-kelompok-8-boboiboy-kuasa-bug-gaib/Nusatarawisata-kaltim/vendor/laravel/framework/src/Illuminate/Foundation/Http/Kernel.php(175): Illuminate\\Pipeline\\Pipeline->then(Object(Closure))
#46 /Applications/XAMPP/xamppfiles/htdocs/final-project-cloud-computing-b-cc-kelompok-8-boboiboy-kuasa-bug-gaib/Nusatarawisata-kaltim/vendor/laravel/framework/src/Illuminate/Foundation/Http/Kernel.php(144): Illuminate\\Foundation\\Http\\Kernel->sendRequestThroughRouter(Object(Illuminate\\Http\\Request))
#47 /Applications/XAMPP/xamppfiles/htdocs/final-project-cloud-computing-b-cc-kelompok-8-boboiboy-kuasa-bug-gaib/Nusatarawisata-kaltim/vendor/laravel/framework/src/Illuminate/Foundation/Application.php(1220): Illuminate\\Foundation\\Http\\Kernel->handle(Object(Illuminate\\Http\\Request))
#48 /Applications/XAMPP/xamppfiles/htdocs/final-project-cloud-computing-b-cc-kelompok-8-boboiboy-kuasa-bug-gaib/Nusatarawisata-kaltim/public/index.php(20): Illuminate\\Foundation\\Application->handleRequest(Object(Illuminate\\Http\\Request))
#49 /Applications/XAMPP/xamppfiles/htdocs/final-project-cloud-computing-b-cc-kelompok-8-boboiboy-kuasa-bug-gaib/Nusatarawisata-kaltim/vendor/laravel/framework/src/Illuminate/Foundation/resources/server.php(23): require_once('/Applications/X...')
#50 {main}
"} 
[2025-10-29 01:50:06] local.ERROR: Target class [/] does not exist. {"exception":"[object] (Illuminate\\Contracts\\Container\\BindingResolutionException(code: 0): Target class [/] does not exist. at /Applications/XAMPP/xamppfiles/htdocs/final-project-cloud-computing-b-cc-kelompok-8-boboiboy-kuasa-bug-gaib/Nusatarawisata-kaltim/vendor/laravel/framework/src/Illuminate/Container/Container.php:1163)
[stacktrace]
#0 /Applications/XAMPP/xamppfiles/htdocs/final-project-cloud-computing-b-cc-kelompok-8-boboiboy-kuasa-bug-gaib/Nusatarawisata-kaltim/vendor/laravel/framework/src/Illuminate/Container/Container.php(972): Illuminate\\Container\\Container->build('/')
#1 /Applications/XAMPP/xamppfiles/htdocs/final-project-cloud-computing-b-cc-kelompok-8-boboiboy-kuasa-bug-gaib/Nusatarawisata-kaltim/vendor/laravel/framework/src/Illuminate/Foundation/Application.php(1078): Illuminate\\Container\\Container->resolve('/', Array, true)
#2 /Applications/XAMPP/xamppfiles/htdocs/final-project-cloud-computing-b-cc-kelompok-8-boboiboy-kuasa-bug-gaib/Nusatarawisata-kaltim/vendor/laravel/framework/src/Illuminate/Container/Container.php(903): Illuminate\\Foundation\\Application->resolve('/', Array)
#3 /Applications/XAMPP/xamppfiles/htdocs/final-project-cloud-computing-b-cc-kelompok-8-boboiboy-kuasa-bug-gaib/Nusatarawisata-kaltim/vendor/laravel/framework/src/Illuminate/Foundation/Application.php(1058): Illuminate\\Container\\Container->make('/', Array)
#4 /Applications/XAMPP/xamppfiles/htdocs/final-project-cloud-computing-b-cc-kelompok-8-boboiboy-kuasa-bug-gaib/Nusatarawisata-kaltim/vendor/laravel/framework/src/Illuminate/Foundation/Http/Kernel.php(257): Illuminate\\Foundation\\Application->make('/')
#5 /Applications/XAMPP/xamppfiles/htdocs/final-project-cloud-computing-b-cc-kelompok-8-boboiboy-kuasa-bug-gaib/Nusatarawisata-kaltim/vendor/laravel/framework/src/Illuminate/Foundation/Http/Kernel.php(215): Illuminate\\Foundation\\Http\\Kernel->terminateMiddleware(Object(Illuminate\\Http\\Request), Object(Illuminate\\Http\\Response))
#6 /Applications/XAMPP/xamppfiles/htdocs/final-project-cloud-computing-b-cc-kelompok-8-boboiboy-kuasa-bug-gaib/Nusatarawisata-kaltim/vendor/laravel/framework/src/Illuminate/Foundation/Application.php(1222): Illuminate\\Foundation\\Http\\Kernel->terminate(Object(Illuminate\\Http\\Request), Object(Illuminate\\Http\\Response))
#7 /Applications/XAMPP/xamppfiles/htdocs/final-project-cloud-computing-b-cc-kelompok-8-boboiboy-kuasa-bug-gaib/Nusatarawisata-kaltim/public/index.php(20): Illuminate\\Foundation\\Application->handleRequest(Object(Illuminate\\Http\\Request))
#8 /Applications/XAMPP/xamppfiles/htdocs/final-project-cloud-computing-b-cc-kelompok-8-boboiboy-kuasa-bug-gaib/Nusatarawisata-kaltim/vendor/laravel/framework/src/Illuminate/Foundation/resources/server.php(23): require_once('/Applications/X...')
#9 {main}

[previous exception] [object] (ReflectionException(code: -1): Class \"/\" does not exist at /Applications/XAMPP/xamppfiles/htdocs/final-project-cloud-computing-b-cc-kelompok-8-boboiboy-kuasa-bug-gaib/Nusatarawisata-kaltim/vendor/laravel/framework/src/Illuminate/Container/Container.php:1161)
[stacktrace]
#0 /Applications/XAMPP/xamppfiles/htdocs/final-project-cloud-computing-b-cc-kelompok-8-boboiboy-kuasa-bug-gaib/Nusatarawisata-kaltim/vendor/laravel/framework/src/Illuminate/Container/Container.php(1161): ReflectionClass->__construct('/')
#1 /Applications/XAMPP/xamppfiles/htdocs/final-project-cloud-computing-b-cc-kelompok-8-boboiboy-kuasa-bug-gaib/Nusatarawisata-kaltim/vendor/laravel/framework/src/Illuminate/Container/Container.php(972): Illuminate\\Container\\Container->build('/')
#2 /Applications/XAMPP/xamppfiles/htdocs/final-project-cloud-computing-b-cc-kelompok-8-boboiboy-kuasa-bug-gaib/Nusatarawisata-kaltim/vendor/laravel/framework/src/Illuminate/Foundation/Application.php(1078): Illuminate\\Container\\Container->resolve('/', Array, true)
#3 /Applications/XAMPP/xamppfiles/htdocs/final-project-cloud-computing-b-cc-kelompok-8-boboiboy-kuasa-bug-gaib/Nusatarawisata-kaltim/vendor/laravel/framework/src/Illuminate/Container/Container.php(903): Illuminate\\Foundation\\Application->resolve('/', Array)
#4 /Applications/XAMPP/xamppfiles/htdocs/final-project-cloud-computing-b-cc-kelompok-8-boboiboy-kuasa-bug-gaib/Nusatarawisata-kaltim/vendor/laravel/framework/src/Illuminate/Foundation/Application.php(1058): Illuminate\\Container\\Container->make('/', Array)
#5 /Applications/XAMPP/xamppfiles/htdocs/final-project-cloud-computing-b-cc-kelompok-8-boboiboy-kuasa-bug-gaib/Nusatarawisata-kaltim/vendor/laravel/framework/src/Illuminate/Foundation/Http/Kernel.php(257): Illuminate\\Foundation\\Application->make('/')
#6 /Applications/XAMPP/xamppfiles/htdocs/final-project-cloud-computing-b-cc-kelompok-8-boboiboy-kuasa-bug-gaib/Nusatarawisata-kaltim/vendor/laravel/framework/src/Illuminate/Foundation/Http/Kernel.php(215): Illuminate\\Foundation\\Http\\Kernel->terminateMiddleware(Object(Illuminate\\Http\\Request), Object(Illuminate\\Http\\Response))
#7 /Applications/XAMPP/xamppfiles/htdocs/final-project-cloud-computing-b-cc-kelompok-8-boboiboy-kuasa-bug-gaib/Nusatarawisata-kaltim/vendor/laravel/framework/src/Illuminate/Foundation/Application.php(1222): Illuminate\\Foundation\\Http\\Kernel->terminate(Object(Illuminate\\Http\\Request), Object(Illuminate\\Http\\Response))
#8 /Applications/XAMPP/xamppfiles/htdocs/final-project-cloud-computing-b-cc-kelompok-8-boboiboy-kuasa-bug-gaib/Nusatarawisata-kaltim/public/index.php(20): Illuminate\\Foundation\\Application->handleRequest(Object(Illuminate\\Http\\Request))
#9 /Applications/XAMPP/xamppfiles/htdocs/final-project-cloud-computing-b-cc-kelompok-8-boboiboy-kuasa-bug-gaib/Nusatarawisata-kaltim/vendor/laravel/framework/src/Illuminate/Foundation/resources/server.php(23): require_once('/Applications/X...')
#10 {main}
"} 
[2025-10-29 01:52:55] local.ERROR: Target class [/login] does not exist. {"exception":"[object] (Illuminate\\Contracts\\Container\\BindingResolutionException(code: 0): Target class [/login] does not exist. at /Applications/XAMPP/xamppfiles/htdocs/final-project-cloud-computing-b-cc-kelompok-8-boboiboy-kuasa-bug-gaib/Nusatarawisata-kaltim/vendor/laravel/framework/src/Illuminate/Container/Container.php:1163)
[stacktrace]
#0 /Applications/XAMPP/xamppfiles/htdocs/final-project-cloud-computing-b-cc-kelompok-8-boboiboy-kuasa-bug-gaib/Nusatarawisata-kaltim/vendor/laravel/framework/src/Illuminate/Container/Container.php(972): Illuminate\\Container\\Container->build('/login')
#1 /Applications/XAMPP/xamppfiles/htdocs/final-project-cloud-computing-b-cc-kelompok-8-boboiboy-kuasa-bug-gaib/Nusatarawisata-kaltim/vendor/laravel/framework/src/Illuminate/Foundation/Application.php(1078): Illuminate\\Container\\Container->resolve('/login', Array, true)
#2 /Applications/XAMPP/xamppfiles/htdocs/final-project-cloud-computing-b-cc-kelompok-8-boboiboy-kuasa-bug-gaib/Nusatarawisata-kaltim/vendor/laravel/framework/src/Illuminate/Container/Container.php(903): Illuminate\\Foundation\\Application->resolve('/login', Array)
#3 /Applications/XAMPP/xamppfiles/htdocs/final-project-cloud-computing-b-cc-kelompok-8-boboiboy-kuasa-bug-gaib/Nusatarawisata-kaltim/vendor/laravel/framework/src/Illuminate/Foundation/Application.php(1058): Illuminate\\Container\\Container->make('/login', Array)
#4 /Applications/XAMPP/xamppfiles/htdocs/final-project-cloud-computing-b-cc-kelompok-8-boboiboy-kuasa-bug-gaib/Nusatarawisata-kaltim/vendor/laravel/framework/src/Illuminate/Pipeline/Pipeline.php(208): Illuminate\\Foundation\\Application->make('/login')
#5 /Applications/XAMPP/xamppfiles/htdocs/final-project-cloud-computing-b-cc-kelompok-8-boboiboy-kuasa-bug-gaib/Nusatarawisata-kaltim/vendor/laravel/framework/src/Illuminate/Routing/Middleware/SubstituteBindings.php(50): Illuminate\\Pipeline\\Pipeline->Illuminate\\Pipeline\\{closure}(Object(Illuminate\\Http\\Request))
#6 /Applications/XAMPP/xamppfiles/htdocs/final-project-cloud-computing-b-cc-kelompok-8-boboiboy-kuasa-bug-gaib/Nusatarawisata-kaltim/vendor/laravel/framework/src/Illuminate/Pipeline/Pipeline.php(219): Illuminate\\Routing\\Middleware\\SubstituteBindings->handle(Object(Illuminate\\Http\\Request), Object(Closure))
#7 /Applications/XAMPP/xamppfiles/htdocs/final-project-cloud-computing-b-cc-kelompok-8-boboiboy-kuasa-bug-gaib/Nusatarawisata-kaltim/vendor/laravel/framework/src/Illuminate/Foundation/Http/Middleware/VerifyCsrfToken.php(87): Illuminate\\Pipeline\\Pipeline->Illuminate\\Pipeline\\{closure}(Object(Illuminate\\Http\\Request))
#8 /Applications/XAMPP/xamppfiles/htdocs/final-project-cloud-computing-b-cc-kelompok-8-boboiboy-kuasa-bug-gaib/Nusatarawisata-kaltim/vendor/laravel/framework/src/Illuminate/Pipeline/Pipeline.php(219): Illuminate\\Foundation\\Http\\Middleware\\VerifyCsrfToken->handle(Object(Illuminate\\Http\\Request), Object(Closure))
#9 /Applications/XAMPP/xamppfiles/htdocs/final-project-cloud-computing-b-cc-kelompok-8-boboiboy-kuasa-bug-gaib/Nusatarawisata-kaltim/vendor/laravel/framework/src/Illuminate/View/Middleware/ShareErrorsFromSession.php(48): Illuminate\\Pipeline\\Pipeline->Illuminate\\Pipeline\\{closure}(Object(Illuminate\\Http\\Request))
#10 /Applications/XAMPP/xamppfiles/htdocs/final-project-cloud-computing-b-cc-kelompok-8-boboiboy-kuasa-bug-gaib/Nusatarawisata-kaltim/vendor/laravel/framework/src/Illuminate/Pipeline/Pipeline.php(219): Illuminate\\View\\Middleware\\ShareErrorsFromSession->handle(Object(Illuminate\\Http\\Request), Object(Closure))
#11 /Applications/XAMPP/xamppfiles/htdocs/final-project-cloud-computing-b-cc-kelompok-8-boboiboy-kuasa-bug-gaib/Nusatarawisata-kaltim/vendor/laravel/framework/src/Illuminate/Session/Middleware/StartSession.php(120): Illuminate\\Pipeline\\Pipeline->Illuminate\\Pipeline\\{closure}(Object(Illuminate\\Http\\Request))
#12 /Applications/XAMPP/xamppfiles/htdocs/final-project-cloud-computing-b-cc-kelompok-8-boboiboy-kuasa-bug-gaib/Nusatarawisata-kaltim/vendor/laravel/framework/src/Illuminate/Session/Middleware/StartSession.php(63): Illuminate\\Session\\Middleware\\StartSession->handleStatefulRequest(Object(Illuminate\\Http\\Request), Object(Illuminate\\Session\\Store), Object(Closure))
#13 /Applications/XAMPP/xamppfiles/htdocs/final-project-cloud-computing-b-cc-kelompok-8-boboiboy-kuasa-bug-gaib/Nusatarawisata-kaltim/vendor/laravel/framework/src/Illuminate/Pipeline/Pipeline.php(219): Illuminate\\Session\\Middleware\\StartSession->handle(Object(Illuminate\\Http\\Request), Object(Closure))
#14 /Applications/XAMPP/xamppfiles/htdocs/final-project-cloud-computing-b-cc-kelompok-8-boboiboy-kuasa-bug-gaib/Nusatarawisata-kaltim/vendor/laravel/framework/src/Illuminate/Cookie/Middleware/AddQueuedCookiesToResponse.php(36): Illuminate\\Pipeline\\Pipeline->Illuminate\\Pipeline\\{closure}(Object(Illuminate\\Http\\Request))
#15 /Applications/XAMPP/xamppfiles/htdocs/final-project-cloud-computing-b-cc-kelompok-8-boboiboy-kuasa-bug-gaib/Nusatarawisata-kaltim/vendor/laravel/framework/src/Illuminate/Pipeline/Pipeline.php(219): Illuminate\\Cookie\\Middleware\\AddQueuedCookiesToResponse->handle(Object(Illuminate\\Http\\Request), Object(Closure))
#16 /Applications/XAMPP/xamppfiles/htdocs/final-project-cloud-computing-b-cc-kelompok-8-boboiboy-kuasa-bug-gaib/Nusatarawisata-kaltim/vendor/laravel/framework/src/Illuminate/Cookie/Middleware/EncryptCookies.php(74): Illuminate\\Pipeline\\Pipeline->Illuminate\\Pipeline\\{closure}(Object(Illuminate\\Http\\Request))
#17 /Applications/XAMPP/xamppfiles/htdocs/final-project-cloud-computing-b-cc-kelompok-8-boboiboy-kuasa-bug-gaib/Nusatarawisata-kaltim/vendor/laravel/framework/src/Illuminate/Pipeline/Pipeline.php(219): Illuminate\\Cookie\\Middleware\\EncryptCookies->handle(Object(Illuminate\\Http\\Request), Object(Closure))
#18 /Applications/XAMPP/xamppfiles/htdocs/final-project-cloud-computing-b-cc-kelompok-8-boboiboy-kuasa-bug-gaib/Nusatarawisata-kaltim/vendor/laravel/framework/src/Illuminate/Pipeline/Pipeline.php(137): Illuminate\\Pipeline\\Pipeline->Illuminate\\Pipeline\\{closure}(Object(Illuminate\\Http\\Request))
#19 /Applications/XAMPP/xamppfiles/htdocs/final-project-cloud-computing-b-cc-kelompok-8-boboiboy-kuasa-bug-gaib/Nusatarawisata-kaltim/vendor/laravel/framework/src/Illuminate/Routing/Router.php(821): Illuminate\\Pipeline\\Pipeline->then(Object(Closure))
#20 /Applications/XAMPP/xamppfiles/htdocs/final-project-cloud-computing-b-cc-kelompok-8-boboiboy-kuasa-bug-gaib/Nusatarawisata-kaltim/vendor/laravel/framework/src/Illuminate/Routing/Router.php(800): Illuminate\\Routing\\Router->runRouteWithinStack(Object(Illuminate\\Routing\\Route), Object(Illuminate\\Http\\Request))
#21 /Applications/XAMPP/xamppfiles/htdocs/final-project-cloud-computing-b-cc-kelompok-8-boboiboy-kuasa-bug-gaib/Nusatarawisata-kaltim/vendor/laravel/framework/src/Illuminate/Routing/Router.php(764): Illuminate\\Routing\\Router->runRoute(Object(Illuminate\\Http\\Request), Object(Illuminate\\Routing\\Route))
#22 /Applications/XAMPP/xamppfiles/htdocs/final-project-cloud-computing-b-cc-kelompok-8-boboiboy-kuasa-bug-gaib/Nusatarawisata-kaltim/vendor/laravel/framework/src/Illuminate/Routing/Router.php(753): Illuminate\\Routing\\Router->dispatchToRoute(Object(Illuminate\\Http\\Request))
#23 /Applications/XAMPP/xamppfiles/htdocs/final-project-cloud-computing-b-cc-kelompok-8-boboiboy-kuasa-bug-gaib/Nusatarawisata-kaltim/vendor/laravel/framework/src/Illuminate/Foundation/Http/Kernel.php(200): Illuminate\\Routing\\Router->dispatch(Object(Illuminate\\Http\\Request))
#24 /Applications/XAMPP/xamppfiles/htdocs/final-project-cloud-computing-b-cc-kelompok-8-boboiboy-kuasa-bug-gaib/Nusatarawisata-kaltim/vendor/laravel/framework/src/Illuminate/Pipeline/Pipeline.php(180): Illuminate\\Foundation\\Http\\Kernel->Illuminate\\Foundation\\Http\\{closure}(Object(Illuminate\\Http\\Request))
#25 /Applications/XAMPP/xamppfiles/htdocs/final-project-cloud-computing-b-cc-kelompok-8-boboiboy-kuasa-bug-gaib/Nusatarawisata-kaltim/vendor/laravel/framework/src/Illuminate/Foundation/Http/Middleware/TransformsRequest.php(21): Illuminate\\Pipeline\\Pipeline->Illuminate\\Pipeline\\{closure}(Object(Illuminate\\Http\\Request))
#26 /Applications/XAMPP/xamppfiles/htdocs/final-project-cloud-computing-b-cc-kelompok-8-boboiboy-kuasa-bug-gaib/Nusatarawisata-kaltim/vendor/laravel/framework/src/Illuminate/Foundation/Http/Middleware/ConvertEmptyStringsToNull.php(31): Illuminate\\Foundation\\Http\\Middleware\\TransformsRequest->handle(Object(Illuminate\\Http\\Request), Object(Closure))
#27 /Applications/XAMPP/xamppfiles/htdocs/final-project-cloud-computing-b-cc-kelompok-8-boboiboy-kuasa-bug-gaib/Nusatarawisata-kaltim/vendor/laravel/framework/src/Illuminate/Pipeline/Pipeline.php(219): Illuminate\\Foundation\\Http\\Middleware\\ConvertEmptyStringsToNull->handle(Object(Illuminate\\Http\\Request), Object(Closure))
#28 /Applications/XAMPP/xamppfiles/htdocs/final-project-cloud-computing-b-cc-kelompok-8-boboiboy-kuasa-bug-gaib/Nusatarawisata-kaltim/vendor/laravel/framework/src/Illuminate/Foundation/Http/Middleware/TransformsRequest.php(21): Illuminate\\Pipeline\\Pipeline->Illuminate\\Pipeline\\{closure}(Object(Illuminate\\Http\\Request))
#29 /Applications/XAMPP/xamppfiles/htdocs/final-project-cloud-computing-b-cc-kelompok-8-boboiboy-kuasa-bug-gaib/Nusatarawisata-kaltim/vendor/laravel/framework/src/Illuminate/Foundation/Http/Middleware/TrimStrings.php(51): Illuminate\\Foundation\\Http\\Middleware\\TransformsRequest->handle(Object(Illuminate\\Http\\Request), Object(Closure))
#30 /Applications/XAMPP/xamppfiles/htdocs/final-project-cloud-computing-b-cc-kelompok-8-boboiboy-kuasa-bug-gaib/Nusatarawisata-kaltim/vendor/laravel/framework/src/Illuminate/Pipeline/Pipeline.php(219): Illuminate\\Foundation\\Http\\Middleware\\TrimStrings->handle(Object(Illuminate\\Http\\Request), Object(Closure))
#31 /Applications/XAMPP/xamppfiles/htdocs/final-project-cloud-computing-b-cc-kelompok-8-boboiboy-kuasa-bug-gaib/Nusatarawisata-kaltim/vendor/laravel/framework/src/Illuminate/Http/Middleware/ValidatePostSize.php(27): Illuminate\\Pipeline\\Pipeline->Illuminate\\Pipeline\\{closure}(Object(Illuminate\\Http\\Request))
#32 /Applications/XAMPP/xamppfiles/htdocs/final-project-cloud-computing-b-cc-kelompok-8-boboiboy-kuasa-bug-gaib/Nusatarawisata-kaltim/vendor/laravel/framework/src/Illuminate/Pipeline/Pipeline.php(219): Illuminate\\Http\\Middleware\\ValidatePostSize->handle(Object(Illuminate\\Http\\Request), Object(Closure))
#33 /Applications/XAMPP/xamppfiles/htdocs/final-project-cloud-computing-b-cc-kelompok-8-boboiboy-kuasa-bug-gaib/Nusatarawisata-kaltim/vendor/laravel/framework/src/Illuminate/Foundation/Http/Middleware/PreventRequestsDuringMaintenance.php(109): Illuminate\\Pipeline\\Pipeline->Illuminate\\Pipeline\\{closure}(Object(Illuminate\\Http\\Request))
#34 /Applications/XAMPP/xamppfiles/htdocs/final-project-cloud-computing-b-cc-kelompok-8-boboiboy-kuasa-bug-gaib/Nusatarawisata-kaltim/vendor/laravel/framework/src/Illuminate/Pipeline/Pipeline.php(219): Illuminate\\Foundation\\Http\\Middleware\\PreventRequestsDuringMaintenance->handle(Object(Illuminate\\Http\\Request), Object(Closure))
#35 /Applications/XAMPP/xamppfiles/htdocs/final-project-cloud-computing-b-cc-kelompok-8-boboiboy-kuasa-bug-gaib/Nusatarawisata-kaltim/vendor/laravel/framework/src/Illuminate/Http/Middleware/HandleCors.php(48): Illuminate\\Pipeline\\Pipeline->Illuminate\\Pipeline\\{closure}(Object(Illuminate\\Http\\Request))
#36 /Applications/XAMPP/xamppfiles/htdocs/final-project-cloud-computing-b-cc-kelompok-8-boboiboy-kuasa-bug-gaib/Nusatarawisata-kaltim/vendor/laravel/framework/src/Illuminate/Pipeline/Pipeline.php(219): Illuminate\\Http\\Middleware\\HandleCors->handle(Object(Illuminate\\Http\\Request), Object(Closure))
#37 /Applications/XAMPP/xamppfiles/htdocs/final-project-cloud-computing-b-cc-kelompok-8-boboiboy-kuasa-bug-gaib/Nusatarawisata-kaltim/vendor/laravel/framework/src/Illuminate/Http/Middleware/TrustProxies.php(58): Illuminate\\Pipeline\\Pipeline->Illuminate\\Pipeline\\{closure}(Object(Illuminate\\Http\\Request))
#38 /Applications/XAMPP/xamppfiles/htdocs/final-project-cloud-computing-b-cc-kelompok-8-boboiboy-kuasa-bug-gaib/Nusatarawisata-kaltim/vendor/laravel/framework/src/Illuminate/Pipeline/Pipeline.php(219): Illuminate\\Http\\Middleware\\TrustProxies->handle(Object(Illuminate\\Http\\Request), Object(Closure))
#39 /Applications/XAMPP/xamppfiles/htdocs/final-project-cloud-computing-b-cc-kelompok-8-boboiboy-kuasa-bug-gaib/Nusatarawisata-kaltim/vendor/laravel/framework/src/Illuminate/Foundation/Http/Middleware/InvokeDeferredCallbacks.php(22): Illuminate\\Pipeline\\Pipeline->Illuminate\\Pipeline\\{closure}(Object(Illuminate\\Http\\Request))
#40 /Applications/XAMPP/xamppfiles/htdocs/final-project-cloud-computing-b-cc-kelompok-8-boboiboy-kuasa-bug-gaib/Nusatarawisata-kaltim/vendor/laravel/framework/src/Illuminate/Pipeline/Pipeline.php(219): Illuminate\\Foundation\\Http\\Middleware\\InvokeDeferredCallbacks->handle(Object(Illuminate\\Http\\Request), Object(Closure))
#41 /Applications/XAMPP/xamppfiles/htdocs/final-project-cloud-computing-b-cc-kelompok-8-boboiboy-kuasa-bug-gaib/Nusatarawisata-kaltim/vendor/laravel/framework/src/Illuminate/Http/Middleware/ValidatePathEncoding.php(26): Illuminate\\Pipeline\\Pipeline->Illuminate\\Pipeline\\{closure}(Object(Illuminate\\Http\\Request))
#42 /Applications/XAMPP/xamppfiles/htdocs/final-project-cloud-computing-b-cc-kelompok-8-boboiboy-kuasa-bug-gaib/Nusatarawisata-kaltim/vendor/laravel/framework/src/Illuminate/Pipeline/Pipeline.php(219): Illuminate\\Http\\Middleware\\ValidatePathEncoding->handle(Object(Illuminate\\Http\\Request), Object(Closure))
#43 /Applications/XAMPP/xamppfiles/htdocs/final-project-cloud-computing-b-cc-kelompok-8-boboiboy-kuasa-bug-gaib/Nusatarawisata-kaltim/vendor/laravel/framework/src/Illuminate/Pipeline/Pipeline.php(137): Illuminate\\Pipeline\\Pipeline->Illuminate\\Pipeline\\{closure}(Object(Illuminate\\Http\\Request))
#44 /Applications/XAMPP/xamppfiles/htdocs/final-project-cloud-computing-b-cc-kelompok-8-boboiboy-kuasa-bug-gaib/Nusatarawisata-kaltim/vendor/laravel/framework/src/Illuminate/Foundation/Http/Kernel.php(175): Illuminate\\Pipeline\\Pipeline->then(Object(Closure))
#45 /Applications/XAMPP/xamppfiles/htdocs/final-project-cloud-computing-b-cc-kelompok-8-boboiboy-kuasa-bug-gaib/Nusatarawisata-kaltim/vendor/laravel/framework/src/Illuminate/Foundation/Http/Kernel.php(144): Illuminate\\Foundation\\Http\\Kernel->sendRequestThroughRouter(Object(Illuminate\\Http\\Request))
#46 /Applications/XAMPP/xamppfiles/htdocs/final-project-cloud-computing-b-cc-kelompok-8-boboiboy-kuasa-bug-gaib/Nusatarawisata-kaltim/vendor/laravel/framework/src/Illuminate/Foundation/Application.php(1220): Illuminate\\Foundation\\Http\\Kernel->handle(Object(Illuminate\\Http\\Request))
#47 /Applications/XAMPP/xamppfiles/htdocs/final-project-cloud-computing-b-cc-kelompok-8-boboiboy-kuasa-bug-gaib/Nusatarawisata-kaltim/public/index.php(20): Illuminate\\Foundation\\Application->handleRequest(Object(Illuminate\\Http\\Request))
#48 /Applications/XAMPP/xamppfiles/htdocs/final-project-cloud-computing-b-cc-kelompok-8-boboiboy-kuasa-bug-gaib/Nusatarawisata-kaltim/vendor/laravel/framework/src/Illuminate/Foundation/resources/server.php(23): require_once('/Applications/X...')
#49 {main}

[previous exception] [object] (ReflectionException(code: -1): Class \"/login\" does not exist at /Applications/XAMPP/xamppfiles/htdocs/final-project-cloud-computing-b-cc-kelompok-8-boboiboy-kuasa-bug-gaib/Nusatarawisata-kaltim/vendor/laravel/framework/src/Illuminate/Container/Container.php:1161)
[stacktrace]
#0 /Applications/XAMPP/xamppfiles/htdocs/final-project-cloud-computing-b-cc-kelompok-8-boboiboy-kuasa-bug-gaib/Nusatarawisata-kaltim/vendor/laravel/framework/src/Illuminate/Container/Container.php(1161): ReflectionClass->__construct('/login')
#1 /Applications/XAMPP/xamppfiles/htdocs/final-project-cloud-computing-b-cc-kelompok-8-boboiboy-kuasa-bug-gaib/Nusatarawisata-kaltim/vendor/laravel/framework/src/Illuminate/Container/Container.php(972): Illuminate\\Container\\Container->build('/login')
#2 /Applications/XAMPP/xamppfiles/htdocs/final-project-cloud-computing-b-cc-kelompok-8-boboiboy-kuasa-bug-gaib/Nusatarawisata-kaltim/vendor/laravel/framework/src/Illuminate/Foundation/Application.php(1078): Illuminate\\Container\\Container->resolve('/login', Array, true)
#3 /Applications/XAMPP/xamppfiles/htdocs/final-project-cloud-computing-b-cc-kelompok-8-boboiboy-kuasa-bug-gaib/Nusatarawisata-kaltim/vendor/laravel/framework/src/Illuminate/Container/Container.php(903): Illuminate\\Foundation\\Application->resolve('/login', Array)
#4 /Applications/XAMPP/xamppfiles/htdocs/final-project-cloud-computing-b-cc-kelompok-8-boboiboy-kuasa-bug-gaib/Nusatarawisata-kaltim/vendor/laravel/framework/src/Illuminate/Foundation/Application.php(1058): Illuminate\\Container\\Container->make('/login', Array)
#5 /Applications/XAMPP/xamppfiles/htdocs/final-project-cloud-computing-b-cc-kelompok-8-boboiboy-kuasa-bug-gaib/Nusatarawisata-kaltim/vendor/laravel/framework/src/Illuminate/Pipeline/Pipeline.php(208): Illuminate\\Foundation\\Application->make('/login')
#6 /Applications/XAMPP/xamppfiles/htdocs/final-project-cloud-computing-b-cc-kelompok-8-boboiboy-kuasa-bug-gaib/Nusatarawisata-kaltim/vendor/laravel/framework/src/Illuminate/Routing/Middleware/SubstituteBindings.php(50): Illuminate\\Pipeline\\Pipeline->Illuminate\\Pipeline\\{closure}(Object(Illuminate\\Http\\Request))
#7 /Applications/XAMPP/xamppfiles/htdocs/final-project-cloud-computing-b-cc-kelompok-8-boboiboy-kuasa-bug-gaib/Nusatarawisata-kaltim/vendor/laravel/framework/src/Illuminate/Pipeline/Pipeline.php(219): Illuminate\\Routing\\Middleware\\SubstituteBindings->handle(Object(Illuminate\\Http\\Request), Object(Closure))
#8 /Applications/XAMPP/xamppfiles/htdocs/final-project-cloud-computing-b-cc-kelompok-8-boboiboy-kuasa-bug-gaib/Nusatarawisata-kaltim/vendor/laravel/framework/src/Illuminate/Foundation/Http/Middleware/VerifyCsrfToken.php(87): Illuminate\\Pipeline\\Pipeline->Illuminate\\Pipeline\\{closure}(Object(Illuminate\\Http\\Request))
#9 /Applications/XAMPP/xamppfiles/htdocs/final-project-cloud-computing-b-cc-kelompok-8-boboiboy-kuasa-bug-gaib/Nusatarawisata-kaltim/vendor/laravel/framework/src/Illuminate/Pipeline/Pipeline.php(219): Illuminate\\Foundation\\Http\\Middleware\\VerifyCsrfToken->handle(Object(Illuminate\\Http\\Request), Object(Closure))
#10 /Applications/XAMPP/xamppfiles/htdocs/final-project-cloud-computing-b-cc-kelompok-8-boboiboy-kuasa-bug-gaib/Nusatarawisata-kaltim/vendor/laravel/framework/src/Illuminate/View/Middleware/ShareErrorsFromSession.php(48): Illuminate\\Pipeline\\Pipeline->Illuminate\\Pipeline\\{closure}(Object(Illuminate\\Http\\Request))
#11 /Applications/XAMPP/xamppfiles/htdocs/final-project-cloud-computing-b-cc-kelompok-8-boboiboy-kuasa-bug-gaib/Nusatarawisata-kaltim/vendor/laravel/framework/src/Illuminate/Pipeline/Pipeline.php(219): Illuminate\\View\\Middleware\\ShareErrorsFromSession->handle(Object(Illuminate\\Http\\Request), Object(Closure))
#12 /Applications/XAMPP/xamppfiles/htdocs/final-project-cloud-computing-b-cc-kelompok-8-boboiboy-kuasa-bug-gaib/Nusatarawisata-kaltim/vendor/laravel/framework/src/Illuminate/Session/Middleware/StartSession.php(120): Illuminate\\Pipeline\\Pipeline->Illuminate\\Pipeline\\{closure}(Object(Illuminate\\Http\\Request))
#13 /Applications/XAMPP/xamppfiles/htdocs/final-project-cloud-computing-b-cc-kelompok-8-boboiboy-kuasa-bug-gaib/Nusatarawisata-kaltim/vendor/laravel/framework/src/Illuminate/Session/Middleware/StartSession.php(63): Illuminate\\Session\\Middleware\\StartSession->handleStatefulRequest(Object(Illuminate\\Http\\Request), Object(Illuminate\\Session\\Store), Object(Closure))
#14 /Applications/XAMPP/xamppfiles/htdocs/final-project-cloud-computing-b-cc-kelompok-8-boboiboy-kuasa-bug-gaib/Nusatarawisata-kaltim/vendor/laravel/framework/src/Illuminate/Pipeline/Pipeline.php(219): Illuminate\\Session\\Middleware\\StartSession->handle(Object(Illuminate\\Http\\Request), Object(Closure))
#15 /Applications/XAMPP/xamppfiles/htdocs/final-project-cloud-computing-b-cc-kelompok-8-boboiboy-kuasa-bug-gaib/Nusatarawisata-kaltim/vendor/laravel/framework/src/Illuminate/Cookie/Middleware/AddQueuedCookiesToResponse.php(36): Illuminate\\Pipeline\\Pipeline->Illuminate\\Pipeline\\{closure}(Object(Illuminate\\Http\\Request))
#16 /Applications/XAMPP/xamppfiles/htdocs/final-project-cloud-computing-b-cc-kelompok-8-boboiboy-kuasa-bug-gaib/Nusatarawisata-kaltim/vendor/laravel/framework/src/Illuminate/Pipeline/Pipeline.php(219): Illuminate\\Cookie\\Middleware\\AddQueuedCookiesToResponse->handle(Object(Illuminate\\Http\\Request), Object(Closure))
#17 /Applications/XAMPP/xamppfiles/htdocs/final-project-cloud-computing-b-cc-kelompok-8-boboiboy-kuasa-bug-gaib/Nusatarawisata-kaltim/vendor/laravel/framework/src/Illuminate/Cookie/Middleware/EncryptCookies.php(74): Illuminate\\Pipeline\\Pipeline->Illuminate\\Pipeline\\{closure}(Object(Illuminate\\Http\\Request))
#18 /Applications/XAMPP/xamppfiles/htdocs/final-project-cloud-computing-b-cc-kelompok-8-boboiboy-kuasa-bug-gaib/Nusatarawisata-kaltim/vendor/laravel/framework/src/Illuminate/Pipeline/Pipeline.php(219): Illuminate\\Cookie\\Middleware\\EncryptCookies->handle(Object(Illuminate\\Http\\Request), Object(Closure))
#19 /Applications/XAMPP/xamppfiles/htdocs/final-project-cloud-computing-b-cc-kelompok-8-boboiboy-kuasa-bug-gaib/Nusatarawisata-kaltim/vendor/laravel/framework/src/Illuminate/Pipeline/Pipeline.php(137): Illuminate\\Pipeline\\Pipeline->Illuminate\\Pipeline\\{closure}(Object(Illuminate\\Http\\Request))
#20 /Applications/XAMPP/xamppfiles/htdocs/final-project-cloud-computing-b-cc-kelompok-8-boboiboy-kuasa-bug-gaib/Nusatarawisata-kaltim/vendor/laravel/framework/src/Illuminate/Routing/Router.php(821): Illuminate\\Pipeline\\Pipeline->then(Object(Closure))
#21 /Applications/XAMPP/xamppfiles/htdocs/final-project-cloud-computing-b-cc-kelompok-8-boboiboy-kuasa-bug-gaib/Nusatarawisata-kaltim/vendor/laravel/framework/src/Illuminate/Routing/Router.php(800): Illuminate\\Routing\\Router->runRouteWithinStack(Object(Illuminate\\Routing\\Route), Object(Illuminate\\Http\\Request))
#22 /Applications/XAMPP/xamppfiles/htdocs/final-project-cloud-computing-b-cc-kelompok-8-boboiboy-kuasa-bug-gaib/Nusatarawisata-kaltim/vendor/laravel/framework/src/Illuminate/Routing/Router.php(764): Illuminate\\Routing\\Router->runRoute(Object(Illuminate\\Http\\Request), Object(Illuminate\\Routing\\Route))
#23 /Applications/XAMPP/xamppfiles/htdocs/final-project-cloud-computing-b-cc-kelompok-8-boboiboy-kuasa-bug-gaib/Nusatarawisata-kaltim/vendor/laravel/framework/src/Illuminate/Routing/Router.php(753): Illuminate\\Routing\\Router->dispatchToRoute(Object(Illuminate\\Http\\Request))
#24 /Applications/XAMPP/xamppfiles/htdocs/final-project-cloud-computing-b-cc-kelompok-8-boboiboy-kuasa-bug-gaib/Nusatarawisata-kaltim/vendor/laravel/framework/src/Illuminate/Foundation/Http/Kernel.php(200): Illuminate\\Routing\\Router->dispatch(Object(Illuminate\\Http\\Request))
#25 /Applications/XAMPP/xamppfiles/htdocs/final-project-cloud-computing-b-cc-kelompok-8-boboiboy-kuasa-bug-gaib/Nusatarawisata-kaltim/vendor/laravel/framework/src/Illuminate/Pipeline/Pipeline.php(180): Illuminate\\Foundation\\Http\\Kernel->Illuminate\\Foundation\\Http\\{closure}(Object(Illuminate\\Http\\Request))
#26 /Applications/XAMPP/xamppfiles/htdocs/final-project-cloud-computing-b-cc-kelompok-8-boboiboy-kuasa-bug-gaib/Nusatarawisata-kaltim/vendor/laravel/framework/src/Illuminate/Foundation/Http/Middleware/TransformsRequest.php(21): Illuminate\\Pipeline\\Pipeline->Illuminate\\Pipeline\\{closure}(Object(Illuminate\\Http\\Request))
#27 /Applications/XAMPP/xamppfiles/htdocs/final-project-cloud-computing-b-cc-kelompok-8-boboiboy-kuasa-bug-gaib/Nusatarawisata-kaltim/vendor/laravel/framework/src/Illuminate/Foundation/Http/Middleware/ConvertEmptyStringsToNull.php(31): Illuminate\\Foundation\\Http\\Middleware\\TransformsRequest->handle(Object(Illuminate\\Http\\Request), Object(Closure))
#28 /Applications/XAMPP/xamppfiles/htdocs/final-project-cloud-computing-b-cc-kelompok-8-boboiboy-kuasa-bug-gaib/Nusatarawisata-kaltim/vendor/laravel/framework/src/Illuminate/Pipeline/Pipeline.php(219): Illuminate\\Foundation\\Http\\Middleware\\ConvertEmptyStringsToNull->handle(Object(Illuminate\\Http\\Request), Object(Closure))
#29 /Applications/XAMPP/xamppfiles/htdocs/final-project-cloud-computing-b-cc-kelompok-8-boboiboy-kuasa-bug-gaib/Nusatarawisata-kaltim/vendor/laravel/framework/src/Illuminate/Foundation/Http/Middleware/TransformsRequest.php(21): Illuminate\\Pipeline\\Pipeline->Illuminate\\Pipeline\\{closure}(Object(Illuminate\\Http\\Request))
#30 /Applications/XAMPP/xamppfiles/htdocs/final-project-cloud-computing-b-cc-kelompok-8-boboiboy-kuasa-bug-gaib/Nusatarawisata-kaltim/vendor/laravel/framework/src/Illuminate/Foundation/Http/Middleware/TrimStrings.php(51): Illuminate\\Foundation\\Http\\Middleware\\TransformsRequest->handle(Object(Illuminate\\Http\\Request), Object(Closure))
#31 /Applications/XAMPP/xamppfiles/htdocs/final-project-cloud-computing-b-cc-kelompok-8-boboiboy-kuasa-bug-gaib/Nusatarawisata-kaltim/vendor/laravel/framework/src/Illuminate/Pipeline/Pipeline.php(219): Illuminate\\Foundation\\Http\\Middleware\\TrimStrings->handle(Object(Illuminate\\Http\\Request), Object(Closure))
#32 /Applications/XAMPP/xamppfiles/htdocs/final-project-cloud-computing-b-cc-kelompok-8-boboiboy-kuasa-bug-gaib/Nusatarawisata-kaltim/vendor/laravel/framework/src/Illuminate/Http/Middleware/ValidatePostSize.php(27): Illuminate\\Pipeline\\Pipeline->Illuminate\\Pipeline\\{closure}(Object(Illuminate\\Http\\Request))
#33 /Applications/XAMPP/xamppfiles/htdocs/final-project-cloud-computing-b-cc-kelompok-8-boboiboy-kuasa-bug-gaib/Nusatarawisata-kaltim/vendor/laravel/framework/src/Illuminate/Pipeline/Pipeline.php(219): Illuminate\\Http\\Middleware\\ValidatePostSize->handle(Object(Illuminate\\Http\\Request), Object(Closure))
#34 /Applications/XAMPP/xamppfiles/htdocs/final-project-cloud-computing-b-cc-kelompok-8-boboiboy-kuasa-bug-gaib/Nusatarawisata-kaltim/vendor/laravel/framework/src/Illuminate/Foundation/Http/Middleware/PreventRequestsDuringMaintenance.php(109): Illuminate\\Pipeline\\Pipeline->Illuminate\\Pipeline\\{closure}(Object(Illuminate\\Http\\Request))
#35 /Applications/XAMPP/xamppfiles/htdocs/final-project-cloud-computing-b-cc-kelompok-8-boboiboy-kuasa-bug-gaib/Nusatarawisata-kaltim/vendor/laravel/framework/src/Illuminate/Pipeline/Pipeline.php(219): Illuminate\\Foundation\\Http\\Middleware\\PreventRequestsDuringMaintenance->handle(Object(Illuminate\\Http\\Request), Object(Closure))
#36 /Applications/XAMPP/xamppfiles/htdocs/final-project-cloud-computing-b-cc-kelompok-8-boboiboy-kuasa-bug-gaib/Nusatarawisata-kaltim/vendor/laravel/framework/src/Illuminate/Http/Middleware/HandleCors.php(48): Illuminate\\Pipeline\\Pipeline->Illuminate\\Pipeline\\{closure}(Object(Illuminate\\Http\\Request))
#37 /Applications/XAMPP/xamppfiles/htdocs/final-project-cloud-computing-b-cc-kelompok-8-boboiboy-kuasa-bug-gaib/Nusatarawisata-kaltim/vendor/laravel/framework/src/Illuminate/Pipeline/Pipeline.php(219): Illuminate\\Http\\Middleware\\HandleCors->handle(Object(Illuminate\\Http\\Request), Object(Closure))
#38 /Applications/XAMPP/xamppfiles/htdocs/final-project-cloud-computing-b-cc-kelompok-8-boboiboy-kuasa-bug-gaib/Nusatarawisata-kaltim/vendor/laravel/framework/src/Illuminate/Http/Middleware/TrustProxies.php(58): Illuminate\\Pipeline\\Pipeline->Illuminate\\Pipeline\\{closure}(Object(Illuminate\\Http\\Request))
#39 /Applications/XAMPP/xamppfiles/htdocs/final-project-cloud-computing-b-cc-kelompok-8-boboiboy-kuasa-bug-gaib/Nusatarawisata-kaltim/vendor/laravel/framework/src/Illuminate/Pipeline/Pipeline.php(219): Illuminate\\Http\\Middleware\\TrustProxies->handle(Object(Illuminate\\Http\\Request), Object(Closure))
#40 /Applications/XAMPP/xamppfiles/htdocs/final-project-cloud-computing-b-cc-kelompok-8-boboiboy-kuasa-bug-gaib/Nusatarawisata-kaltim/vendor/laravel/framework/src/Illuminate/Foundation/Http/Middleware/InvokeDeferredCallbacks.php(22): Illuminate\\Pipeline\\Pipeline->Illuminate\\Pipeline\\{closure}(Object(Illuminate\\Http\\Request))
#41 /Applications/XAMPP/xamppfiles/htdocs/final-project-cloud-computing-b-cc-kelompok-8-boboiboy-kuasa-bug-gaib/Nusatarawisata-kaltim/vendor/laravel/framework/src/Illuminate/Pipeline/Pipeline.php(219): Illuminate\\Foundation\\Http\\Middleware\\InvokeDeferredCallbacks->handle(Object(Illuminate\\Http\\Request), Object(Closure))
#42 /Applications/XAMPP/xamppfiles/htdocs/final-project-cloud-computing-b-cc-kelompok-8-boboiboy-kuasa-bug-gaib/Nusatarawisata-kaltim/vendor/laravel/framework/src/Illuminate/Http/Middleware/ValidatePathEncoding.php(26): Illuminate\\Pipeline\\Pipeline->Illuminate\\Pipeline\\{closure}(Object(Illuminate\\Http\\Request))
#43 /Applications/XAMPP/xamppfiles/htdocs/final-project-cloud-computing-b-cc-kelompok-8-boboiboy-kuasa-bug-gaib/Nusatarawisata-kaltim/vendor/laravel/framework/src/Illuminate/Pipeline/Pipeline.php(219): Illuminate\\Http\\Middleware\\ValidatePathEncoding->handle(Object(Illuminate\\Http\\Request), Object(Closure))
#44 /Applications/XAMPP/xamppfiles/htdocs/final-project-cloud-computing-b-cc-kelompok-8-boboiboy-kuasa-bug-gaib/Nusatarawisata-kaltim/vendor/laravel/framework/src/Illuminate/Pipeline/Pipeline.php(137): Illuminate\\Pipeline\\Pipeline->Illuminate\\Pipeline\\{closure}(Object(Illuminate\\Http\\Request))
#45 /Applications/XAMPP/xamppfiles/htdocs/final-project-cloud-computing-b-cc-kelompok-8-boboiboy-kuasa-bug-gaib/Nusatarawisata-kaltim/vendor/laravel/framework/src/Illuminate/Foundation/Http/Kernel.php(175): Illuminate\\Pipeline\\Pipeline->then(Object(Closure))
#46 /Applications/XAMPP/xamppfiles/htdocs/final-project-cloud-computing-b-cc-kelompok-8-boboiboy-kuasa-bug-gaib/Nusatarawisata-kaltim/vendor/laravel/framework/src/Illuminate/Foundation/Http/Kernel.php(144): Illuminate\\Foundation\\Http\\Kernel->sendRequestThroughRouter(Object(Illuminate\\Http\\Request))
#47 /Applications/XAMPP/xamppfiles/htdocs/final-project-cloud-computing-b-cc-kelompok-8-boboiboy-kuasa-bug-gaib/Nusatarawisata-kaltim/vendor/laravel/framework/src/Illuminate/Foundation/Application.php(1220): Illuminate\\Foundation\\Http\\Kernel->handle(Object(Illuminate\\Http\\Request))
#48 /Applications/XAMPP/xamppfiles/htdocs/final-project-cloud-computing-b-cc-kelompok-8-boboiboy-kuasa-bug-gaib/Nusatarawisata-kaltim/public/index.php(20): Illuminate\\Foundation\\Application->handleRequest(Object(Illuminate\\Http\\Request))
#49 /Applications/XAMPP/xamppfiles/htdocs/final-project-cloud-computing-b-cc-kelompok-8-boboiboy-kuasa-bug-gaib/Nusatarawisata-kaltim/vendor/laravel/framework/src/Illuminate/Foundation/resources/server.php(23): require_once('/Applications/X...')
#50 {main}
"} 
[2025-10-29 01:52:56] local.ERROR: Target class [/login] does not exist. {"exception":"[object] (Illuminate\\Contracts\\Container\\BindingResolutionException(code: 0): Target class [/login] does not exist. at /Applications/XAMPP/xamppfiles/htdocs/final-project-cloud-computing-b-cc-kelompok-8-boboiboy-kuasa-bug-gaib/Nusatarawisata-kaltim/vendor/laravel/framework/src/Illuminate/Container/Container.php:1163)
[stacktrace]
#0 /Applications/XAMPP/xamppfiles/htdocs/final-project-cloud-computing-b-cc-kelompok-8-boboiboy-kuasa-bug-gaib/Nusatarawisata-kaltim/vendor/laravel/framework/src/Illuminate/Container/Container.php(972): Illuminate\\Container\\Container->build('/login')
#1 /Applications/XAMPP/xamppfiles/htdocs/final-project-cloud-computing-b-cc-kelompok-8-boboiboy-kuasa-bug-gaib/Nusatarawisata-kaltim/vendor/laravel/framework/src/Illuminate/Foundation/Application.php(1078): Illuminate\\Container\\Container->resolve('/login', Array, true)
#2 /Applications/XAMPP/xamppfiles/htdocs/final-project-cloud-computing-b-cc-kelompok-8-boboiboy-kuasa-bug-gaib/Nusatarawisata-kaltim/vendor/laravel/framework/src/Illuminate/Container/Container.php(903): Illuminate\\Foundation\\Application->resolve('/login', Array)
#3 /Applications/XAMPP/xamppfiles/htdocs/final-project-cloud-computing-b-cc-kelompok-8-boboiboy-kuasa-bug-gaib/Nusatarawisata-kaltim/vendor/laravel/framework/src/Illuminate/Foundation/Application.php(1058): Illuminate\\Container\\Container->make('/login', Array)
#4 /Applications/XAMPP/xamppfiles/htdocs/final-project-cloud-computing-b-cc-kelompok-8-boboiboy-kuasa-bug-gaib/Nusatarawisata-kaltim/vendor/laravel/framework/src/Illuminate/Foundation/Http/Kernel.php(257): Illuminate\\Foundation\\Application->make('/login')
#5 /Applications/XAMPP/xamppfiles/htdocs/final-project-cloud-computing-b-cc-kelompok-8-boboiboy-kuasa-bug-gaib/Nusatarawisata-kaltim/vendor/laravel/framework/src/Illuminate/Foundation/Http/Kernel.php(215): Illuminate\\Foundation\\Http\\Kernel->terminateMiddleware(Object(Illuminate\\Http\\Request), Object(Illuminate\\Http\\Response))
#6 /Applications/XAMPP/xamppfiles/htdocs/final-project-cloud-computing-b-cc-kelompok-8-boboiboy-kuasa-bug-gaib/Nusatarawisata-kaltim/vendor/laravel/framework/src/Illuminate/Foundation/Application.php(1222): Illuminate\\Foundation\\Http\\Kernel->terminate(Object(Illuminate\\Http\\Request), Object(Illuminate\\Http\\Response))
#7 /Applications/XAMPP/xamppfiles/htdocs/final-project-cloud-computing-b-cc-kelompok-8-boboiboy-kuasa-bug-gaib/Nusatarawisata-kaltim/public/index.php(20): Illuminate\\Foundation\\Application->handleRequest(Object(Illuminate\\Http\\Request))
#8 /Applications/XAMPP/xamppfiles/htdocs/final-project-cloud-computing-b-cc-kelompok-8-boboiboy-kuasa-bug-gaib/Nusatarawisata-kaltim/vendor/laravel/framework/src/Illuminate/Foundation/resources/server.php(23): require_once('/Applications/X...')
#9 {main}

[previous exception] [object] (ReflectionException(code: -1): Class \"/login\" does not exist at /Applications/XAMPP/xamppfiles/htdocs/final-project-cloud-computing-b-cc-kelompok-8-boboiboy-kuasa-bug-gaib/Nusatarawisata-kaltim/vendor/laravel/framework/src/Illuminate/Container/Container.php:1161)
[stacktrace]
#0 /Applications/XAMPP/xamppfiles/htdocs/final-project-cloud-computing-b-cc-kelompok-8-boboiboy-kuasa-bug-gaib/Nusatarawisata-kaltim/vendor/laravel/framework/src/Illuminate/Container/Container.php(1161): ReflectionClass->__construct('/login')
#1 /Applications/XAMPP/xamppfiles/htdocs/final-project-cloud-computing-b-cc-kelompok-8-boboiboy-kuasa-bug-gaib/Nusatarawisata-kaltim/vendor/laravel/framework/src/Illuminate/Container/Container.php(972): Illuminate\\Container\\Container->build('/login')
#2 /Applications/XAMPP/xamppfiles/htdocs/final-project-cloud-computing-b-cc-kelompok-8-boboiboy-kuasa-bug-gaib/Nusatarawisata-kaltim/vendor/laravel/framework/src/Illuminate/Foundation/Application.php(1078): Illuminate\\Container\\Container->resolve('/login', Array, true)
#3 /Applications/XAMPP/xamppfiles/htdocs/final-project-cloud-computing-b-cc-kelompok-8-boboiboy-kuasa-bug-gaib/Nusatarawisata-kaltim/vendor/laravel/framework/src/Illuminate/Container/Container.php(903): Illuminate\\Foundation\\Application->resolve('/login', Array)
#4 /Applications/XAMPP/xamppfiles/htdocs/final-project-cloud-computing-b-cc-kelompok-8-boboiboy-kuasa-bug-gaib/Nusatarawisata-kaltim/vendor/laravel/framework/src/Illuminate/Foundation/Application.php(1058): Illuminate\\Container\\Container->make('/login', Array)
#5 /Applications/XAMPP/xamppfiles/htdocs/final-project-cloud-computing-b-cc-kelompok-8-boboiboy-kuasa-bug-gaib/Nusatarawisata-kaltim/vendor/laravel/framework/src/Illuminate/Foundation/Http/Kernel.php(257): Illuminate\\Foundation\\Application->make('/login')
#6 /Applications/XAMPP/xamppfiles/htdocs/final-project-cloud-computing-b-cc-kelompok-8-boboiboy-kuasa-bug-gaib/Nusatarawisata-kaltim/vendor/laravel/framework/src/Illuminate/Foundation/Http/Kernel.php(215): Illuminate\\Foundation\\Http\\Kernel->terminateMiddleware(Object(Illuminate\\Http\\Request), Object(Illuminate\\Http\\Response))
#7 /Applications/XAMPP/xamppfiles/htdocs/final-project-cloud-computing-b-cc-kelompok-8-boboiboy-kuasa-bug-gaib/Nusatarawisata-kaltim/vendor/laravel/framework/src/Illuminate/Foundation/Application.php(1222): Illuminate\\Foundation\\Http\\Kernel->terminate(Object(Illuminate\\Http\\Request), Object(Illuminate\\Http\\Response))
#8 /Applications/XAMPP/xamppfiles/htdocs/final-project-cloud-computing-b-cc-kelompok-8-boboiboy-kuasa-bug-gaib/Nusatarawisata-kaltim/public/index.php(20): Illuminate\\Foundation\\Application->handleRequest(Object(Illuminate\\Http\\Request))
#9 /Applications/XAMPP/xamppfiles/htdocs/final-project-cloud-computing-b-cc-kelompok-8-boboiboy-kuasa-bug-gaib/Nusatarawisata-kaltim/vendor/laravel/framework/src/Illuminate/Foundation/resources/server.php(23): require_once('/Applications/X...')
#10 {main}
"} 
[2025-10-29 02:01:34] local.ERROR: View [auth.login] not found. {"exception":"[object] (InvalidArgumentException(code: 0): View [auth.login] not found. at /Applications/XAMPP/xamppfiles/htdocs/final-project-cloud-computing-b-cc-kelompok-8-boboiboy-kuasa-bug-gaib/Nusatarawisata-kaltim/vendor/laravel/framework/src/Illuminate/View/FileViewFinder.php:138)
[stacktrace]
#0 /Applications/XAMPP/xamppfiles/htdocs/final-project-cloud-computing-b-cc-kelompok-8-boboiboy-kuasa-bug-gaib/Nusatarawisata-kaltim/vendor/laravel/framework/src/Illuminate/View/FileViewFinder.php(78): Illuminate\\View\\FileViewFinder->findInPaths('auth.login', Array)
#1 /Applications/XAMPP/xamppfiles/htdocs/final-project-cloud-computing-b-cc-kelompok-8-boboiboy-kuasa-bug-gaib/Nusatarawisata-kaltim/vendor/laravel/framework/src/Illuminate/View/Factory.php(150): Illuminate\\View\\FileViewFinder->find('auth.login')
#2 /Applications/XAMPP/xamppfiles/htdocs/final-project-cloud-computing-b-cc-kelompok-8-boboiboy-kuasa-bug-gaib/Nusatarawisata-kaltim/vendor/laravel/framework/src/Illuminate/Foundation/helpers.php(1101): Illuminate\\View\\Factory->make('auth.login', Array, Array)
#3 /Applications/XAMPP/xamppfiles/htdocs/final-project-cloud-computing-b-cc-kelompok-8-boboiboy-kuasa-bug-gaib/Nusatarawisata-kaltim/app/Http/Controllers/AuthController.php(78): view('auth.login')
#4 /Applications/XAMPP/xamppfiles/htdocs/final-project-cloud-computing-b-cc-kelompok-8-boboiboy-kuasa-bug-gaib/Nusatarawisata-kaltim/vendor/laravel/framework/src/Illuminate/Routing/ControllerDispatcher.php(46): App\\Http\\Controllers\\AuthController->showLoginForm()
#5 /Applications/XAMPP/xamppfiles/htdocs/final-project-cloud-computing-b-cc-kelompok-8-boboiboy-kuasa-bug-gaib/Nusatarawisata-kaltim/vendor/laravel/framework/src/Illuminate/Routing/Route.php(265): Illuminate\\Routing\\ControllerDispatcher->dispatch(Object(Illuminate\\Routing\\Route), Object(App\\Http\\Controllers\\AuthController), 'showLoginForm')
#6 /Applications/XAMPP/xamppfiles/htdocs/final-project-cloud-computing-b-cc-kelompok-8-boboiboy-kuasa-bug-gaib/Nusatarawisata-kaltim/vendor/laravel/framework/src/Illuminate/Routing/Route.php(211): Illuminate\\Routing\\Route->runController()
#7 /Applications/XAMPP/xamppfiles/htdocs/final-project-cloud-computing-b-cc-kelompok-8-boboiboy-kuasa-bug-gaib/Nusatarawisata-kaltim/vendor/laravel/framework/src/Illuminate/Routing/Router.php(822): Illuminate\\Routing\\Route->run()
#8 /Applications/XAMPP/xamppfiles/htdocs/final-project-cloud-computing-b-cc-kelompok-8-boboiboy-kuasa-bug-gaib/Nusatarawisata-kaltim/vendor/laravel/framework/src/Illuminate/Pipeline/Pipeline.php(180): Illuminate\\Routing\\Router->Illuminate\\Routing\\{closure}(Object(Illuminate\\Http\\Request))
#9 /Applications/XAMPP/xamppfiles/htdocs/final-project-cloud-computing-b-cc-kelompok-8-boboiboy-kuasa-bug-gaib/Nusatarawisata-kaltim/app/Http/Middleware/RedirectIfAuthenticated.php(30): Illuminate\\Pipeline\\Pipeline->Illuminate\\Pipeline\\{closure}(Object(Illuminate\\Http\\Request))
#10 /Applications/XAMPP/xamppfiles/htdocs/final-project-cloud-computing-b-cc-kelompok-8-boboiboy-kuasa-bug-gaib/Nusatarawisata-kaltim/vendor/laravel/framework/src/Illuminate/Pipeline/Pipeline.php(219): App\\Http\\Middleware\\RedirectIfAuthenticated->handle(Object(Illuminate\\Http\\Request), Object(Closure))
#11 /Applications/XAMPP/xamppfiles/htdocs/final-project-cloud-computing-b-cc-kelompok-8-boboiboy-kuasa-bug-gaib/Nusatarawisata-kaltim/vendor/laravel/framework/src/Illuminate/Routing/Middleware/SubstituteBindings.php(50): Illuminate\\Pipeline\\Pipeline->Illuminate\\Pipeline\\{closure}(Object(Illuminate\\Http\\Request))
#12 /Applications/XAMPP/xamppfiles/htdocs/final-project-cloud-computing-b-cc-kelompok-8-boboiboy-kuasa-bug-gaib/Nusatarawisata-kaltim/vendor/laravel/framework/src/Illuminate/Pipeline/Pipeline.php(219): Illuminate\\Routing\\Middleware\\SubstituteBindings->handle(Object(Illuminate\\Http\\Request), Object(Closure))
#13 /Applications/XAMPP/xamppfiles/htdocs/final-project-cloud-computing-b-cc-kelompok-8-boboiboy-kuasa-bug-gaib/Nusatarawisata-kaltim/vendor/laravel/framework/src/Illuminate/Foundation/Http/Middleware/VerifyCsrfToken.php(87): Illuminate\\Pipeline\\Pipeline->Illuminate\\Pipeline\\{closure}(Object(Illuminate\\Http\\Request))
#14 /Applications/XAMPP/xamppfiles/htdocs/final-project-cloud-computing-b-cc-kelompok-8-boboiboy-kuasa-bug-gaib/Nusatarawisata-kaltim/vendor/laravel/framework/src/Illuminate/Pipeline/Pipeline.php(219): Illuminate\\Foundation\\Http\\Middleware\\VerifyCsrfToken->handle(Object(Illuminate\\Http\\Request), Object(Closure))
#15 /Applications/XAMPP/xamppfiles/htdocs/final-project-cloud-computing-b-cc-kelompok-8-boboiboy-kuasa-bug-gaib/Nusatarawisata-kaltim/vendor/laravel/framework/src/Illuminate/View/Middleware/ShareErrorsFromSession.php(48): Illuminate\\Pipeline\\Pipeline->Illuminate\\Pipeline\\{closure}(Object(Illuminate\\Http\\Request))
#16 /Applications/XAMPP/xamppfiles/htdocs/final-project-cloud-computing-b-cc-kelompok-8-boboiboy-kuasa-bug-gaib/Nusatarawisata-kaltim/vendor/laravel/framework/src/Illuminate/Pipeline/Pipeline.php(219): Illuminate\\View\\Middleware\\ShareErrorsFromSession->handle(Object(Illuminate\\Http\\Request), Object(Closure))
#17 /Applications/XAMPP/xamppfiles/htdocs/final-project-cloud-computing-b-cc-kelompok-8-boboiboy-kuasa-bug-gaib/Nusatarawisata-kaltim/vendor/laravel/framework/src/Illuminate/Session/Middleware/StartSession.php(120): Illuminate\\Pipeline\\Pipeline->Illuminate\\Pipeline\\{closure}(Object(Illuminate\\Http\\Request))
#18 /Applications/XAMPP/xamppfiles/htdocs/final-project-cloud-computing-b-cc-kelompok-8-boboiboy-kuasa-bug-gaib/Nusatarawisata-kaltim/vendor/laravel/framework/src/Illuminate/Session/Middleware/StartSession.php(63): Illuminate\\Session\\Middleware\\StartSession->handleStatefulRequest(Object(Illuminate\\Http\\Request), Object(Illuminate\\Session\\Store), Object(Closure))
#19 /Applications/XAMPP/xamppfiles/htdocs/final-project-cloud-computing-b-cc-kelompok-8-boboiboy-kuasa-bug-gaib/Nusatarawisata-kaltim/vendor/laravel/framework/src/Illuminate/Pipeline/Pipeline.php(219): Illuminate\\Session\\Middleware\\StartSession->handle(Object(Illuminate\\Http\\Request), Object(Closure))
#20 /Applications/XAMPP/xamppfiles/htdocs/final-project-cloud-computing-b-cc-kelompok-8-boboiboy-kuasa-bug-gaib/Nusatarawisata-kaltim/vendor/laravel/framework/src/Illuminate/Cookie/Middleware/AddQueuedCookiesToResponse.php(36): Illuminate\\Pipeline\\Pipeline->Illuminate\\Pipeline\\{closure}(Object(Illuminate\\Http\\Request))
#21 /Applications/XAMPP/xamppfiles/htdocs/final-project-cloud-computing-b-cc-kelompok-8-boboiboy-kuasa-bug-gaib/Nusatarawisata-kaltim/vendor/laravel/framework/src/Illuminate/Pipeline/Pipeline.php(219): Illuminate\\Cookie\\Middleware\\AddQueuedCookiesToResponse->handle(Object(Illuminate\\Http\\Request), Object(Closure))
#22 /Applications/XAMPP/xamppfiles/htdocs/final-project-cloud-computing-b-cc-kelompok-8-boboiboy-kuasa-bug-gaib/Nusatarawisata-kaltim/vendor/laravel/framework/src/Illuminate/Cookie/Middleware/EncryptCookies.php(74): Illuminate\\Pipeline\\Pipeline->Illuminate\\Pipeline\\{closure}(Object(Illuminate\\Http\\Request))
#23 /Applications/XAMPP/xamppfiles/htdocs/final-project-cloud-computing-b-cc-kelompok-8-boboiboy-kuasa-bug-gaib/Nusatarawisata-kaltim/vendor/laravel/framework/src/Illuminate/Pipeline/Pipeline.php(219): Illuminate\\Cookie\\Middleware\\EncryptCookies->handle(Object(Illuminate\\Http\\Request), Object(Closure))
#24 /Applications/XAMPP/xamppfiles/htdocs/final-project-cloud-computing-b-cc-kelompok-8-boboiboy-kuasa-bug-gaib/Nusatarawisata-kaltim/vendor/laravel/framework/src/Illuminate/Pipeline/Pipeline.php(137): Illuminate\\Pipeline\\Pipeline->Illuminate\\Pipeline\\{closure}(Object(Illuminate\\Http\\Request))
#25 /Applications/XAMPP/xamppfiles/htdocs/final-project-cloud-computing-b-cc-kelompok-8-boboiboy-kuasa-bug-gaib/Nusatarawisata-kaltim/vendor/laravel/framework/src/Illuminate/Routing/Router.php(821): Illuminate\\Pipeline\\Pipeline->then(Object(Closure))
#26 /Applications/XAMPP/xamppfiles/htdocs/final-project-cloud-computing-b-cc-kelompok-8-boboiboy-kuasa-bug-gaib/Nusatarawisata-kaltim/vendor/laravel/framework/src/Illuminate/Routing/Router.php(800): Illuminate\\Routing\\Router->runRouteWithinStack(Object(Illuminate\\Routing\\Route), Object(Illuminate\\Http\\Request))
#27 /Applications/XAMPP/xamppfiles/htdocs/final-project-cloud-computing-b-cc-kelompok-8-boboiboy-kuasa-bug-gaib/Nusatarawisata-kaltim/vendor/laravel/framework/src/Illuminate/Routing/Router.php(764): Illuminate\\Routing\\Router->runRoute(Object(Illuminate\\Http\\Request), Object(Illuminate\\Routing\\Route))
#28 /Applications/XAMPP/xamppfiles/htdocs/final-project-cloud-computing-b-cc-kelompok-8-boboiboy-kuasa-bug-gaib/Nusatarawisata-kaltim/vendor/laravel/framework/src/Illuminate/Routing/Router.php(753): Illuminate\\Routing\\Router->dispatchToRoute(Object(Illuminate\\Http\\Request))
#29 /Applications/XAMPP/xamppfiles/htdocs/final-project-cloud-computing-b-cc-kelompok-8-boboiboy-kuasa-bug-gaib/Nusatarawisata-kaltim/vendor/laravel/framework/src/Illuminate/Foundation/Http/Kernel.php(200): Illuminate\\Routing\\Router->dispatch(Object(Illuminate\\Http\\Request))
#30 /Applications/XAMPP/xamppfiles/htdocs/final-project-cloud-computing-b-cc-kelompok-8-boboiboy-kuasa-bug-gaib/Nusatarawisata-kaltim/vendor/laravel/framework/src/Illuminate/Pipeline/Pipeline.php(180): Illuminate\\Foundation\\Http\\Kernel->Illuminate\\Foundation\\Http\\{closure}(Object(Illuminate\\Http\\Request))
#31 /Applications/XAMPP/xamppfiles/htdocs/final-project-cloud-computing-b-cc-kelompok-8-boboiboy-kuasa-bug-gaib/Nusatarawisata-kaltim/vendor/laravel/framework/src/Illuminate/Foundation/Http/Middleware/TransformsRequest.php(21): Illuminate\\Pipeline\\Pipeline->Illuminate\\Pipeline\\{closure}(Object(Illuminate\\Http\\Request))
#32 /Applications/XAMPP/xamppfiles/htdocs/final-project-cloud-computing-b-cc-kelompok-8-boboiboy-kuasa-bug-gaib/Nusatarawisata-kaltim/vendor/laravel/framework/src/Illuminate/Foundation/Http/Middleware/ConvertEmptyStringsToNull.php(31): Illuminate\\Foundation\\Http\\Middleware\\TransformsRequest->handle(Object(Illuminate\\Http\\Request), Object(Closure))
#33 /Applications/XAMPP/xamppfiles/htdocs/final-project-cloud-computing-b-cc-kelompok-8-boboiboy-kuasa-bug-gaib/Nusatarawisata-kaltim/vendor/laravel/framework/src/Illuminate/Pipeline/Pipeline.php(219): Illuminate\\Foundation\\Http\\Middleware\\ConvertEmptyStringsToNull->handle(Object(Illuminate\\Http\\Request), Object(Closure))
#34 /Applications/XAMPP/xamppfiles/htdocs/final-project-cloud-computing-b-cc-kelompok-8-boboiboy-kuasa-bug-gaib/Nusatarawisata-kaltim/vendor/laravel/framework/src/Illuminate/Foundation/Http/Middleware/TransformsRequest.php(21): Illuminate\\Pipeline\\Pipeline->Illuminate\\Pipeline\\{closure}(Object(Illuminate\\Http\\Request))
#35 /Applications/XAMPP/xamppfiles/htdocs/final-project-cloud-computing-b-cc-kelompok-8-boboiboy-kuasa-bug-gaib/Nusatarawisata-kaltim/vendor/laravel/framework/src/Illuminate/Foundation/Http/Middleware/TrimStrings.php(51): Illuminate\\Foundation\\Http\\Middleware\\TransformsRequest->handle(Object(Illuminate\\Http\\Request), Object(Closure))
#36 /Applications/XAMPP/xamppfiles/htdocs/final-project-cloud-computing-b-cc-kelompok-8-boboiboy-kuasa-bug-gaib/Nusatarawisata-kaltim/vendor/laravel/framework/src/Illuminate/Pipeline/Pipeline.php(219): Illuminate\\Foundation\\Http\\Middleware\\TrimStrings->handle(Object(Illuminate\\Http\\Request), Object(Closure))
#37 /Applications/XAMPP/xamppfiles/htdocs/final-project-cloud-computing-b-cc-kelompok-8-boboiboy-kuasa-bug-gaib/Nusatarawisata-kaltim/vendor/laravel/framework/src/Illuminate/Http/Middleware/ValidatePostSize.php(27): Illuminate\\Pipeline\\Pipeline->Illuminate\\Pipeline\\{closure}(Object(Illuminate\\Http\\Request))
#38 /Applications/XAMPP/xamppfiles/htdocs/final-project-cloud-computing-b-cc-kelompok-8-boboiboy-kuasa-bug-gaib/Nusatarawisata-kaltim/vendor/laravel/framework/src/Illuminate/Pipeline/Pipeline.php(219): Illuminate\\Http\\Middleware\\ValidatePostSize->handle(Object(Illuminate\\Http\\Request), Object(Closure))
#39 /Applications/XAMPP/xamppfiles/htdocs/final-project-cloud-computing-b-cc-kelompok-8-boboiboy-kuasa-bug-gaib/Nusatarawisata-kaltim/vendor/laravel/framework/src/Illuminate/Foundation/Http/Middleware/PreventRequestsDuringMaintenance.php(109): Illuminate\\Pipeline\\Pipeline->Illuminate\\Pipeline\\{closure}(Object(Illuminate\\Http\\Request))
#40 /Applications/XAMPP/xamppfiles/htdocs/final-project-cloud-computing-b-cc-kelompok-8-boboiboy-kuasa-bug-gaib/Nusatarawisata-kaltim/vendor/laravel/framework/src/Illuminate/Pipeline/Pipeline.php(219): Illuminate\\Foundation\\Http\\Middleware\\PreventRequestsDuringMaintenance->handle(Object(Illuminate\\Http\\Request), Object(Closure))
#41 /Applications/XAMPP/xamppfiles/htdocs/final-project-cloud-computing-b-cc-kelompok-8-boboiboy-kuasa-bug-gaib/Nusatarawisata-kaltim/vendor/laravel/framework/src/Illuminate/Http/Middleware/HandleCors.php(48): Illuminate\\Pipeline\\Pipeline->Illuminate\\Pipeline\\{closure}(Object(Illuminate\\Http\\Request))
#42 /Applications/XAMPP/xamppfiles/htdocs/final-project-cloud-computing-b-cc-kelompok-8-boboiboy-kuasa-bug-gaib/Nusatarawisata-kaltim/vendor/laravel/framework/src/Illuminate/Pipeline/Pipeline.php(219): Illuminate\\Http\\Middleware\\HandleCors->handle(Object(Illuminate\\Http\\Request), Object(Closure))
#43 /Applications/XAMPP/xamppfiles/htdocs/final-project-cloud-computing-b-cc-kelompok-8-boboiboy-kuasa-bug-gaib/Nusatarawisata-kaltim/vendor/laravel/framework/src/Illuminate/Http/Middleware/TrustProxies.php(58): Illuminate\\Pipeline\\Pipeline->Illuminate\\Pipeline\\{closure}(Object(Illuminate\\Http\\Request))
#44 /Applications/XAMPP/xamppfiles/htdocs/final-project-cloud-computing-b-cc-kelompok-8-boboiboy-kuasa-bug-gaib/Nusatarawisata-kaltim/vendor/laravel/framework/src/Illuminate/Pipeline/Pipeline.php(219): Illuminate\\Http\\Middleware\\TrustProxies->handle(Object(Illuminate\\Http\\Request), Object(Closure))
#45 /Applications/XAMPP/xamppfiles/htdocs/final-project-cloud-computing-b-cc-kelompok-8-boboiboy-kuasa-bug-gaib/Nusatarawisata-kaltim/vendor/laravel/framework/src/Illuminate/Foundation/Http/Middleware/InvokeDeferredCallbacks.php(22): Illuminate\\Pipeline\\Pipeline->Illuminate\\Pipeline\\{closure}(Object(Illuminate\\Http\\Request))
#46 /Applications/XAMPP/xamppfiles/htdocs/final-project-cloud-computing-b-cc-kelompok-8-boboiboy-kuasa-bug-gaib/Nusatarawisata-kaltim/vendor/laravel/framework/src/Illuminate/Pipeline/Pipeline.php(219): Illuminate\\Foundation\\Http\\Middleware\\InvokeDeferredCallbacks->handle(Object(Illuminate\\Http\\Request), Object(Closure))
#47 /Applications/XAMPP/xamppfiles/htdocs/final-project-cloud-computing-b-cc-kelompok-8-boboiboy-kuasa-bug-gaib/Nusatarawisata-kaltim/vendor/laravel/framework/src/Illuminate/Http/Middleware/ValidatePathEncoding.php(26): Illuminate\\Pipeline\\Pipeline->Illuminate\\Pipeline\\{closure}(Object(Illuminate\\Http\\Request))
#48 /Applications/XAMPP/xamppfiles/htdocs/final-project-cloud-computing-b-cc-kelompok-8-boboiboy-kuasa-bug-gaib/Nusatarawisata-kaltim/vendor/laravel/framework/src/Illuminate/Pipeline/Pipeline.php(219): Illuminate\\Http\\Middleware\\ValidatePathEncoding->handle(Object(Illuminate\\Http\\Request), Object(Closure))
#49 /Applications/XAMPP/xamppfiles/htdocs/final-project-cloud-computing-b-cc-kelompok-8-boboiboy-kuasa-bug-gaib/Nusatarawisata-kaltim/vendor/laravel/framework/src/Illuminate/Pipeline/Pipeline.php(137): Illuminate\\Pipeline\\Pipeline->Illuminate\\Pipeline\\{closure}(Object(Illuminate\\Http\\Request))
#50 /Applications/XAMPP/xamppfiles/htdocs/final-project-cloud-computing-b-cc-kelompok-8-boboiboy-kuasa-bug-gaib/Nusatarawisata-kaltim/vendor/laravel/framework/src/Illuminate/Foundation/Http/Kernel.php(175): Illuminate\\Pipeline\\Pipeline->then(Object(Closure))
#51 /Applications/XAMPP/xamppfiles/htdocs/final-project-cloud-computing-b-cc-kelompok-8-boboiboy-kuasa-bug-gaib/Nusatarawisata-kaltim/vendor/laravel/framework/src/Illuminate/Foundation/Http/Kernel.php(144): Illuminate\\Foundation\\Http\\Kernel->sendRequestThroughRouter(Object(Illuminate\\Http\\Request))
#52 /Applications/XAMPP/xamppfiles/htdocs/final-project-cloud-computing-b-cc-kelompok-8-boboiboy-kuasa-bug-gaib/Nusatarawisata-kaltim/vendor/laravel/framework/src/Illuminate/Foundation/Application.php(1220): Illuminate\\Foundation\\Http\\Kernel->handle(Object(Illuminate\\Http\\Request))
#53 /Applications/XAMPP/xamppfiles/htdocs/final-project-cloud-computing-b-cc-kelompok-8-boboiboy-kuasa-bug-gaib/Nusatarawisata-kaltim/public/index.php(20): Illuminate\\Foundation\\Application->handleRequest(Object(Illuminate\\Http\\Request))
#54 /Applications/XAMPP/xamppfiles/htdocs/final-project-cloud-computing-b-cc-kelompok-8-boboiboy-kuasa-bug-gaib/Nusatarawisata-kaltim/vendor/laravel/framework/src/Illuminate/Foundation/resources/server.php(23): require_once('/Applications/X...')
#55 {main}
"} 
[2025-10-29 02:02:59] local.ERROR: Vite manifest not found at: /Applications/XAMPP/xamppfiles/htdocs/final-project-cloud-computing-b-cc-kelompok-8-boboiboy-kuasa-bug-gaib/Nusatarawisata-kaltim/public/build/manifest.json (View: /Applications/XAMPP/xamppfiles/htdocs/final-project-cloud-computing-b-cc-kelompok-8-boboiboy-kuasa-bug-gaib/Nusatarawisata-kaltim/resources/views/auth/login.blade.php) {"exception":"[object] (Illuminate\\View\\ViewException(code: 0): Vite manifest not found at: /Applications/XAMPP/xamppfiles/htdocs/final-project-cloud-computing-b-cc-kelompok-8-boboiboy-kuasa-bug-gaib/Nusatarawisata-kaltim/public/build/manifest.json (View: /Applications/XAMPP/xamppfiles/htdocs/final-project-cloud-computing-b-cc-kelompok-8-boboiboy-kuasa-bug-gaib/Nusatarawisata-kaltim/resources/views/auth/login.blade.php) at /Applications/XAMPP/xamppfiles/htdocs/final-project-cloud-computing-b-cc-kelompok-8-boboiboy-kuasa-bug-gaib/Nusatarawisata-kaltim/vendor/laravel/framework/src/Illuminate/Foundation/Vite.php:946)
[stacktrace]
#0 /Applications/XAMPP/xamppfiles/htdocs/final-project-cloud-computing-b-cc-kelompok-8-boboiboy-kuasa-bug-gaib/Nusatarawisata-kaltim/vendor/laravel/framework/src/Illuminate/View/Engines/PhpEngine.php(59): Illuminate\\View\\Engines\\CompilerEngine->handleViewException(Object(Illuminate\\Foundation\\ViteManifestNotFoundException), 1)
#1 /Applications/XAMPP/xamppfiles/htdocs/final-project-cloud-computing-b-cc-kelompok-8-boboiboy-kuasa-bug-gaib/Nusatarawisata-kaltim/vendor/laravel/framework/src/Illuminate/View/Engines/CompilerEngine.php(76): Illuminate\\View\\Engines\\PhpEngine->evaluatePath('/Applications/X...', Array)
#2 /Applications/XAMPP/xamppfiles/htdocs/final-project-cloud-computing-b-cc-kelompok-8-boboiboy-kuasa-bug-gaib/Nusatarawisata-kaltim/vendor/laravel/framework/src/Illuminate/View/View.php(208): Illuminate\\View\\Engines\\CompilerEngine->get('/Applications/X...', Array)
#3 /Applications/XAMPP/xamppfiles/htdocs/final-project-cloud-computing-b-cc-kelompok-8-boboiboy-kuasa-bug-gaib/Nusatarawisata-kaltim/vendor/laravel/framework/src/Illuminate/View/View.php(191): Illuminate\\View\\View->getContents()
#4 /Applications/XAMPP/xamppfiles/htdocs/final-project-cloud-computing-b-cc-kelompok-8-boboiboy-kuasa-bug-gaib/Nusatarawisata-kaltim/vendor/laravel/framework/src/Illuminate/View/View.php(160): Illuminate\\View\\View->renderContents()
#5 /Applications/XAMPP/xamppfiles/htdocs/final-project-cloud-computing-b-cc-kelompok-8-boboiboy-kuasa-bug-gaib/Nusatarawisata-kaltim/vendor/laravel/framework/src/Illuminate/Http/Response.php(78): Illuminate\\View\\View->render()
#6 /Applications/XAMPP/xamppfiles/htdocs/final-project-cloud-computing-b-cc-kelompok-8-boboiboy-kuasa-bug-gaib/Nusatarawisata-kaltim/vendor/laravel/framework/src/Illuminate/Http/Response.php(34): Illuminate\\Http\\Response->setContent(Object(Illuminate\\View\\View))
#7 /Applications/XAMPP/xamppfiles/htdocs/final-project-cloud-computing-b-cc-kelompok-8-boboiboy-kuasa-bug-gaib/Nusatarawisata-kaltim/vendor/laravel/framework/src/Illuminate/Routing/Router.php(939): Illuminate\\Http\\Response->__construct(Object(Illuminate\\View\\View), 200, Array)
#8 /Applications/XAMPP/xamppfiles/htdocs/final-project-cloud-computing-b-cc-kelompok-8-boboiboy-kuasa-bug-gaib/Nusatarawisata-kaltim/vendor/laravel/framework/src/Illuminate/Routing/Router.php(906): Illuminate\\Routing\\Router::toResponse(Object(Illuminate\\Http\\Request), Object(Illuminate\\View\\View))
#9 /Applications/XAMPP/xamppfiles/htdocs/final-project-cloud-computing-b-cc-kelompok-8-boboiboy-kuasa-bug-gaib/Nusatarawisata-kaltim/vendor/laravel/framework/src/Illuminate/Routing/Router.php(821): Illuminate\\Routing\\Router->prepareResponse(Object(Illuminate\\Http\\Request), Object(Illuminate\\View\\View))
#10 /Applications/XAMPP/xamppfiles/htdocs/final-project-cloud-computing-b-cc-kelompok-8-boboiboy-kuasa-bug-gaib/Nusatarawisata-kaltim/vendor/laravel/framework/src/Illuminate/Pipeline/Pipeline.php(180): Illuminate\\Routing\\Router->Illuminate\\Routing\\{closure}(Object(Illuminate\\Http\\Request))
#11 /Applications/XAMPP/xamppfiles/htdocs/final-project-cloud-computing-b-cc-kelompok-8-boboiboy-kuasa-bug-gaib/Nusatarawisata-kaltim/app/Http/Middleware/RedirectIfAuthenticated.php(30): Illuminate\\Pipeline\\Pipeline->Illuminate\\Pipeline\\{closure}(Object(Illuminate\\Http\\Request))
#12 /Applications/XAMPP/xamppfiles/htdocs/final-project-cloud-computing-b-cc-kelompok-8-boboiboy-kuasa-bug-gaib/Nusatarawisata-kaltim/vendor/laravel/framework/src/Illuminate/Pipeline/Pipeline.php(219): App\\Http\\Middleware\\RedirectIfAuthenticated->handle(Object(Illuminate\\Http\\Request), Object(Closure))
#13 /Applications/XAMPP/xamppfiles/htdocs/final-project-cloud-computing-b-cc-kelompok-8-boboiboy-kuasa-bug-gaib/Nusatarawisata-kaltim/vendor/laravel/framework/src/Illuminate/Routing/Middleware/SubstituteBindings.php(50): Illuminate\\Pipeline\\Pipeline->Illuminate\\Pipeline\\{closure}(Object(Illuminate\\Http\\Request))
#14 /Applications/XAMPP/xamppfiles/htdocs/final-project-cloud-computing-b-cc-kelompok-8-boboiboy-kuasa-bug-gaib/Nusatarawisata-kaltim/vendor/laravel/framework/src/Illuminate/Pipeline/Pipeline.php(219): Illuminate\\Routing\\Middleware\\SubstituteBindings->handle(Object(Illuminate\\Http\\Request), Object(Closure))
#15 /Applications/XAMPP/xamppfiles/htdocs/final-project-cloud-computing-b-cc-kelompok-8-boboiboy-kuasa-bug-gaib/Nusatarawisata-kaltim/vendor/laravel/framework/src/Illuminate/Foundation/Http/Middleware/VerifyCsrfToken.php(87): Illuminate\\Pipeline\\Pipeline->Illuminate\\Pipeline\\{closure}(Object(Illuminate\\Http\\Request))
#16 /Applications/XAMPP/xamppfiles/htdocs/final-project-cloud-computing-b-cc-kelompok-8-boboiboy-kuasa-bug-gaib/Nusatarawisata-kaltim/vendor/laravel/framework/src/Illuminate/Pipeline/Pipeline.php(219): Illuminate\\Foundation\\Http\\Middleware\\VerifyCsrfToken->handle(Object(Illuminate\\Http\\Request), Object(Closure))
#17 /Applications/XAMPP/xamppfiles/htdocs/final-project-cloud-computing-b-cc-kelompok-8-boboiboy-kuasa-bug-gaib/Nusatarawisata-kaltim/vendor/laravel/framework/src/Illuminate/View/Middleware/ShareErrorsFromSession.php(48): Illuminate\\Pipeline\\Pipeline->Illuminate\\Pipeline\\{closure}(Object(Illuminate\\Http\\Request))
#18 /Applications/XAMPP/xamppfiles/htdocs/final-project-cloud-computing-b-cc-kelompok-8-boboiboy-kuasa-bug-gaib/Nusatarawisata-kaltim/vendor/laravel/framework/src/Illuminate/Pipeline/Pipeline.php(219): Illuminate\\View\\Middleware\\ShareErrorsFromSession->handle(Object(Illuminate\\Http\\Request), Object(Closure))
#19 /Applications/XAMPP/xamppfiles/htdocs/final-project-cloud-computing-b-cc-kelompok-8-boboiboy-kuasa-bug-gaib/Nusatarawisata-kaltim/vendor/laravel/framework/src/Illuminate/Session/Middleware/StartSession.php(120): Illuminate\\Pipeline\\Pipeline->Illuminate\\Pipeline\\{closure}(Object(Illuminate\\Http\\Request))
#20 /Applications/XAMPP/xamppfiles/htdocs/final-project-cloud-computing-b-cc-kelompok-8-boboiboy-kuasa-bug-gaib/Nusatarawisata-kaltim/vendor/laravel/framework/src/Illuminate/Session/Middleware/StartSession.php(63): Illuminate\\Session\\Middleware\\StartSession->handleStatefulRequest(Object(Illuminate\\Http\\Request), Object(Illuminate\\Session\\Store), Object(Closure))
#21 /Applications/XAMPP/xamppfiles/htdocs/final-project-cloud-computing-b-cc-kelompok-8-boboiboy-kuasa-bug-gaib/Nusatarawisata-kaltim/vendor/laravel/framework/src/Illuminate/Pipeline/Pipeline.php(219): Illuminate\\Session\\Middleware\\StartSession->handle(Object(Illuminate\\Http\\Request), Object(Closure))
#22 /Applications/XAMPP/xamppfiles/htdocs/final-project-cloud-computing-b-cc-kelompok-8-boboiboy-kuasa-bug-gaib/Nusatarawisata-kaltim/vendor/laravel/framework/src/Illuminate/Cookie/Middleware/AddQueuedCookiesToResponse.php(36): Illuminate\\Pipeline\\Pipeline->Illuminate\\Pipeline\\{closure}(Object(Illuminate\\Http\\Request))
#23 /Applications/XAMPP/xamppfiles/htdocs/final-project-cloud-computing-b-cc-kelompok-8-boboiboy-kuasa-bug-gaib/Nusatarawisata-kaltim/vendor/laravel/framework/src/Illuminate/Pipeline/Pipeline.php(219): Illuminate\\Cookie\\Middleware\\AddQueuedCookiesToResponse->handle(Object(Illuminate\\Http\\Request), Object(Closure))
#24 /Applications/XAMPP/xamppfiles/htdocs/final-project-cloud-computing-b-cc-kelompok-8-boboiboy-kuasa-bug-gaib/Nusatarawisata-kaltim/vendor/laravel/framework/src/Illuminate/Cookie/Middleware/EncryptCookies.php(74): Illuminate\\Pipeline\\Pipeline->Illuminate\\Pipeline\\{closure}(Object(Illuminate\\Http\\Request))
#25 /Applications/XAMPP/xamppfiles/htdocs/final-project-cloud-computing-b-cc-kelompok-8-boboiboy-kuasa-bug-gaib/Nusatarawisata-kaltim/vendor/laravel/framework/src/Illuminate/Pipeline/Pipeline.php(219): Illuminate\\Cookie\\Middleware\\EncryptCookies->handle(Object(Illuminate\\Http\\Request), Object(Closure))
#26 /Applications/XAMPP/xamppfiles/htdocs/final-project-cloud-computing-b-cc-kelompok-8-boboiboy-kuasa-bug-gaib/Nusatarawisata-kaltim/vendor/laravel/framework/src/Illuminate/Pipeline/Pipeline.php(137): Illuminate\\Pipeline\\Pipeline->Illuminate\\Pipeline\\{closure}(Object(Illuminate\\Http\\Request))
#27 /Applications/XAMPP/xamppfiles/htdocs/final-project-cloud-computing-b-cc-kelompok-8-boboiboy-kuasa-bug-gaib/Nusatarawisata-kaltim/vendor/laravel/framework/src/Illuminate/Routing/Router.php(821): Illuminate\\Pipeline\\Pipeline->then(Object(Closure))
#28 /Applications/XAMPP/xamppfiles/htdocs/final-project-cloud-computing-b-cc-kelompok-8-boboiboy-kuasa-bug-gaib/Nusatarawisata-kaltim/vendor/laravel/framework/src/Illuminate/Routing/Router.php(800): Illuminate\\Routing\\Router->runRouteWithinStack(Object(Illuminate\\Routing\\Route), Object(Illuminate\\Http\\Request))
#29 /Applications/XAMPP/xamppfiles/htdocs/final-project-cloud-computing-b-cc-kelompok-8-boboiboy-kuasa-bug-gaib/Nusatarawisata-kaltim/vendor/laravel/framework/src/Illuminate/Routing/Router.php(764): Illuminate\\Routing\\Router->runRoute(Object(Illuminate\\Http\\Request), Object(Illuminate\\Routing\\Route))
#30 /Applications/XAMPP/xamppfiles/htdocs/final-project-cloud-computing-b-cc-kelompok-8-boboiboy-kuasa-bug-gaib/Nusatarawisata-kaltim/vendor/laravel/framework/src/Illuminate/Routing/Router.php(753): Illuminate\\Routing\\Router->dispatchToRoute(Object(Illuminate\\Http\\Request))
#31 /Applications/XAMPP/xamppfiles/htdocs/final-project-cloud-computing-b-cc-kelompok-8-boboiboy-kuasa-bug-gaib/Nusatarawisata-kaltim/vendor/laravel/framework/src/Illuminate/Foundation/Http/Kernel.php(200): Illuminate\\Routing\\Router->dispatch(Object(Illuminate\\Http\\Request))
#32 /Applications/XAMPP/xamppfiles/htdocs/final-project-cloud-computing-b-cc-kelompok-8-boboiboy-kuasa-bug-gaib/Nusatarawisata-kaltim/vendor/laravel/framework/src/Illuminate/Pipeline/Pipeline.php(180): Illuminate\\Foundation\\Http\\Kernel->Illuminate\\Foundation\\Http\\{closure}(Object(Illuminate\\Http\\Request))
#33 /Applications/XAMPP/xamppfiles/htdocs/final-project-cloud-computing-b-cc-kelompok-8-boboiboy-kuasa-bug-gaib/Nusatarawisata-kaltim/vendor/laravel/framework/src/Illuminate/Foundation/Http/Middleware/TransformsRequest.php(21): Illuminate\\Pipeline\\Pipeline->Illuminate\\Pipeline\\{closure}(Object(Illuminate\\Http\\Request))
#34 /Applications/XAMPP/xamppfiles/htdocs/final-project-cloud-computing-b-cc-kelompok-8-boboiboy-kuasa-bug-gaib/Nusatarawisata-kaltim/vendor/laravel/framework/src/Illuminate/Foundation/Http/Middleware/ConvertEmptyStringsToNull.php(31): Illuminate\\Foundation\\Http\\Middleware\\TransformsRequest->handle(Object(Illuminate\\Http\\Request), Object(Closure))
#35 /Applications/XAMPP/xamppfiles/htdocs/final-project-cloud-computing-b-cc-kelompok-8-boboiboy-kuasa-bug-gaib/Nusatarawisata-kaltim/vendor/laravel/framework/src/Illuminate/Pipeline/Pipeline.php(219): Illuminate\\Foundation\\Http\\Middleware\\ConvertEmptyStringsToNull->handle(Object(Illuminate\\Http\\Request), Object(Closure))
#36 /Applications/XAMPP/xamppfiles/htdocs/final-project-cloud-computing-b-cc-kelompok-8-boboiboy-kuasa-bug-gaib/Nusatarawisata-kaltim/vendor/laravel/framework/src/Illuminate/Foundation/Http/Middleware/TransformsRequest.php(21): Illuminate\\Pipeline\\Pipeline->Illuminate\\Pipeline\\{closure}(Object(Illuminate\\Http\\Request))
#37 /Applications/XAMPP/xamppfiles/htdocs/final-project-cloud-computing-b-cc-kelompok-8-boboiboy-kuasa-bug-gaib/Nusatarawisata-kaltim/vendor/laravel/framework/src/Illuminate/Foundation/Http/Middleware/TrimStrings.php(51): Illuminate\\Foundation\\Http\\Middleware\\TransformsRequest->handle(Object(Illuminate\\Http\\Request), Object(Closure))
#38 /Applications/XAMPP/xamppfiles/htdocs/final-project-cloud-computing-b-cc-kelompok-8-boboiboy-kuasa-bug-gaib/Nusatarawisata-kaltim/vendor/laravel/framework/src/Illuminate/Pipeline/Pipeline.php(219): Illuminate\\Foundation\\Http\\Middleware\\TrimStrings->handle(Object(Illuminate\\Http\\Request), Object(Closure))
#39 /Applications/XAMPP/xamppfiles/htdocs/final-project-cloud-computing-b-cc-kelompok-8-boboiboy-kuasa-bug-gaib/Nusatarawisata-kaltim/vendor/laravel/framework/src/Illuminate/Http/Middleware/ValidatePostSize.php(27): Illuminate\\Pipeline\\Pipeline->Illuminate\\Pipeline\\{closure}(Object(Illuminate\\Http\\Request))
#40 /Applications/XAMPP/xamppfiles/htdocs/final-project-cloud-computing-b-cc-kelompok-8-boboiboy-kuasa-bug-gaib/Nusatarawisata-kaltim/vendor/laravel/framework/src/Illuminate/Pipeline/Pipeline.php(219): Illuminate\\Http\\Middleware\\ValidatePostSize->handle(Object(Illuminate\\Http\\Request), Object(Closure))
#41 /Applications/XAMPP/xamppfiles/htdocs/final-project-cloud-computing-b-cc-kelompok-8-boboiboy-kuasa-bug-gaib/Nusatarawisata-kaltim/vendor/laravel/framework/src/Illuminate/Foundation/Http/Middleware/PreventRequestsDuringMaintenance.php(109): Illuminate\\Pipeline\\Pipeline->Illuminate\\Pipeline\\{closure}(Object(Illuminate\\Http\\Request))
#42 /Applications/XAMPP/xamppfiles/htdocs/final-project-cloud-computing-b-cc-kelompok-8-boboiboy-kuasa-bug-gaib/Nusatarawisata-kaltim/vendor/laravel/framework/src/Illuminate/Pipeline/Pipeline.php(219): Illuminate\\Foundation\\Http\\Middleware\\PreventRequestsDuringMaintenance->handle(Object(Illuminate\\Http\\Request), Object(Closure))
#43 /Applications/XAMPP/xamppfiles/htdocs/final-project-cloud-computing-b-cc-kelompok-8-boboiboy-kuasa-bug-gaib/Nusatarawisata-kaltim/vendor/laravel/framework/src/Illuminate/Http/Middleware/HandleCors.php(48): Illuminate\\Pipeline\\Pipeline->Illuminate\\Pipeline\\{closure}(Object(Illuminate\\Http\\Request))
#44 /Applications/XAMPP/xamppfiles/htdocs/final-project-cloud-computing-b-cc-kelompok-8-boboiboy-kuasa-bug-gaib/Nusatarawisata-kaltim/vendor/laravel/framework/src/Illuminate/Pipeline/Pipeline.php(219): Illuminate\\Http\\Middleware\\HandleCors->handle(Object(Illuminate\\Http\\Request), Object(Closure))
#45 /Applications/XAMPP/xamppfiles/htdocs/final-project-cloud-computing-b-cc-kelompok-8-boboiboy-kuasa-bug-gaib/Nusatarawisata-kaltim/vendor/laravel/framework/src/Illuminate/Http/Middleware/TrustProxies.php(58): Illuminate\\Pipeline\\Pipeline->Illuminate\\Pipeline\\{closure}(Object(Illuminate\\Http\\Request))
#46 /Applications/XAMPP/xamppfiles/htdocs/final-project-cloud-computing-b-cc-kelompok-8-boboiboy-kuasa-bug-gaib/Nusatarawisata-kaltim/vendor/laravel/framework/src/Illuminate/Pipeline/Pipeline.php(219): Illuminate\\Http\\Middleware\\TrustProxies->handle(Object(Illuminate\\Http\\Request), Object(Closure))
#47 /Applications/XAMPP/xamppfiles/htdocs/final-project-cloud-computing-b-cc-kelompok-8-boboiboy-kuasa-bug-gaib/Nusatarawisata-kaltim/vendor/laravel/framework/src/Illuminate/Foundation/Http/Middleware/InvokeDeferredCallbacks.php(22): Illuminate\\Pipeline\\Pipeline->Illuminate\\Pipeline\\{closure}(Object(Illuminate\\Http\\Request))
#48 /Applications/XAMPP/xamppfiles/htdocs/final-project-cloud-computing-b-cc-kelompok-8-boboiboy-kuasa-bug-gaib/Nusatarawisata-kaltim/vendor/laravel/framework/src/Illuminate/Pipeline/Pipeline.php(219): Illuminate\\Foundation\\Http\\Middleware\\InvokeDeferredCallbacks->handle(Object(Illuminate\\Http\\Request), Object(Closure))
#49 /Applications/XAMPP/xamppfiles/htdocs/final-project-cloud-computing-b-cc-kelompok-8-boboiboy-kuasa-bug-gaib/Nusatarawisata-kaltim/vendor/laravel/framework/src/Illuminate/Http/Middleware/ValidatePathEncoding.php(26): Illuminate\\Pipeline\\Pipeline->Illuminate\\Pipeline\\{closure}(Object(Illuminate\\Http\\Request))
#50 /Applications/XAMPP/xamppfiles/htdocs/final-project-cloud-computing-b-cc-kelompok-8-boboiboy-kuasa-bug-gaib/Nusatarawisata-kaltim/vendor/laravel/framework/src/Illuminate/Pipeline/Pipeline.php(219): Illuminate\\Http\\Middleware\\ValidatePathEncoding->handle(Object(Illuminate\\Http\\Request), Object(Closure))
#51 /Applications/XAMPP/xamppfiles/htdocs/final-project-cloud-computing-b-cc-kelompok-8-boboiboy-kuasa-bug-gaib/Nusatarawisata-kaltim/vendor/laravel/framework/src/Illuminate/Pipeline/Pipeline.php(137): Illuminate\\Pipeline\\Pipeline->Illuminate\\Pipeline\\{closure}(Object(Illuminate\\Http\\Request))
#52 /Applications/XAMPP/xamppfiles/htdocs/final-project-cloud-computing-b-cc-kelompok-8-boboiboy-kuasa-bug-gaib/Nusatarawisata-kaltim/vendor/laravel/framework/src/Illuminate/Foundation/Http/Kernel.php(175): Illuminate\\Pipeline\\Pipeline->then(Object(Closure))
#53 /Applications/XAMPP/xamppfiles/htdocs/final-project-cloud-computing-b-cc-kelompok-8-boboiboy-kuasa-bug-gaib/Nusatarawisata-kaltim/vendor/laravel/framework/src/Illuminate/Foundation/Http/Kernel.php(144): Illuminate\\Foundation\\Http\\Kernel->sendRequestThroughRouter(Object(Illuminate\\Http\\Request))
#54 /Applications/XAMPP/xamppfiles/htdocs/final-project-cloud-computing-b-cc-kelompok-8-boboiboy-kuasa-bug-gaib/Nusatarawisata-kaltim/vendor/laravel/framework/src/Illuminate/Foundation/Application.php(1220): Illuminate\\Foundation\\Http\\Kernel->handle(Object(Illuminate\\Http\\Request))
#55 /Applications/XAMPP/xamppfiles/htdocs/final-project-cloud-computing-b-cc-kelompok-8-boboiboy-kuasa-bug-gaib/Nusatarawisata-kaltim/public/index.php(20): Illuminate\\Foundation\\Application->handleRequest(Object(Illuminate\\Http\\Request))
#56 /Applications/XAMPP/xamppfiles/htdocs/final-project-cloud-computing-b-cc-kelompok-8-boboiboy-kuasa-bug-gaib/Nusatarawisata-kaltim/vendor/laravel/framework/src/Illuminate/Foundation/resources/server.php(23): require_once('/Applications/X...')
#57 {main}

[previous exception] [object] (Illuminate\\Foundation\\ViteManifestNotFoundException(code: 0): Vite manifest not found at: /Applications/XAMPP/xamppfiles/htdocs/final-project-cloud-computing-b-cc-kelompok-8-boboiboy-kuasa-bug-gaib/Nusatarawisata-kaltim/public/build/manifest.json at /Applications/XAMPP/xamppfiles/htdocs/final-project-cloud-computing-b-cc-kelompok-8-boboiboy-kuasa-bug-gaib/Nusatarawisata-kaltim/vendor/laravel/framework/src/Illuminate/Foundation/Vite.php:946)
[stacktrace]
#0 /Applications/XAMPP/xamppfiles/htdocs/final-project-cloud-computing-b-cc-kelompok-8-boboiboy-kuasa-bug-gaib/Nusatarawisata-kaltim/vendor/laravel/framework/src/Illuminate/Foundation/Vite.php(384): Illuminate\\Foundation\\Vite->manifest('build')
#1 /Applications/XAMPP/xamppfiles/htdocs/final-project-cloud-computing-b-cc-kelompok-8-boboiboy-kuasa-bug-gaib/Nusatarawisata-kaltim/storage/framework/views/aa3b355a029da95f8cafe0778543529d.php(51): Illuminate\\Foundation\\Vite->__invoke(Object(Illuminate\\Support\\Collection))
#2 /Applications/XAMPP/xamppfiles/htdocs/final-project-cloud-computing-b-cc-kelompok-8-boboiboy-kuasa-bug-gaib/Nusatarawisata-kaltim/vendor/laravel/framework/src/Illuminate/Filesystem/Filesystem.php(123): require('/Applications/X...')
#3 /Applications/XAMPP/xamppfiles/htdocs/final-project-cloud-computing-b-cc-kelompok-8-boboiboy-kuasa-bug-gaib/Nusatarawisata-kaltim/vendor/laravel/framework/src/Illuminate/Filesystem/Filesystem.php(124): Illuminate\\Filesystem\\Filesystem::Illuminate\\Filesystem\\{closure}()
#4 /Applications/XAMPP/xamppfiles/htdocs/final-project-cloud-computing-b-cc-kelompok-8-boboiboy-kuasa-bug-gaib/Nusatarawisata-kaltim/vendor/laravel/framework/src/Illuminate/View/Engines/PhpEngine.php(57): Illuminate\\Filesystem\\Filesystem->getRequire('/Applications/X...', Array)
#5 /Applications/XAMPP/xamppfiles/htdocs/final-project-cloud-computing-b-cc-kelompok-8-boboiboy-kuasa-bug-gaib/Nusatarawisata-kaltim/vendor/laravel/framework/src/Illuminate/View/Engines/CompilerEngine.php(76): Illuminate\\View\\Engines\\PhpEngine->evaluatePath('/Applications/X...', Array)
#6 /Applications/XAMPP/xamppfiles/htdocs/final-project-cloud-computing-b-cc-kelompok-8-boboiboy-kuasa-bug-gaib/Nusatarawisata-kaltim/vendor/laravel/framework/src/Illuminate/View/View.php(208): Illuminate\\View\\Engines\\CompilerEngine->get('/Applications/X...', Array)
#7 /Applications/XAMPP/xamppfiles/htdocs/final-project-cloud-computing-b-cc-kelompok-8-boboiboy-kuasa-bug-gaib/Nusatarawisata-kaltim/vendor/laravel/framework/src/Illuminate/View/View.php(191): Illuminate\\View\\View->getContents()
#8 /Applications/XAMPP/xamppfiles/htdocs/final-project-cloud-computing-b-cc-kelompok-8-boboiboy-kuasa-bug-gaib/Nusatarawisata-kaltim/vendor/laravel/framework/src/Illuminate/View/View.php(160): Illuminate\\View\\View->renderContents()
#9 /Applications/XAMPP/xamppfiles/htdocs/final-project-cloud-computing-b-cc-kelompok-8-boboiboy-kuasa-bug-gaib/Nusatarawisata-kaltim/vendor/laravel/framework/src/Illuminate/Http/Response.php(78): Illuminate\\View\\View->render()
#10 /Applications/XAMPP/xamppfiles/htdocs/final-project-cloud-computing-b-cc-kelompok-8-boboiboy-kuasa-bug-gaib/Nusatarawisata-kaltim/vendor/laravel/framework/src/Illuminate/Http/Response.php(34): Illuminate\\Http\\Response->setContent(Object(Illuminate\\View\\View))
#11 /Applications/XAMPP/xamppfiles/htdocs/final-project-cloud-computing-b-cc-kelompok-8-boboiboy-kuasa-bug-gaib/Nusatarawisata-kaltim/vendor/laravel/framework/src/Illuminate/Routing/Router.php(939): Illuminate\\Http\\Response->__construct(Object(Illuminate\\View\\View), 200, Array)
#12 /Applications/XAMPP/xamppfiles/htdocs/final-project-cloud-computing-b-cc-kelompok-8-boboiboy-kuasa-bug-gaib/Nusatarawisata-kaltim/vendor/laravel/framework/src/Illuminate/Routing/Router.php(906): Illuminate\\Routing\\Router::toResponse(Object(Illuminate\\Http\\Request), Object(Illuminate\\View\\View))
#13 /Applications/XAMPP/xamppfiles/htdocs/final-project-cloud-computing-b-cc-kelompok-8-boboiboy-kuasa-bug-gaib/Nusatarawisata-kaltim/vendor/laravel/framework/src/Illuminate/Routing/Router.php(821): Illuminate\\Routing\\Router->prepareResponse(Object(Illuminate\\Http\\Request), Object(Illuminate\\View\\View))
#14 /Applications/XAMPP/xamppfiles/htdocs/final-project-cloud-computing-b-cc-kelompok-8-boboiboy-kuasa-bug-gaib/Nusatarawisata-kaltim/vendor/laravel/framework/src/Illuminate/Pipeline/Pipeline.php(180): Illuminate\\Routing\\Router->Illuminate\\Routing\\{closure}(Object(Illuminate\\Http\\Request))
#15 /Applications/XAMPP/xamppfiles/htdocs/final-project-cloud-computing-b-cc-kelompok-8-boboiboy-kuasa-bug-gaib/Nusatarawisata-kaltim/app/Http/Middleware/RedirectIfAuthenticated.php(30): Illuminate\\Pipeline\\Pipeline->Illuminate\\Pipeline\\{closure}(Object(Illuminate\\Http\\Request))
#16 /Applications/XAMPP/xamppfiles/htdocs/final-project-cloud-computing-b-cc-kelompok-8-boboiboy-kuasa-bug-gaib/Nusatarawisata-kaltim/vendor/laravel/framework/src/Illuminate/Pipeline/Pipeline.php(219): App\\Http\\Middleware\\RedirectIfAuthenticated->handle(Object(Illuminate\\Http\\Request), Object(Closure))
#17 /Applications/XAMPP/xamppfiles/htdocs/final-project-cloud-computing-b-cc-kelompok-8-boboiboy-kuasa-bug-gaib/Nusatarawisata-kaltim/vendor/laravel/framework/src/Illuminate/Routing/Middleware/SubstituteBindings.php(50): Illuminate\\Pipeline\\Pipeline->Illuminate\\Pipeline\\{closure}(Object(Illuminate\\Http\\Request))
#18 /Applications/XAMPP/xamppfiles/htdocs/final-project-cloud-computing-b-cc-kelompok-8-boboiboy-kuasa-bug-gaib/Nusatarawisata-kaltim/vendor/laravel/framework/src/Illuminate/Pipeline/Pipeline.php(219): Illuminate\\Routing\\Middleware\\SubstituteBindings->handle(Object(Illuminate\\Http\\Request), Object(Closure))
#19 /Applications/XAMPP/xamppfiles/htdocs/final-project-cloud-computing-b-cc-kelompok-8-boboiboy-kuasa-bug-gaib/Nusatarawisata-kaltim/vendor/laravel/framework/src/Illuminate/Foundation/Http/Middleware/VerifyCsrfToken.php(87): Illuminate\\Pipeline\\Pipeline->Illuminate\\Pipeline\\{closure}(Object(Illuminate\\Http\\Request))
#20 /Applications/XAMPP/xamppfiles/htdocs/final-project-cloud-computing-b-cc-kelompok-8-boboiboy-kuasa-bug-gaib/Nusatarawisata-kaltim/vendor/laravel/framework/src/Illuminate/Pipeline/Pipeline.php(219): Illuminate\\Foundation\\Http\\Middleware\\VerifyCsrfToken->handle(Object(Illuminate\\Http\\Request), Object(Closure))
#21 /Applications/XAMPP/xamppfiles/htdocs/final-project-cloud-computing-b-cc-kelompok-8-boboiboy-kuasa-bug-gaib/Nusatarawisata-kaltim/vendor/laravel/framework/src/Illuminate/View/Middleware/ShareErrorsFromSession.php(48): Illuminate\\Pipeline\\Pipeline->Illuminate\\Pipeline\\{closure}(Object(Illuminate\\Http\\Request))
#22 /Applications/XAMPP/xamppfiles/htdocs/final-project-cloud-computing-b-cc-kelompok-8-boboiboy-kuasa-bug-gaib/Nusatarawisata-kaltim/vendor/laravel/framework/src/Illuminate/Pipeline/Pipeline.php(219): Illuminate\\View\\Middleware\\ShareErrorsFromSession->handle(Object(Illuminate\\Http\\Request), Object(Closure))
#23 /Applications/XAMPP/xamppfiles/htdocs/final-project-cloud-computing-b-cc-kelompok-8-boboiboy-kuasa-bug-gaib/Nusatarawisata-kaltim/vendor/laravel/framework/src/Illuminate/Session/Middleware/StartSession.php(120): Illuminate\\Pipeline\\Pipeline->Illuminate\\Pipeline\\{closure}(Object(Illuminate\\Http\\Request))
#24 /Applications/XAMPP/xamppfiles/htdocs/final-project-cloud-computing-b-cc-kelompok-8-boboiboy-kuasa-bug-gaib/Nusatarawisata-kaltim/vendor/laravel/framework/src/Illuminate/Session/Middleware/StartSession.php(63): Illuminate\\Session\\Middleware\\StartSession->handleStatefulRequest(Object(Illuminate\\Http\\Request), Object(Illuminate\\Session\\Store), Object(Closure))
#25 /Applications/XAMPP/xamppfiles/htdocs/final-project-cloud-computing-b-cc-kelompok-8-boboiboy-kuasa-bug-gaib/Nusatarawisata-kaltim/vendor/laravel/framework/src/Illuminate/Pipeline/Pipeline.php(219): Illuminate\\Session\\Middleware\\StartSession->handle(Object(Illuminate\\Http\\Request), Object(Closure))
#26 /Applications/XAMPP/xamppfiles/htdocs/final-project-cloud-computing-b-cc-kelompok-8-boboiboy-kuasa-bug-gaib/Nusatarawisata-kaltim/vendor/laravel/framework/src/Illuminate/Cookie/Middleware/AddQueuedCookiesToResponse.php(36): Illuminate\\Pipeline\\Pipeline->Illuminate\\Pipeline\\{closure}(Object(Illuminate\\Http\\Request))
#27 /Applications/XAMPP/xamppfiles/htdocs/final-project-cloud-computing-b-cc-kelompok-8-boboiboy-kuasa-bug-gaib/Nusatarawisata-kaltim/vendor/laravel/framework/src/Illuminate/Pipeline/Pipeline.php(219): Illuminate\\Cookie\\Middleware\\AddQueuedCookiesToResponse->handle(Object(Illuminate\\Http\\Request), Object(Closure))
#28 /Applications/XAMPP/xamppfiles/htdocs/final-project-cloud-computing-b-cc-kelompok-8-boboiboy-kuasa-bug-gaib/Nusatarawisata-kaltim/vendor/laravel/framework/src/Illuminate/Cookie/Middleware/EncryptCookies.php(74): Illuminate\\Pipeline\\Pipeline->Illuminate\\Pipeline\\{closure}(Object(Illuminate\\Http\\Request))
#29 /Applications/XAMPP/xamppfiles/htdocs/final-project-cloud-computing-b-cc-kelompok-8-boboiboy-kuasa-bug-gaib/Nusatarawisata-kaltim/vendor/laravel/framework/src/Illuminate/Pipeline/Pipeline.php(219): Illuminate\\Cookie\\Middleware\\EncryptCookies->handle(Object(Illuminate\\Http\\Request), Object(Closure))
#30 /Applications/XAMPP/xamppfiles/htdocs/final-project-cloud-computing-b-cc-kelompok-8-boboiboy-kuasa-bug-gaib/Nusatarawisata-kaltim/vendor/laravel/framework/src/Illuminate/Pipeline/Pipeline.php(137): Illuminate\\Pipeline\\Pipeline->Illuminate\\Pipeline\\{closure}(Object(Illuminate\\Http\\Request))
#31 /Applications/XAMPP/xamppfiles/htdocs/final-project-cloud-computing-b-cc-kelompok-8-boboiboy-kuasa-bug-gaib/Nusatarawisata-kaltim/vendor/laravel/framework/src/Illuminate/Routing/Router.php(821): Illuminate\\Pipeline\\Pipeline->then(Object(Closure))
#32 /Applications/XAMPP/xamppfiles/htdocs/final-project-cloud-computing-b-cc-kelompok-8-boboiboy-kuasa-bug-gaib/Nusatarawisata-kaltim/vendor/laravel/framework/src/Illuminate/Routing/Router.php(800): Illuminate\\Routing\\Router->runRouteWithinStack(Object(Illuminate\\Routing\\Route), Object(Illuminate\\Http\\Request))
#33 /Applications/XAMPP/xamppfiles/htdocs/final-project-cloud-computing-b-cc-kelompok-8-boboiboy-kuasa-bug-gaib/Nusatarawisata-kaltim/vendor/laravel/framework/src/Illuminate/Routing/Router.php(764): Illuminate\\Routing\\Router->runRoute(Object(Illuminate\\Http\\Request), Object(Illuminate\\Routing\\Route))
#34 /Applications/XAMPP/xamppfiles/htdocs/final-project-cloud-computing-b-cc-kelompok-8-boboiboy-kuasa-bug-gaib/Nusatarawisata-kaltim/vendor/laravel/framework/src/Illuminate/Routing/Router.php(753): Illuminate\\Routing\\Router->dispatchToRoute(Object(Illuminate\\Http\\Request))
#35 /Applications/XAMPP/xamppfiles/htdocs/final-project-cloud-computing-b-cc-kelompok-8-boboiboy-kuasa-bug-gaib/Nusatarawisata-kaltim/vendor/laravel/framework/src/Illuminate/Foundation/Http/Kernel.php(200): Illuminate\\Routing\\Router->dispatch(Object(Illuminate\\Http\\Request))
#36 /Applications/XAMPP/xamppfiles/htdocs/final-project-cloud-computing-b-cc-kelompok-8-boboiboy-kuasa-bug-gaib/Nusatarawisata-kaltim/vendor/laravel/framework/src/Illuminate/Pipeline/Pipeline.php(180): Illuminate\\Foundation\\Http\\Kernel->Illuminate\\Foundation\\Http\\{closure}(Object(Illuminate\\Http\\Request))
#37 /Applications/XAMPP/xamppfiles/htdocs/final-project-cloud-computing-b-cc-kelompok-8-boboiboy-kuasa-bug-gaib/Nusatarawisata-kaltim/vendor/laravel/framework/src/Illuminate/Foundation/Http/Middleware/TransformsRequest.php(21): Illuminate\\Pipeline\\Pipeline->Illuminate\\Pipeline\\{closure}(Object(Illuminate\\Http\\Request))
#38 /Applications/XAMPP/xamppfiles/htdocs/final-project-cloud-computing-b-cc-kelompok-8-boboiboy-kuasa-bug-gaib/Nusatarawisata-kaltim/vendor/laravel/framework/src/Illuminate/Foundation/Http/Middleware/ConvertEmptyStringsToNull.php(31): Illuminate\\Foundation\\Http\\Middleware\\TransformsRequest->handle(Object(Illuminate\\Http\\Request), Object(Closure))
#39 /Applications/XAMPP/xamppfiles/htdocs/final-project-cloud-computing-b-cc-kelompok-8-boboiboy-kuasa-bug-gaib/Nusatarawisata-kaltim/vendor/laravel/framework/src/Illuminate/Pipeline/Pipeline.php(219): Illuminate\\Foundation\\Http\\Middleware\\ConvertEmptyStringsToNull->handle(Object(Illuminate\\Http\\Request), Object(Closure))
#40 /Applications/XAMPP/xamppfiles/htdocs/final-project-cloud-computing-b-cc-kelompok-8-boboiboy-kuasa-bug-gaib/Nusatarawisata-kaltim/vendor/laravel/framework/src/Illuminate/Foundation/Http/Middleware/TransformsRequest.php(21): Illuminate\\Pipeline\\Pipeline->Illuminate\\Pipeline\\{closure}(Object(Illuminate\\Http\\Request))
#41 /Applications/XAMPP/xamppfiles/htdocs/final-project-cloud-computing-b-cc-kelompok-8-boboiboy-kuasa-bug-gaib/Nusatarawisata-kaltim/vendor/laravel/framework/src/Illuminate/Foundation/Http/Middleware/TrimStrings.php(51): Illuminate\\Foundation\\Http\\Middleware\\TransformsRequest->handle(Object(Illuminate\\Http\\Request), Object(Closure))
#42 /Applications/XAMPP/xamppfiles/htdocs/final-project-cloud-computing-b-cc-kelompok-8-boboiboy-kuasa-bug-gaib/Nusatarawisata-kaltim/vendor/laravel/framework/src/Illuminate/Pipeline/Pipeline.php(219): Illuminate\\Foundation\\Http\\Middleware\\TrimStrings->handle(Object(Illuminate\\Http\\Request), Object(Closure))
#43 /Applications/XAMPP/xamppfiles/htdocs/final-project-cloud-computing-b-cc-kelompok-8-boboiboy-kuasa-bug-gaib/Nusatarawisata-kaltim/vendor/laravel/framework/src/Illuminate/Http/Middleware/ValidatePostSize.php(27): Illuminate\\Pipeline\\Pipeline->Illuminate\\Pipeline\\{closure}(Object(Illuminate\\Http\\Request))
#44 /Applications/XAMPP/xamppfiles/htdocs/final-project-cloud-computing-b-cc-kelompok-8-boboiboy-kuasa-bug-gaib/Nusatarawisata-kaltim/vendor/laravel/framework/src/Illuminate/Pipeline/Pipeline.php(219): Illuminate\\Http\\Middleware\\ValidatePostSize->handle(Object(Illuminate\\Http\\Request), Object(Closure))
#45 /Applications/XAMPP/xamppfiles/htdocs/final-project-cloud-computing-b-cc-kelompok-8-boboiboy-kuasa-bug-gaib/Nusatarawisata-kaltim/vendor/laravel/framework/src/Illuminate/Foundation/Http/Middleware/PreventRequestsDuringMaintenance.php(109): Illuminate\\Pipeline\\Pipeline->Illuminate\\Pipeline\\{closure}(Object(Illuminate\\Http\\Request))
#46 /Applications/XAMPP/xamppfiles/htdocs/final-project-cloud-computing-b-cc-kelompok-8-boboiboy-kuasa-bug-gaib/Nusatarawisata-kaltim/vendor/laravel/framework/src/Illuminate/Pipeline/Pipeline.php(219): Illuminate\\Foundation\\Http\\Middleware\\PreventRequestsDuringMaintenance->handle(Object(Illuminate\\Http\\Request), Object(Closure))
#47 /Applications/XAMPP/xamppfiles/htdocs/final-project-cloud-computing-b-cc-kelompok-8-boboiboy-kuasa-bug-gaib/Nusatarawisata-kaltim/vendor/laravel/framework/src/Illuminate/Http/Middleware/HandleCors.php(48): Illuminate\\Pipeline\\Pipeline->Illuminate\\Pipeline\\{closure}(Object(Illuminate\\Http\\Request))
#48 /Applications/XAMPP/xamppfiles/htdocs/final-project-cloud-computing-b-cc-kelompok-8-boboiboy-kuasa-bug-gaib/Nusatarawisata-kaltim/vendor/laravel/framework/src/Illuminate/Pipeline/Pipeline.php(219): Illuminate\\Http\\Middleware\\HandleCors->handle(Object(Illuminate\\Http\\Request), Object(Closure))
#49 /Applications/XAMPP/xamppfiles/htdocs/final-project-cloud-computing-b-cc-kelompok-8-boboiboy-kuasa-bug-gaib/Nusatarawisata-kaltim/vendor/laravel/framework/src/Illuminate/Http/Middleware/TrustProxies.php(58): Illuminate\\Pipeline\\Pipeline->Illuminate\\Pipeline\\{closure}(Object(Illuminate\\Http\\Request))
#50 /Applications/XAMPP/xamppfiles/htdocs/final-project-cloud-computing-b-cc-kelompok-8-boboiboy-kuasa-bug-gaib/Nusatarawisata-kaltim/vendor/laravel/framework/src/Illuminate/Pipeline/Pipeline.php(219): Illuminate\\Http\\Middleware\\TrustProxies->handle(Object(Illuminate\\Http\\Request), Object(Closure))
#51 /Applications/XAMPP/xamppfiles/htdocs/final-project-cloud-computing-b-cc-kelompok-8-boboiboy-kuasa-bug-gaib/Nusatarawisata-kaltim/vendor/laravel/framework/src/Illuminate/Foundation/Http/Middleware/InvokeDeferredCallbacks.php(22): Illuminate\\Pipeline\\Pipeline->Illuminate\\Pipeline\\{closure}(Object(Illuminate\\Http\\Request))
#52 /Applications/XAMPP/xamppfiles/htdocs/final-project-cloud-computing-b-cc-kelompok-8-boboiboy-kuasa-bug-gaib/Nusatarawisata-kaltim/vendor/laravel/framework/src/Illuminate/Pipeline/Pipeline.php(219): Illuminate\\Foundation\\Http\\Middleware\\InvokeDeferredCallbacks->handle(Object(Illuminate\\Http\\Request), Object(Closure))
#53 /Applications/XAMPP/xamppfiles/htdocs/final-project-cloud-computing-b-cc-kelompok-8-boboiboy-kuasa-bug-gaib/Nusatarawisata-kaltim/vendor/laravel/framework/src/Illuminate/Http/Middleware/ValidatePathEncoding.php(26): Illuminate\\Pipeline\\Pipeline->Illuminate\\Pipeline\\{closure}(Object(Illuminate\\Http\\Request))
#54 /Applications/XAMPP/xamppfiles/htdocs/final-project-cloud-computing-b-cc-kelompok-8-boboiboy-kuasa-bug-gaib/Nusatarawisata-kaltim/vendor/laravel/framework/src/Illuminate/Pipeline/Pipeline.php(219): Illuminate\\Http\\Middleware\\ValidatePathEncoding->handle(Object(Illuminate\\Http\\Request), Object(Closure))
#55 /Applications/XAMPP/xamppfiles/htdocs/final-project-cloud-computing-b-cc-kelompok-8-boboiboy-kuasa-bug-gaib/Nusatarawisata-kaltim/vendor/laravel/framework/src/Illuminate/Pipeline/Pipeline.php(137): Illuminate\\Pipeline\\Pipeline->Illuminate\\Pipeline\\{closure}(Object(Illuminate\\Http\\Request))
#56 /Applications/XAMPP/xamppfiles/htdocs/final-project-cloud-computing-b-cc-kelompok-8-boboiboy-kuasa-bug-gaib/Nusatarawisata-kaltim/vendor/laravel/framework/src/Illuminate/Foundation/Http/Kernel.php(175): Illuminate\\Pipeline\\Pipeline->then(Object(Closure))
#57 /Applications/XAMPP/xamppfiles/htdocs/final-project-cloud-computing-b-cc-kelompok-8-boboiboy-kuasa-bug-gaib/Nusatarawisata-kaltim/vendor/laravel/framework/src/Illuminate/Foundation/Http/Kernel.php(144): Illuminate\\Foundation\\Http\\Kernel->sendRequestThroughRouter(Object(Illuminate\\Http\\Request))
#58 /Applications/XAMPP/xamppfiles/htdocs/final-project-cloud-computing-b-cc-kelompok-8-boboiboy-kuasa-bug-gaib/Nusatarawisata-kaltim/vendor/laravel/framework/src/Illuminate/Foundation/Application.php(1220): Illuminate\\Foundation\\Http\\Kernel->handle(Object(Illuminate\\Http\\Request))
#59 /Applications/XAMPP/xamppfiles/htdocs/final-project-cloud-computing-b-cc-kelompok-8-boboiboy-kuasa-bug-gaib/Nusatarawisata-kaltim/public/index.php(20): Illuminate\\Foundation\\Application->handleRequest(Object(Illuminate\\Http\\Request))
#60 /Applications/XAMPP/xamppfiles/htdocs/final-project-cloud-computing-b-cc-kelompok-8-boboiboy-kuasa-bug-gaib/Nusatarawisata-kaltim/vendor/laravel/framework/src/Illuminate/Foundation/resources/server.php(23): require_once('/Applications/X...')
#61 {main}
"} 
[2025-10-29 02:07:26] local.ERROR: Vite manifest not found at: /Applications/XAMPP/xamppfiles/htdocs/final-project-cloud-computing-b-cc-kelompok-8-boboiboy-kuasa-bug-gaib/Nusatarawisata-kaltim/public/build/manifest.json (View: /Applications/XAMPP/xamppfiles/htdocs/final-project-cloud-computing-b-cc-kelompok-8-boboiboy-kuasa-bug-gaib/Nusatarawisata-kaltim/resources/views/auth/login.blade.php) {"exception":"[object] (Illuminate\\View\\ViewException(code: 0): Vite manifest not found at: /Applications/XAMPP/xamppfiles/htdocs/final-project-cloud-computing-b-cc-kelompok-8-boboiboy-kuasa-bug-gaib/Nusatarawisata-kaltim/public/build/manifest.json (View: /Applications/XAMPP/xamppfiles/htdocs/final-project-cloud-computing-b-cc-kelompok-8-boboiboy-kuasa-bug-gaib/Nusatarawisata-kaltim/resources/views/auth/login.blade.php) at /Applications/XAMPP/xamppfiles/htdocs/final-project-cloud-computing-b-cc-kelompok-8-boboiboy-kuasa-bug-gaib/Nusatarawisata-kaltim/vendor/laravel/framework/src/Illuminate/Foundation/Vite.php:946)
[stacktrace]
#0 /Applications/XAMPP/xamppfiles/htdocs/final-project-cloud-computing-b-cc-kelompok-8-boboiboy-kuasa-bug-gaib/Nusatarawisata-kaltim/vendor/laravel/framework/src/Illuminate/View/Engines/PhpEngine.php(59): Illuminate\\View\\Engines\\CompilerEngine->handleViewException(Object(Illuminate\\Foundation\\ViteManifestNotFoundException), 1)
#1 /Applications/XAMPP/xamppfiles/htdocs/final-project-cloud-computing-b-cc-kelompok-8-boboiboy-kuasa-bug-gaib/Nusatarawisata-kaltim/vendor/laravel/framework/src/Illuminate/View/Engines/CompilerEngine.php(76): Illuminate\\View\\Engines\\PhpEngine->evaluatePath('/Applications/X...', Array)
#2 /Applications/XAMPP/xamppfiles/htdocs/final-project-cloud-computing-b-cc-kelompok-8-boboiboy-kuasa-bug-gaib/Nusatarawisata-kaltim/vendor/laravel/framework/src/Illuminate/View/View.php(208): Illuminate\\View\\Engines\\CompilerEngine->get('/Applications/X...', Array)
#3 /Applications/XAMPP/xamppfiles/htdocs/final-project-cloud-computing-b-cc-kelompok-8-boboiboy-kuasa-bug-gaib/Nusatarawisata-kaltim/vendor/laravel/framework/src/Illuminate/View/View.php(191): Illuminate\\View\\View->getContents()
#4 /Applications/XAMPP/xamppfiles/htdocs/final-project-cloud-computing-b-cc-kelompok-8-boboiboy-kuasa-bug-gaib/Nusatarawisata-kaltim/vendor/laravel/framework/src/Illuminate/View/View.php(160): Illuminate\\View\\View->renderContents()
#5 /Applications/XAMPP/xamppfiles/htdocs/final-project-cloud-computing-b-cc-kelompok-8-boboiboy-kuasa-bug-gaib/Nusatarawisata-kaltim/vendor/laravel/framework/src/Illuminate/Http/Response.php(78): Illuminate\\View\\View->render()
#6 /Applications/XAMPP/xamppfiles/htdocs/final-project-cloud-computing-b-cc-kelompok-8-boboiboy-kuasa-bug-gaib/Nusatarawisata-kaltim/vendor/laravel/framework/src/Illuminate/Http/Response.php(34): Illuminate\\Http\\Response->setContent(Object(Illuminate\\View\\View))
#7 /Applications/XAMPP/xamppfiles/htdocs/final-project-cloud-computing-b-cc-kelompok-8-boboiboy-kuasa-bug-gaib/Nusatarawisata-kaltim/vendor/laravel/framework/src/Illuminate/Routing/Router.php(939): Illuminate\\Http\\Response->__construct(Object(Illuminate\\View\\View), 200, Array)
#8 /Applications/XAMPP/xamppfiles/htdocs/final-project-cloud-computing-b-cc-kelompok-8-boboiboy-kuasa-bug-gaib/Nusatarawisata-kaltim/vendor/laravel/framework/src/Illuminate/Routing/Router.php(906): Illuminate\\Routing\\Router::toResponse(Object(Illuminate\\Http\\Request), Object(Illuminate\\View\\View))
#9 /Applications/XAMPP/xamppfiles/htdocs/final-project-cloud-computing-b-cc-kelompok-8-boboiboy-kuasa-bug-gaib/Nusatarawisata-kaltim/vendor/laravel/framework/src/Illuminate/Routing/Router.php(821): Illuminate\\Routing\\Router->prepareResponse(Object(Illuminate\\Http\\Request), Object(Illuminate\\View\\View))
#10 /Applications/XAMPP/xamppfiles/htdocs/final-project-cloud-computing-b-cc-kelompok-8-boboiboy-kuasa-bug-gaib/Nusatarawisata-kaltim/vendor/laravel/framework/src/Illuminate/Pipeline/Pipeline.php(180): Illuminate\\Routing\\Router->Illuminate\\Routing\\{closure}(Object(Illuminate\\Http\\Request))
#11 /Applications/XAMPP/xamppfiles/htdocs/final-project-cloud-computing-b-cc-kelompok-8-boboiboy-kuasa-bug-gaib/Nusatarawisata-kaltim/app/Http/Middleware/RedirectIfAuthenticated.php(30): Illuminate\\Pipeline\\Pipeline->Illuminate\\Pipeline\\{closure}(Object(Illuminate\\Http\\Request))
#12 /Applications/XAMPP/xamppfiles/htdocs/final-project-cloud-computing-b-cc-kelompok-8-boboiboy-kuasa-bug-gaib/Nusatarawisata-kaltim/vendor/laravel/framework/src/Illuminate/Pipeline/Pipeline.php(219): App\\Http\\Middleware\\RedirectIfAuthenticated->handle(Object(Illuminate\\Http\\Request), Object(Closure))
#13 /Applications/XAMPP/xamppfiles/htdocs/final-project-cloud-computing-b-cc-kelompok-8-boboiboy-kuasa-bug-gaib/Nusatarawisata-kaltim/vendor/laravel/framework/src/Illuminate/Routing/Middleware/SubstituteBindings.php(50): Illuminate\\Pipeline\\Pipeline->Illuminate\\Pipeline\\{closure}(Object(Illuminate\\Http\\Request))
#14 /Applications/XAMPP/xamppfiles/htdocs/final-project-cloud-computing-b-cc-kelompok-8-boboiboy-kuasa-bug-gaib/Nusatarawisata-kaltim/vendor/laravel/framework/src/Illuminate/Pipeline/Pipeline.php(219): Illuminate\\Routing\\Middleware\\SubstituteBindings->handle(Object(Illuminate\\Http\\Request), Object(Closure))
#15 /Applications/XAMPP/xamppfiles/htdocs/final-project-cloud-computing-b-cc-kelompok-8-boboiboy-kuasa-bug-gaib/Nusatarawisata-kaltim/vendor/laravel/framework/src/Illuminate/Foundation/Http/Middleware/VerifyCsrfToken.php(87): Illuminate\\Pipeline\\Pipeline->Illuminate\\Pipeline\\{closure}(Object(Illuminate\\Http\\Request))
#16 /Applications/XAMPP/xamppfiles/htdocs/final-project-cloud-computing-b-cc-kelompok-8-boboiboy-kuasa-bug-gaib/Nusatarawisata-kaltim/vendor/laravel/framework/src/Illuminate/Pipeline/Pipeline.php(219): Illuminate\\Foundation\\Http\\Middleware\\VerifyCsrfToken->handle(Object(Illuminate\\Http\\Request), Object(Closure))
#17 /Applications/XAMPP/xamppfiles/htdocs/final-project-cloud-computing-b-cc-kelompok-8-boboiboy-kuasa-bug-gaib/Nusatarawisata-kaltim/vendor/laravel/framework/src/Illuminate/View/Middleware/ShareErrorsFromSession.php(48): Illuminate\\Pipeline\\Pipeline->Illuminate\\Pipeline\\{closure}(Object(Illuminate\\Http\\Request))
#18 /Applications/XAMPP/xamppfiles/htdocs/final-project-cloud-computing-b-cc-kelompok-8-boboiboy-kuasa-bug-gaib/Nusatarawisata-kaltim/vendor/laravel/framework/src/Illuminate/Pipeline/Pipeline.php(219): Illuminate\\View\\Middleware\\ShareErrorsFromSession->handle(Object(Illuminate\\Http\\Request), Object(Closure))
#19 /Applications/XAMPP/xamppfiles/htdocs/final-project-cloud-computing-b-cc-kelompok-8-boboiboy-kuasa-bug-gaib/Nusatarawisata-kaltim/vendor/laravel/framework/src/Illuminate/Session/Middleware/StartSession.php(120): Illuminate\\Pipeline\\Pipeline->Illuminate\\Pipeline\\{closure}(Object(Illuminate\\Http\\Request))
#20 /Applications/XAMPP/xamppfiles/htdocs/final-project-cloud-computing-b-cc-kelompok-8-boboiboy-kuasa-bug-gaib/Nusatarawisata-kaltim/vendor/laravel/framework/src/Illuminate/Session/Middleware/StartSession.php(63): Illuminate\\Session\\Middleware\\StartSession->handleStatefulRequest(Object(Illuminate\\Http\\Request), Object(Illuminate\\Session\\Store), Object(Closure))
#21 /Applications/XAMPP/xamppfiles/htdocs/final-project-cloud-computing-b-cc-kelompok-8-boboiboy-kuasa-bug-gaib/Nusatarawisata-kaltim/vendor/laravel/framework/src/Illuminate/Pipeline/Pipeline.php(219): Illuminate\\Session\\Middleware\\StartSession->handle(Object(Illuminate\\Http\\Request), Object(Closure))
#22 /Applications/XAMPP/xamppfiles/htdocs/final-project-cloud-computing-b-cc-kelompok-8-boboiboy-kuasa-bug-gaib/Nusatarawisata-kaltim/vendor/laravel/framework/src/Illuminate/Cookie/Middleware/AddQueuedCookiesToResponse.php(36): Illuminate\\Pipeline\\Pipeline->Illuminate\\Pipeline\\{closure}(Object(Illuminate\\Http\\Request))
#23 /Applications/XAMPP/xamppfiles/htdocs/final-project-cloud-computing-b-cc-kelompok-8-boboiboy-kuasa-bug-gaib/Nusatarawisata-kaltim/vendor/laravel/framework/src/Illuminate/Pipeline/Pipeline.php(219): Illuminate\\Cookie\\Middleware\\AddQueuedCookiesToResponse->handle(Object(Illuminate\\Http\\Request), Object(Closure))
#24 /Applications/XAMPP/xamppfiles/htdocs/final-project-cloud-computing-b-cc-kelompok-8-boboiboy-kuasa-bug-gaib/Nusatarawisata-kaltim/vendor/laravel/framework/src/Illuminate/Cookie/Middleware/EncryptCookies.php(74): Illuminate\\Pipeline\\Pipeline->Illuminate\\Pipeline\\{closure}(Object(Illuminate\\Http\\Request))
#25 /Applications/XAMPP/xamppfiles/htdocs/final-project-cloud-computing-b-cc-kelompok-8-boboiboy-kuasa-bug-gaib/Nusatarawisata-kaltim/vendor/laravel/framework/src/Illuminate/Pipeline/Pipeline.php(219): Illuminate\\Cookie\\Middleware\\EncryptCookies->handle(Object(Illuminate\\Http\\Request), Object(Closure))
#26 /Applications/XAMPP/xamppfiles/htdocs/final-project-cloud-computing-b-cc-kelompok-8-boboiboy-kuasa-bug-gaib/Nusatarawisata-kaltim/vendor/laravel/framework/src/Illuminate/Pipeline/Pipeline.php(137): Illuminate\\Pipeline\\Pipeline->Illuminate\\Pipeline\\{closure}(Object(Illuminate\\Http\\Request))
#27 /Applications/XAMPP/xamppfiles/htdocs/final-project-cloud-computing-b-cc-kelompok-8-boboiboy-kuasa-bug-gaib/Nusatarawisata-kaltim/vendor/laravel/framework/src/Illuminate/Routing/Router.php(821): Illuminate\\Pipeline\\Pipeline->then(Object(Closure))
#28 /Applications/XAMPP/xamppfiles/htdocs/final-project-cloud-computing-b-cc-kelompok-8-boboiboy-kuasa-bug-gaib/Nusatarawisata-kaltim/vendor/laravel/framework/src/Illuminate/Routing/Router.php(800): Illuminate\\Routing\\Router->runRouteWithinStack(Object(Illuminate\\Routing\\Route), Object(Illuminate\\Http\\Request))
#29 /Applications/XAMPP/xamppfiles/htdocs/final-project-cloud-computing-b-cc-kelompok-8-boboiboy-kuasa-bug-gaib/Nusatarawisata-kaltim/vendor/laravel/framework/src/Illuminate/Routing/Router.php(764): Illuminate\\Routing\\Router->runRoute(Object(Illuminate\\Http\\Request), Object(Illuminate\\Routing\\Route))
#30 /Applications/XAMPP/xamppfiles/htdocs/final-project-cloud-computing-b-cc-kelompok-8-boboiboy-kuasa-bug-gaib/Nusatarawisata-kaltim/vendor/laravel/framework/src/Illuminate/Routing/Router.php(753): Illuminate\\Routing\\Router->dispatchToRoute(Object(Illuminate\\Http\\Request))
#31 /Applications/XAMPP/xamppfiles/htdocs/final-project-cloud-computing-b-cc-kelompok-8-boboiboy-kuasa-bug-gaib/Nusatarawisata-kaltim/vendor/laravel/framework/src/Illuminate/Foundation/Http/Kernel.php(200): Illuminate\\Routing\\Router->dispatch(Object(Illuminate\\Http\\Request))
#32 /Applications/XAMPP/xamppfiles/htdocs/final-project-cloud-computing-b-cc-kelompok-8-boboiboy-kuasa-bug-gaib/Nusatarawisata-kaltim/vendor/laravel/framework/src/Illuminate/Pipeline/Pipeline.php(180): Illuminate\\Foundation\\Http\\Kernel->Illuminate\\Foundation\\Http\\{closure}(Object(Illuminate\\Http\\Request))
#33 /Applications/XAMPP/xamppfiles/htdocs/final-project-cloud-computing-b-cc-kelompok-8-boboiboy-kuasa-bug-gaib/Nusatarawisata-kaltim/vendor/laravel/framework/src/Illuminate/Foundation/Http/Middleware/TransformsRequest.php(21): Illuminate\\Pipeline\\Pipeline->Illuminate\\Pipeline\\{closure}(Object(Illuminate\\Http\\Request))
#34 /Applications/XAMPP/xamppfiles/htdocs/final-project-cloud-computing-b-cc-kelompok-8-boboiboy-kuasa-bug-gaib/Nusatarawisata-kaltim/vendor/laravel/framework/src/Illuminate/Foundation/Http/Middleware/ConvertEmptyStringsToNull.php(31): Illuminate\\Foundation\\Http\\Middleware\\TransformsRequest->handle(Object(Illuminate\\Http\\Request), Object(Closure))
#35 /Applications/XAMPP/xamppfiles/htdocs/final-project-cloud-computing-b-cc-kelompok-8-boboiboy-kuasa-bug-gaib/Nusatarawisata-kaltim/vendor/laravel/framework/src/Illuminate/Pipeline/Pipeline.php(219): Illuminate\\Foundation\\Http\\Middleware\\ConvertEmptyStringsToNull->handle(Object(Illuminate\\Http\\Request), Object(Closure))
#36 /Applications/XAMPP/xamppfiles/htdocs/final-project-cloud-computing-b-cc-kelompok-8-boboiboy-kuasa-bug-gaib/Nusatarawisata-kaltim/vendor/laravel/framework/src/Illuminate/Foundation/Http/Middleware/TransformsRequest.php(21): Illuminate\\Pipeline\\Pipeline->Illuminate\\Pipeline\\{closure}(Object(Illuminate\\Http\\Request))
#37 /Applications/XAMPP/xamppfiles/htdocs/final-project-cloud-computing-b-cc-kelompok-8-boboiboy-kuasa-bug-gaib/Nusatarawisata-kaltim/vendor/laravel/framework/src/Illuminate/Foundation/Http/Middleware/TrimStrings.php(51): Illuminate\\Foundation\\Http\\Middleware\\TransformsRequest->handle(Object(Illuminate\\Http\\Request), Object(Closure))
#38 /Applications/XAMPP/xamppfiles/htdocs/final-project-cloud-computing-b-cc-kelompok-8-boboiboy-kuasa-bug-gaib/Nusatarawisata-kaltim/vendor/laravel/framework/src/Illuminate/Pipeline/Pipeline.php(219): Illuminate\\Foundation\\Http\\Middleware\\TrimStrings->handle(Object(Illuminate\\Http\\Request), Object(Closure))
#39 /Applications/XAMPP/xamppfiles/htdocs/final-project-cloud-computing-b-cc-kelompok-8-boboiboy-kuasa-bug-gaib/Nusatarawisata-kaltim/vendor/laravel/framework/src/Illuminate/Http/Middleware/ValidatePostSize.php(27): Illuminate\\Pipeline\\Pipeline->Illuminate\\Pipeline\\{closure}(Object(Illuminate\\Http\\Request))
#40 /Applications/XAMPP/xamppfiles/htdocs/final-project-cloud-computing-b-cc-kelompok-8-boboiboy-kuasa-bug-gaib/Nusatarawisata-kaltim/vendor/laravel/framework/src/Illuminate/Pipeline/Pipeline.php(219): Illuminate\\Http\\Middleware\\ValidatePostSize->handle(Object(Illuminate\\Http\\Request), Object(Closure))
#41 /Applications/XAMPP/xamppfiles/htdocs/final-project-cloud-computing-b-cc-kelompok-8-boboiboy-kuasa-bug-gaib/Nusatarawisata-kaltim/vendor/laravel/framework/src/Illuminate/Foundation/Http/Middleware/PreventRequestsDuringMaintenance.php(109): Illuminate\\Pipeline\\Pipeline->Illuminate\\Pipeline\\{closure}(Object(Illuminate\\Http\\Request))
#42 /Applications/XAMPP/xamppfiles/htdocs/final-project-cloud-computing-b-cc-kelompok-8-boboiboy-kuasa-bug-gaib/Nusatarawisata-kaltim/vendor/laravel/framework/src/Illuminate/Pipeline/Pipeline.php(219): Illuminate\\Foundation\\Http\\Middleware\\PreventRequestsDuringMaintenance->handle(Object(Illuminate\\Http\\Request), Object(Closure))
#43 /Applications/XAMPP/xamppfiles/htdocs/final-project-cloud-computing-b-cc-kelompok-8-boboiboy-kuasa-bug-gaib/Nusatarawisata-kaltim/vendor/laravel/framework/src/Illuminate/Http/Middleware/HandleCors.php(48): Illuminate\\Pipeline\\Pipeline->Illuminate\\Pipeline\\{closure}(Object(Illuminate\\Http\\Request))
#44 /Applications/XAMPP/xamppfiles/htdocs/final-project-cloud-computing-b-cc-kelompok-8-boboiboy-kuasa-bug-gaib/Nusatarawisata-kaltim/vendor/laravel/framework/src/Illuminate/Pipeline/Pipeline.php(219): Illuminate\\Http\\Middleware\\HandleCors->handle(Object(Illuminate\\Http\\Request), Object(Closure))
#45 /Applications/XAMPP/xamppfiles/htdocs/final-project-cloud-computing-b-cc-kelompok-8-boboiboy-kuasa-bug-gaib/Nusatarawisata-kaltim/vendor/laravel/framework/src/Illuminate/Http/Middleware/TrustProxies.php(58): Illuminate\\Pipeline\\Pipeline->Illuminate\\Pipeline\\{closure}(Object(Illuminate\\Http\\Request))
#46 /Applications/XAMPP/xamppfiles/htdocs/final-project-cloud-computing-b-cc-kelompok-8-boboiboy-kuasa-bug-gaib/Nusatarawisata-kaltim/vendor/laravel/framework/src/Illuminate/Pipeline/Pipeline.php(219): Illuminate\\Http\\Middleware\\TrustProxies->handle(Object(Illuminate\\Http\\Request), Object(Closure))
#47 /Applications/XAMPP/xamppfiles/htdocs/final-project-cloud-computing-b-cc-kelompok-8-boboiboy-kuasa-bug-gaib/Nusatarawisata-kaltim/vendor/laravel/framework/src/Illuminate/Foundation/Http/Middleware/InvokeDeferredCallbacks.php(22): Illuminate\\Pipeline\\Pipeline->Illuminate\\Pipeline\\{closure}(Object(Illuminate\\Http\\Request))
#48 /Applications/XAMPP/xamppfiles/htdocs/final-project-cloud-computing-b-cc-kelompok-8-boboiboy-kuasa-bug-gaib/Nusatarawisata-kaltim/vendor/laravel/framework/src/Illuminate/Pipeline/Pipeline.php(219): Illuminate\\Foundation\\Http\\Middleware\\InvokeDeferredCallbacks->handle(Object(Illuminate\\Http\\Request), Object(Closure))
#49 /Applications/XAMPP/xamppfiles/htdocs/final-project-cloud-computing-b-cc-kelompok-8-boboiboy-kuasa-bug-gaib/Nusatarawisata-kaltim/vendor/laravel/framework/src/Illuminate/Http/Middleware/ValidatePathEncoding.php(26): Illuminate\\Pipeline\\Pipeline->Illuminate\\Pipeline\\{closure}(Object(Illuminate\\Http\\Request))
#50 /Applications/XAMPP/xamppfiles/htdocs/final-project-cloud-computing-b-cc-kelompok-8-boboiboy-kuasa-bug-gaib/Nusatarawisata-kaltim/vendor/laravel/framework/src/Illuminate/Pipeline/Pipeline.php(219): Illuminate\\Http\\Middleware\\ValidatePathEncoding->handle(Object(Illuminate\\Http\\Request), Object(Closure))
#51 /Applications/XAMPP/xamppfiles/htdocs/final-project-cloud-computing-b-cc-kelompok-8-boboiboy-kuasa-bug-gaib/Nusatarawisata-kaltim/vendor/laravel/framework/src/Illuminate/Pipeline/Pipeline.php(137): Illuminate\\Pipeline\\Pipeline->Illuminate\\Pipeline\\{closure}(Object(Illuminate\\Http\\Request))
#52 /Applications/XAMPP/xamppfiles/htdocs/final-project-cloud-computing-b-cc-kelompok-8-boboiboy-kuasa-bug-gaib/Nusatarawisata-kaltim/vendor/laravel/framework/src/Illuminate/Foundation/Http/Kernel.php(175): Illuminate\\Pipeline\\Pipeline->then(Object(Closure))
#53 /Applications/XAMPP/xamppfiles/htdocs/final-project-cloud-computing-b-cc-kelompok-8-boboiboy-kuasa-bug-gaib/Nusatarawisata-kaltim/vendor/laravel/framework/src/Illuminate/Foundation/Http/Kernel.php(144): Illuminate\\Foundation\\Http\\Kernel->sendRequestThroughRouter(Object(Illuminate\\Http\\Request))
#54 /Applications/XAMPP/xamppfiles/htdocs/final-project-cloud-computing-b-cc-kelompok-8-boboiboy-kuasa-bug-gaib/Nusatarawisata-kaltim/vendor/laravel/framework/src/Illuminate/Foundation/Application.php(1220): Illuminate\\Foundation\\Http\\Kernel->handle(Object(Illuminate\\Http\\Request))
#55 /Applications/XAMPP/xamppfiles/htdocs/final-project-cloud-computing-b-cc-kelompok-8-boboiboy-kuasa-bug-gaib/Nusatarawisata-kaltim/public/index.php(20): Illuminate\\Foundation\\Application->handleRequest(Object(Illuminate\\Http\\Request))
#56 /Applications/XAMPP/xamppfiles/htdocs/final-project-cloud-computing-b-cc-kelompok-8-boboiboy-kuasa-bug-gaib/Nusatarawisata-kaltim/vendor/laravel/framework/src/Illuminate/Foundation/resources/server.php(23): require_once('/Applications/X...')
#57 {main}

[previous exception] [object] (Illuminate\\Foundation\\ViteManifestNotFoundException(code: 0): Vite manifest not found at: /Applications/XAMPP/xamppfiles/htdocs/final-project-cloud-computing-b-cc-kelompok-8-boboiboy-kuasa-bug-gaib/Nusatarawisata-kaltim/public/build/manifest.json at /Applications/XAMPP/xamppfiles/htdocs/final-project-cloud-computing-b-cc-kelompok-8-boboiboy-kuasa-bug-gaib/Nusatarawisata-kaltim/vendor/laravel/framework/src/Illuminate/Foundation/Vite.php:946)
[stacktrace]
#0 /Applications/XAMPP/xamppfiles/htdocs/final-project-cloud-computing-b-cc-kelompok-8-boboiboy-kuasa-bug-gaib/Nusatarawisata-kaltim/vendor/laravel/framework/src/Illuminate/Foundation/Vite.php(384): Illuminate\\Foundation\\Vite->manifest('build')
#1 /Applications/XAMPP/xamppfiles/htdocs/final-project-cloud-computing-b-cc-kelompok-8-boboiboy-kuasa-bug-gaib/Nusatarawisata-kaltim/storage/framework/views/aa3b355a029da95f8cafe0778543529d.php(51): Illuminate\\Foundation\\Vite->__invoke(Object(Illuminate\\Support\\Collection))
#2 /Applications/XAMPP/xamppfiles/htdocs/final-project-cloud-computing-b-cc-kelompok-8-boboiboy-kuasa-bug-gaib/Nusatarawisata-kaltim/vendor/laravel/framework/src/Illuminate/Filesystem/Filesystem.php(123): require('/Applications/X...')
#3 /Applications/XAMPP/xamppfiles/htdocs/final-project-cloud-computing-b-cc-kelompok-8-boboiboy-kuasa-bug-gaib/Nusatarawisata-kaltim/vendor/laravel/framework/src/Illuminate/Filesystem/Filesystem.php(124): Illuminate\\Filesystem\\Filesystem::Illuminate\\Filesystem\\{closure}()
#4 /Applications/XAMPP/xamppfiles/htdocs/final-project-cloud-computing-b-cc-kelompok-8-boboiboy-kuasa-bug-gaib/Nusatarawisata-kaltim/vendor/laravel/framework/src/Illuminate/View/Engines/PhpEngine.php(57): Illuminate\\Filesystem\\Filesystem->getRequire('/Applications/X...', Array)
#5 /Applications/XAMPP/xamppfiles/htdocs/final-project-cloud-computing-b-cc-kelompok-8-boboiboy-kuasa-bug-gaib/Nusatarawisata-kaltim/vendor/laravel/framework/src/Illuminate/View/Engines/CompilerEngine.php(76): Illuminate\\View\\Engines\\PhpEngine->evaluatePath('/Applications/X...', Array)
#6 /Applications/XAMPP/xamppfiles/htdocs/final-project-cloud-computing-b-cc-kelompok-8-boboiboy-kuasa-bug-gaib/Nusatarawisata-kaltim/vendor/laravel/framework/src/Illuminate/View/View.php(208): Illuminate\\View\\Engines\\CompilerEngine->get('/Applications/X...', Array)
#7 /Applications/XAMPP/xamppfiles/htdocs/final-project-cloud-computing-b-cc-kelompok-8-boboiboy-kuasa-bug-gaib/Nusatarawisata-kaltim/vendor/laravel/framework/src/Illuminate/View/View.php(191): Illuminate\\View\\View->getContents()
#8 /Applications/XAMPP/xamppfiles/htdocs/final-project-cloud-computing-b-cc-kelompok-8-boboiboy-kuasa-bug-gaib/Nusatarawisata-kaltim/vendor/laravel/framework/src/Illuminate/View/View.php(160): Illuminate\\View\\View->renderContents()
#9 /Applications/XAMPP/xamppfiles/htdocs/final-project-cloud-computing-b-cc-kelompok-8-boboiboy-kuasa-bug-gaib/Nusatarawisata-kaltim/vendor/laravel/framework/src/Illuminate/Http/Response.php(78): Illuminate\\View\\View->render()
#10 /Applications/XAMPP/xamppfiles/htdocs/final-project-cloud-computing-b-cc-kelompok-8-boboiboy-kuasa-bug-gaib/Nusatarawisata-kaltim/vendor/laravel/framework/src/Illuminate/Http/Response.php(34): Illuminate\\Http\\Response->setContent(Object(Illuminate\\View\\View))
#11 /Applications/XAMPP/xamppfiles/htdocs/final-project-cloud-computing-b-cc-kelompok-8-boboiboy-kuasa-bug-gaib/Nusatarawisata-kaltim/vendor/laravel/framework/src/Illuminate/Routing/Router.php(939): Illuminate\\Http\\Response->__construct(Object(Illuminate\\View\\View), 200, Array)
#12 /Applications/XAMPP/xamppfiles/htdocs/final-project-cloud-computing-b-cc-kelompok-8-boboiboy-kuasa-bug-gaib/Nusatarawisata-kaltim/vendor/laravel/framework/src/Illuminate/Routing/Router.php(906): Illuminate\\Routing\\Router::toResponse(Object(Illuminate\\Http\\Request), Object(Illuminate\\View\\View))
#13 /Applications/XAMPP/xamppfiles/htdocs/final-project-cloud-computing-b-cc-kelompok-8-boboiboy-kuasa-bug-gaib/Nusatarawisata-kaltim/vendor/laravel/framework/src/Illuminate/Routing/Router.php(821): Illuminate\\Routing\\Router->prepareResponse(Object(Illuminate\\Http\\Request), Object(Illuminate\\View\\View))
#14 /Applications/XAMPP/xamppfiles/htdocs/final-project-cloud-computing-b-cc-kelompok-8-boboiboy-kuasa-bug-gaib/Nusatarawisata-kaltim/vendor/laravel/framework/src/Illuminate/Pipeline/Pipeline.php(180): Illuminate\\Routing\\Router->Illuminate\\Routing\\{closure}(Object(Illuminate\\Http\\Request))
#15 /Applications/XAMPP/xamppfiles/htdocs/final-project-cloud-computing-b-cc-kelompok-8-boboiboy-kuasa-bug-gaib/Nusatarawisata-kaltim/app/Http/Middleware/RedirectIfAuthenticated.php(30): Illuminate\\Pipeline\\Pipeline->Illuminate\\Pipeline\\{closure}(Object(Illuminate\\Http\\Request))
#16 /Applications/XAMPP/xamppfiles/htdocs/final-project-cloud-computing-b-cc-kelompok-8-boboiboy-kuasa-bug-gaib/Nusatarawisata-kaltim/vendor/laravel/framework/src/Illuminate/Pipeline/Pipeline.php(219): App\\Http\\Middleware\\RedirectIfAuthenticated->handle(Object(Illuminate\\Http\\Request), Object(Closure))
#17 /Applications/XAMPP/xamppfiles/htdocs/final-project-cloud-computing-b-cc-kelompok-8-boboiboy-kuasa-bug-gaib/Nusatarawisata-kaltim/vendor/laravel/framework/src/Illuminate/Routing/Middleware/SubstituteBindings.php(50): Illuminate\\Pipeline\\Pipeline->Illuminate\\Pipeline\\{closure}(Object(Illuminate\\Http\\Request))
#18 /Applications/XAMPP/xamppfiles/htdocs/final-project-cloud-computing-b-cc-kelompok-8-boboiboy-kuasa-bug-gaib/Nusatarawisata-kaltim/vendor/laravel/framework/src/Illuminate/Pipeline/Pipeline.php(219): Illuminate\\Routing\\Middleware\\SubstituteBindings->handle(Object(Illuminate\\Http\\Request), Object(Closure))
#19 /Applications/XAMPP/xamppfiles/htdocs/final-project-cloud-computing-b-cc-kelompok-8-boboiboy-kuasa-bug-gaib/Nusatarawisata-kaltim/vendor/laravel/framework/src/Illuminate/Foundation/Http/Middleware/VerifyCsrfToken.php(87): Illuminate\\Pipeline\\Pipeline->Illuminate\\Pipeline\\{closure}(Object(Illuminate\\Http\\Request))
#20 /Applications/XAMPP/xamppfiles/htdocs/final-project-cloud-computing-b-cc-kelompok-8-boboiboy-kuasa-bug-gaib/Nusatarawisata-kaltim/vendor/laravel/framework/src/Illuminate/Pipeline/Pipeline.php(219): Illuminate\\Foundation\\Http\\Middleware\\VerifyCsrfToken->handle(Object(Illuminate\\Http\\Request), Object(Closure))
#21 /Applications/XAMPP/xamppfiles/htdocs/final-project-cloud-computing-b-cc-kelompok-8-boboiboy-kuasa-bug-gaib/Nusatarawisata-kaltim/vendor/laravel/framework/src/Illuminate/View/Middleware/ShareErrorsFromSession.php(48): Illuminate\\Pipeline\\Pipeline->Illuminate\\Pipeline\\{closure}(Object(Illuminate\\Http\\Request))
#22 /Applications/XAMPP/xamppfiles/htdocs/final-project-cloud-computing-b-cc-kelompok-8-boboiboy-kuasa-bug-gaib/Nusatarawisata-kaltim/vendor/laravel/framework/src/Illuminate/Pipeline/Pipeline.php(219): Illuminate\\View\\Middleware\\ShareErrorsFromSession->handle(Object(Illuminate\\Http\\Request), Object(Closure))
#23 /Applications/XAMPP/xamppfiles/htdocs/final-project-cloud-computing-b-cc-kelompok-8-boboiboy-kuasa-bug-gaib/Nusatarawisata-kaltim/vendor/laravel/framework/src/Illuminate/Session/Middleware/StartSession.php(120): Illuminate\\Pipeline\\Pipeline->Illuminate\\Pipeline\\{closure}(Object(Illuminate\\Http\\Request))
#24 /Applications/XAMPP/xamppfiles/htdocs/final-project-cloud-computing-b-cc-kelompok-8-boboiboy-kuasa-bug-gaib/Nusatarawisata-kaltim/vendor/laravel/framework/src/Illuminate/Session/Middleware/StartSession.php(63): Illuminate\\Session\\Middleware\\StartSession->handleStatefulRequest(Object(Illuminate\\Http\\Request), Object(Illuminate\\Session\\Store), Object(Closure))
#25 /Applications/XAMPP/xamppfiles/htdocs/final-project-cloud-computing-b-cc-kelompok-8-boboiboy-kuasa-bug-gaib/Nusatarawisata-kaltim/vendor/laravel/framework/src/Illuminate/Pipeline/Pipeline.php(219): Illuminate\\Session\\Middleware\\StartSession->handle(Object(Illuminate\\Http\\Request), Object(Closure))
#26 /Applications/XAMPP/xamppfiles/htdocs/final-project-cloud-computing-b-cc-kelompok-8-boboiboy-kuasa-bug-gaib/Nusatarawisata-kaltim/vendor/laravel/framework/src/Illuminate/Cookie/Middleware/AddQueuedCookiesToResponse.php(36): Illuminate\\Pipeline\\Pipeline->Illuminate\\Pipeline\\{closure}(Object(Illuminate\\Http\\Request))
#27 /Applications/XAMPP/xamppfiles/htdocs/final-project-cloud-computing-b-cc-kelompok-8-boboiboy-kuasa-bug-gaib/Nusatarawisata-kaltim/vendor/laravel/framework/src/Illuminate/Pipeline/Pipeline.php(219): Illuminate\\Cookie\\Middleware\\AddQueuedCookiesToResponse->handle(Object(Illuminate\\Http\\Request), Object(Closure))
#28 /Applications/XAMPP/xamppfiles/htdocs/final-project-cloud-computing-b-cc-kelompok-8-boboiboy-kuasa-bug-gaib/Nusatarawisata-kaltim/vendor/laravel/framework/src/Illuminate/Cookie/Middleware/EncryptCookies.php(74): Illuminate\\Pipeline\\Pipeline->Illuminate\\Pipeline\\{closure}(Object(Illuminate\\Http\\Request))
#29 /Applications/XAMPP/xamppfiles/htdocs/final-project-cloud-computing-b-cc-kelompok-8-boboiboy-kuasa-bug-gaib/Nusatarawisata-kaltim/vendor/laravel/framework/src/Illuminate/Pipeline/Pipeline.php(219): Illuminate\\Cookie\\Middleware\\EncryptCookies->handle(Object(Illuminate\\Http\\Request), Object(Closure))
#30 /Applications/XAMPP/xamppfiles/htdocs/final-project-cloud-computing-b-cc-kelompok-8-boboiboy-kuasa-bug-gaib/Nusatarawisata-kaltim/vendor/laravel/framework/src/Illuminate/Pipeline/Pipeline.php(137): Illuminate\\Pipeline\\Pipeline->Illuminate\\Pipeline\\{closure}(Object(Illuminate\\Http\\Request))
#31 /Applications/XAMPP/xamppfiles/htdocs/final-project-cloud-computing-b-cc-kelompok-8-boboiboy-kuasa-bug-gaib/Nusatarawisata-kaltim/vendor/laravel/framework/src/Illuminate/Routing/Router.php(821): Illuminate\\Pipeline\\Pipeline->then(Object(Closure))
#32 /Applications/XAMPP/xamppfiles/htdocs/final-project-cloud-computing-b-cc-kelompok-8-boboiboy-kuasa-bug-gaib/Nusatarawisata-kaltim/vendor/laravel/framework/src/Illuminate/Routing/Router.php(800): Illuminate\\Routing\\Router->runRouteWithinStack(Object(Illuminate\\Routing\\Route), Object(Illuminate\\Http\\Request))
#33 /Applications/XAMPP/xamppfiles/htdocs/final-project-cloud-computing-b-cc-kelompok-8-boboiboy-kuasa-bug-gaib/Nusatarawisata-kaltim/vendor/laravel/framework/src/Illuminate/Routing/Router.php(764): Illuminate\\Routing\\Router->runRoute(Object(Illuminate\\Http\\Request), Object(Illuminate\\Routing\\Route))
#34 /Applications/XAMPP/xamppfiles/htdocs/final-project-cloud-computing-b-cc-kelompok-8-boboiboy-kuasa-bug-gaib/Nusatarawisata-kaltim/vendor/laravel/framework/src/Illuminate/Routing/Router.php(753): Illuminate\\Routing\\Router->dispatchToRoute(Object(Illuminate\\Http\\Request))
#35 /Applications/XAMPP/xamppfiles/htdocs/final-project-cloud-computing-b-cc-kelompok-8-boboiboy-kuasa-bug-gaib/Nusatarawisata-kaltim/vendor/laravel/framework/src/Illuminate/Foundation/Http/Kernel.php(200): Illuminate\\Routing\\Router->dispatch(Object(Illuminate\\Http\\Request))
#36 /Applications/XAMPP/xamppfiles/htdocs/final-project-cloud-computing-b-cc-kelompok-8-boboiboy-kuasa-bug-gaib/Nusatarawisata-kaltim/vendor/laravel/framework/src/Illuminate/Pipeline/Pipeline.php(180): Illuminate\\Foundation\\Http\\Kernel->Illuminate\\Foundation\\Http\\{closure}(Object(Illuminate\\Http\\Request))
#37 /Applications/XAMPP/xamppfiles/htdocs/final-project-cloud-computing-b-cc-kelompok-8-boboiboy-kuasa-bug-gaib/Nusatarawisata-kaltim/vendor/laravel/framework/src/Illuminate/Foundation/Http/Middleware/TransformsRequest.php(21): Illuminate\\Pipeline\\Pipeline->Illuminate\\Pipeline\\{closure}(Object(Illuminate\\Http\\Request))
#38 /Applications/XAMPP/xamppfiles/htdocs/final-project-cloud-computing-b-cc-kelompok-8-boboiboy-kuasa-bug-gaib/Nusatarawisata-kaltim/vendor/laravel/framework/src/Illuminate/Foundation/Http/Middleware/ConvertEmptyStringsToNull.php(31): Illuminate\\Foundation\\Http\\Middleware\\TransformsRequest->handle(Object(Illuminate\\Http\\Request), Object(Closure))
#39 /Applications/XAMPP/xamppfiles/htdocs/final-project-cloud-computing-b-cc-kelompok-8-boboiboy-kuasa-bug-gaib/Nusatarawisata-kaltim/vendor/laravel/framework/src/Illuminate/Pipeline/Pipeline.php(219): Illuminate\\Foundation\\Http\\Middleware\\ConvertEmptyStringsToNull->handle(Object(Illuminate\\Http\\Request), Object(Closure))
#40 /Applications/XAMPP/xamppfiles/htdocs/final-project-cloud-computing-b-cc-kelompok-8-boboiboy-kuasa-bug-gaib/Nusatarawisata-kaltim/vendor/laravel/framework/src/Illuminate/Foundation/Http/Middleware/TransformsRequest.php(21): Illuminate\\Pipeline\\Pipeline->Illuminate\\Pipeline\\{closure}(Object(Illuminate\\Http\\Request))
#41 /Applications/XAMPP/xamppfiles/htdocs/final-project-cloud-computing-b-cc-kelompok-8-boboiboy-kuasa-bug-gaib/Nusatarawisata-kaltim/vendor/laravel/framework/src/Illuminate/Foundation/Http/Middleware/TrimStrings.php(51): Illuminate\\Foundation\\Http\\Middleware\\TransformsRequest->handle(Object(Illuminate\\Http\\Request), Object(Closure))
#42 /Applications/XAMPP/xamppfiles/htdocs/final-project-cloud-computing-b-cc-kelompok-8-boboiboy-kuasa-bug-gaib/Nusatarawisata-kaltim/vendor/laravel/framework/src/Illuminate/Pipeline/Pipeline.php(219): Illuminate\\Foundation\\Http\\Middleware\\TrimStrings->handle(Object(Illuminate\\Http\\Request), Object(Closure))
#43 /Applications/XAMPP/xamppfiles/htdocs/final-project-cloud-computing-b-cc-kelompok-8-boboiboy-kuasa-bug-gaib/Nusatarawisata-kaltim/vendor/laravel/framework/src/Illuminate/Http/Middleware/ValidatePostSize.php(27): Illuminate\\Pipeline\\Pipeline->Illuminate\\Pipeline\\{closure}(Object(Illuminate\\Http\\Request))
#44 /Applications/XAMPP/xamppfiles/htdocs/final-project-cloud-computing-b-cc-kelompok-8-boboiboy-kuasa-bug-gaib/Nusatarawisata-kaltim/vendor/laravel/framework/src/Illuminate/Pipeline/Pipeline.php(219): Illuminate\\Http\\Middleware\\ValidatePostSize->handle(Object(Illuminate\\Http\\Request), Object(Closure))
#45 /Applications/XAMPP/xamppfiles/htdocs/final-project-cloud-computing-b-cc-kelompok-8-boboiboy-kuasa-bug-gaib/Nusatarawisata-kaltim/vendor/laravel/framework/src/Illuminate/Foundation/Http/Middleware/PreventRequestsDuringMaintenance.php(109): Illuminate\\Pipeline\\Pipeline->Illuminate\\Pipeline\\{closure}(Object(Illuminate\\Http\\Request))
#46 /Applications/XAMPP/xamppfiles/htdocs/final-project-cloud-computing-b-cc-kelompok-8-boboiboy-kuasa-bug-gaib/Nusatarawisata-kaltim/vendor/laravel/framework/src/Illuminate/Pipeline/Pipeline.php(219): Illuminate\\Foundation\\Http\\Middleware\\PreventRequestsDuringMaintenance->handle(Object(Illuminate\\Http\\Request), Object(Closure))
#47 /Applications/XAMPP/xamppfiles/htdocs/final-project-cloud-computing-b-cc-kelompok-8-boboiboy-kuasa-bug-gaib/Nusatarawisata-kaltim/vendor/laravel/framework/src/Illuminate/Http/Middleware/HandleCors.php(48): Illuminate\\Pipeline\\Pipeline->Illuminate\\Pipeline\\{closure}(Object(Illuminate\\Http\\Request))
#48 /Applications/XAMPP/xamppfiles/htdocs/final-project-cloud-computing-b-cc-kelompok-8-boboiboy-kuasa-bug-gaib/Nusatarawisata-kaltim/vendor/laravel/framework/src/Illuminate/Pipeline/Pipeline.php(219): Illuminate\\Http\\Middleware\\HandleCors->handle(Object(Illuminate\\Http\\Request), Object(Closure))
#49 /Applications/XAMPP/xamppfiles/htdocs/final-project-cloud-computing-b-cc-kelompok-8-boboiboy-kuasa-bug-gaib/Nusatarawisata-kaltim/vendor/laravel/framework/src/Illuminate/Http/Middleware/TrustProxies.php(58): Illuminate\\Pipeline\\Pipeline->Illuminate\\Pipeline\\{closure}(Object(Illuminate\\Http\\Request))
#50 /Applications/XAMPP/xamppfiles/htdocs/final-project-cloud-computing-b-cc-kelompok-8-boboiboy-kuasa-bug-gaib/Nusatarawisata-kaltim/vendor/laravel/framework/src/Illuminate/Pipeline/Pipeline.php(219): Illuminate\\Http\\Middleware\\TrustProxies->handle(Object(Illuminate\\Http\\Request), Object(Closure))
#51 /Applications/XAMPP/xamppfiles/htdocs/final-project-cloud-computing-b-cc-kelompok-8-boboiboy-kuasa-bug-gaib/Nusatarawisata-kaltim/vendor/laravel/framework/src/Illuminate/Foundation/Http/Middleware/InvokeDeferredCallbacks.php(22): Illuminate\\Pipeline\\Pipeline->Illuminate\\Pipeline\\{closure}(Object(Illuminate\\Http\\Request))
#52 /Applications/XAMPP/xamppfiles/htdocs/final-project-cloud-computing-b-cc-kelompok-8-boboiboy-kuasa-bug-gaib/Nusatarawisata-kaltim/vendor/laravel/framework/src/Illuminate/Pipeline/Pipeline.php(219): Illuminate\\Foundation\\Http\\Middleware\\InvokeDeferredCallbacks->handle(Object(Illuminate\\Http\\Request), Object(Closure))
#53 /Applications/XAMPP/xamppfiles/htdocs/final-project-cloud-computing-b-cc-kelompok-8-boboiboy-kuasa-bug-gaib/Nusatarawisata-kaltim/vendor/laravel/framework/src/Illuminate/Http/Middleware/ValidatePathEncoding.php(26): Illuminate\\Pipeline\\Pipeline->Illuminate\\Pipeline\\{closure}(Object(Illuminate\\Http\\Request))
#54 /Applications/XAMPP/xamppfiles/htdocs/final-project-cloud-computing-b-cc-kelompok-8-boboiboy-kuasa-bug-gaib/Nusatarawisata-kaltim/vendor/laravel/framework/src/Illuminate/Pipeline/Pipeline.php(219): Illuminate\\Http\\Middleware\\ValidatePathEncoding->handle(Object(Illuminate\\Http\\Request), Object(Closure))
#55 /Applications/XAMPP/xamppfiles/htdocs/final-project-cloud-computing-b-cc-kelompok-8-boboiboy-kuasa-bug-gaib/Nusatarawisata-kaltim/vendor/laravel/framework/src/Illuminate/Pipeline/Pipeline.php(137): Illuminate\\Pipeline\\Pipeline->Illuminate\\Pipeline\\{closure}(Object(Illuminate\\Http\\Request))
#56 /Applications/XAMPP/xamppfiles/htdocs/final-project-cloud-computing-b-cc-kelompok-8-boboiboy-kuasa-bug-gaib/Nusatarawisata-kaltim/vendor/laravel/framework/src/Illuminate/Foundation/Http/Kernel.php(175): Illuminate\\Pipeline\\Pipeline->then(Object(Closure))
#57 /Applications/XAMPP/xamppfiles/htdocs/final-project-cloud-computing-b-cc-kelompok-8-boboiboy-kuasa-bug-gaib/Nusatarawisata-kaltim/vendor/laravel/framework/src/Illuminate/Foundation/Http/Kernel.php(144): Illuminate\\Foundation\\Http\\Kernel->sendRequestThroughRouter(Object(Illuminate\\Http\\Request))
#58 /Applications/XAMPP/xamppfiles/htdocs/final-project-cloud-computing-b-cc-kelompok-8-boboiboy-kuasa-bug-gaib/Nusatarawisata-kaltim/vendor/laravel/framework/src/Illuminate/Foundation/Application.php(1220): Illuminate\\Foundation\\Http\\Kernel->handle(Object(Illuminate\\Http\\Request))
#59 /Applications/XAMPP/xamppfiles/htdocs/final-project-cloud-computing-b-cc-kelompok-8-boboiboy-kuasa-bug-gaib/Nusatarawisata-kaltim/public/index.php(20): Illuminate\\Foundation\\Application->handleRequest(Object(Illuminate\\Http\\Request))
#60 /Applications/XAMPP/xamppfiles/htdocs/final-project-cloud-computing-b-cc-kelompok-8-boboiboy-kuasa-bug-gaib/Nusatarawisata-kaltim/vendor/laravel/framework/src/Illuminate/Foundation/resources/server.php(23): require_once('/Applications/X...')
#61 {main}
"} 
[2025-10-29 02:07:32] local.ERROR: Vite manifest not found at: /Applications/XAMPP/xamppfiles/htdocs/final-project-cloud-computing-b-cc-kelompok-8-boboiboy-kuasa-bug-gaib/Nusatarawisata-kaltim/public/build/manifest.json (View: /Applications/XAMPP/xamppfiles/htdocs/final-project-cloud-computing-b-cc-kelompok-8-boboiboy-kuasa-bug-gaib/Nusatarawisata-kaltim/resources/views/auth/login.blade.php) {"exception":"[object] (Illuminate\\View\\ViewException(code: 0): Vite manifest not found at: /Applications/XAMPP/xamppfiles/htdocs/final-project-cloud-computing-b-cc-kelompok-8-boboiboy-kuasa-bug-gaib/Nusatarawisata-kaltim/public/build/manifest.json (View: /Applications/XAMPP/xamppfiles/htdocs/final-project-cloud-computing-b-cc-kelompok-8-boboiboy-kuasa-bug-gaib/Nusatarawisata-kaltim/resources/views/auth/login.blade.php) at /Applications/XAMPP/xamppfiles/htdocs/final-project-cloud-computing-b-cc-kelompok-8-boboiboy-kuasa-bug-gaib/Nusatarawisata-kaltim/vendor/laravel/framework/src/Illuminate/Foundation/Vite.php:946)
[stacktrace]
#0 /Applications/XAMPP/xamppfiles/htdocs/final-project-cloud-computing-b-cc-kelompok-8-boboiboy-kuasa-bug-gaib/Nusatarawisata-kaltim/vendor/laravel/framework/src/Illuminate/View/Engines/PhpEngine.php(59): Illuminate\\View\\Engines\\CompilerEngine->handleViewException(Object(Illuminate\\Foundation\\ViteManifestNotFoundException), 1)
#1 /Applications/XAMPP/xamppfiles/htdocs/final-project-cloud-computing-b-cc-kelompok-8-boboiboy-kuasa-bug-gaib/Nusatarawisata-kaltim/vendor/laravel/framework/src/Illuminate/View/Engines/CompilerEngine.php(76): Illuminate\\View\\Engines\\PhpEngine->evaluatePath('/Applications/X...', Array)
#2 /Applications/XAMPP/xamppfiles/htdocs/final-project-cloud-computing-b-cc-kelompok-8-boboiboy-kuasa-bug-gaib/Nusatarawisata-kaltim/vendor/laravel/framework/src/Illuminate/View/View.php(208): Illuminate\\View\\Engines\\CompilerEngine->get('/Applications/X...', Array)
#3 /Applications/XAMPP/xamppfiles/htdocs/final-project-cloud-computing-b-cc-kelompok-8-boboiboy-kuasa-bug-gaib/Nusatarawisata-kaltim/vendor/laravel/framework/src/Illuminate/View/View.php(191): Illuminate\\View\\View->getContents()
#4 /Applications/XAMPP/xamppfiles/htdocs/final-project-cloud-computing-b-cc-kelompok-8-boboiboy-kuasa-bug-gaib/Nusatarawisata-kaltim/vendor/laravel/framework/src/Illuminate/View/View.php(160): Illuminate\\View\\View->renderContents()
#5 /Applications/XAMPP/xamppfiles/htdocs/final-project-cloud-computing-b-cc-kelompok-8-boboiboy-kuasa-bug-gaib/Nusatarawisata-kaltim/vendor/laravel/framework/src/Illuminate/Http/Response.php(78): Illuminate\\View\\View->render()
#6 /Applications/XAMPP/xamppfiles/htdocs/final-project-cloud-computing-b-cc-kelompok-8-boboiboy-kuasa-bug-gaib/Nusatarawisata-kaltim/vendor/laravel/framework/src/Illuminate/Http/Response.php(34): Illuminate\\Http\\Response->setContent(Object(Illuminate\\View\\View))
#7 /Applications/XAMPP/xamppfiles/htdocs/final-project-cloud-computing-b-cc-kelompok-8-boboiboy-kuasa-bug-gaib/Nusatarawisata-kaltim/vendor/laravel/framework/src/Illuminate/Routing/Router.php(939): Illuminate\\Http\\Response->__construct(Object(Illuminate\\View\\View), 200, Array)
#8 /Applications/XAMPP/xamppfiles/htdocs/final-project-cloud-computing-b-cc-kelompok-8-boboiboy-kuasa-bug-gaib/Nusatarawisata-kaltim/vendor/laravel/framework/src/Illuminate/Routing/Router.php(906): Illuminate\\Routing\\Router::toResponse(Object(Illuminate\\Http\\Request), Object(Illuminate\\View\\View))
#9 /Applications/XAMPP/xamppfiles/htdocs/final-project-cloud-computing-b-cc-kelompok-8-boboiboy-kuasa-bug-gaib/Nusatarawisata-kaltim/vendor/laravel/framework/src/Illuminate/Routing/Router.php(821): Illuminate\\Routing\\Router->prepareResponse(Object(Illuminate\\Http\\Request), Object(Illuminate\\View\\View))
#10 /Applications/XAMPP/xamppfiles/htdocs/final-project-cloud-computing-b-cc-kelompok-8-boboiboy-kuasa-bug-gaib/Nusatarawisata-kaltim/vendor/laravel/framework/src/Illuminate/Pipeline/Pipeline.php(180): Illuminate\\Routing\\Router->Illuminate\\Routing\\{closure}(Object(Illuminate\\Http\\Request))
#11 /Applications/XAMPP/xamppfiles/htdocs/final-project-cloud-computing-b-cc-kelompok-8-boboiboy-kuasa-bug-gaib/Nusatarawisata-kaltim/app/Http/Middleware/RedirectIfAuthenticated.php(30): Illuminate\\Pipeline\\Pipeline->Illuminate\\Pipeline\\{closure}(Object(Illuminate\\Http\\Request))
#12 /Applications/XAMPP/xamppfiles/htdocs/final-project-cloud-computing-b-cc-kelompok-8-boboiboy-kuasa-bug-gaib/Nusatarawisata-kaltim/vendor/laravel/framework/src/Illuminate/Pipeline/Pipeline.php(219): App\\Http\\Middleware\\RedirectIfAuthenticated->handle(Object(Illuminate\\Http\\Request), Object(Closure))
#13 /Applications/XAMPP/xamppfiles/htdocs/final-project-cloud-computing-b-cc-kelompok-8-boboiboy-kuasa-bug-gaib/Nusatarawisata-kaltim/vendor/laravel/framework/src/Illuminate/Routing/Middleware/SubstituteBindings.php(50): Illuminate\\Pipeline\\Pipeline->Illuminate\\Pipeline\\{closure}(Object(Illuminate\\Http\\Request))
#14 /Applications/XAMPP/xamppfiles/htdocs/final-project-cloud-computing-b-cc-kelompok-8-boboiboy-kuasa-bug-gaib/Nusatarawisata-kaltim/vendor/laravel/framework/src/Illuminate/Pipeline/Pipeline.php(219): Illuminate\\Routing\\Middleware\\SubstituteBindings->handle(Object(Illuminate\\Http\\Request), Object(Closure))
#15 /Applications/XAMPP/xamppfiles/htdocs/final-project-cloud-computing-b-cc-kelompok-8-boboiboy-kuasa-bug-gaib/Nusatarawisata-kaltim/vendor/laravel/framework/src/Illuminate/Foundation/Http/Middleware/VerifyCsrfToken.php(87): Illuminate\\Pipeline\\Pipeline->Illuminate\\Pipeline\\{closure}(Object(Illuminate\\Http\\Request))
#16 /Applications/XAMPP/xamppfiles/htdocs/final-project-cloud-computing-b-cc-kelompok-8-boboiboy-kuasa-bug-gaib/Nusatarawisata-kaltim/vendor/laravel/framework/src/Illuminate/Pipeline/Pipeline.php(219): Illuminate\\Foundation\\Http\\Middleware\\VerifyCsrfToken->handle(Object(Illuminate\\Http\\Request), Object(Closure))
#17 /Applications/XAMPP/xamppfiles/htdocs/final-project-cloud-computing-b-cc-kelompok-8-boboiboy-kuasa-bug-gaib/Nusatarawisata-kaltim/vendor/laravel/framework/src/Illuminate/View/Middleware/ShareErrorsFromSession.php(48): Illuminate\\Pipeline\\Pipeline->Illuminate\\Pipeline\\{closure}(Object(Illuminate\\Http\\Request))
#18 /Applications/XAMPP/xamppfiles/htdocs/final-project-cloud-computing-b-cc-kelompok-8-boboiboy-kuasa-bug-gaib/Nusatarawisata-kaltim/vendor/laravel/framework/src/Illuminate/Pipeline/Pipeline.php(219): Illuminate\\View\\Middleware\\ShareErrorsFromSession->handle(Object(Illuminate\\Http\\Request), Object(Closure))
#19 /Applications/XAMPP/xamppfiles/htdocs/final-project-cloud-computing-b-cc-kelompok-8-boboiboy-kuasa-bug-gaib/Nusatarawisata-kaltim/vendor/laravel/framework/src/Illuminate/Session/Middleware/StartSession.php(120): Illuminate\\Pipeline\\Pipeline->Illuminate\\Pipeline\\{closure}(Object(Illuminate\\Http\\Request))
#20 /Applications/XAMPP/xamppfiles/htdocs/final-project-cloud-computing-b-cc-kelompok-8-boboiboy-kuasa-bug-gaib/Nusatarawisata-kaltim/vendor/laravel/framework/src/Illuminate/Session/Middleware/StartSession.php(63): Illuminate\\Session\\Middleware\\StartSession->handleStatefulRequest(Object(Illuminate\\Http\\Request), Object(Illuminate\\Session\\Store), Object(Closure))
#21 /Applications/XAMPP/xamppfiles/htdocs/final-project-cloud-computing-b-cc-kelompok-8-boboiboy-kuasa-bug-gaib/Nusatarawisata-kaltim/vendor/laravel/framework/src/Illuminate/Pipeline/Pipeline.php(219): Illuminate\\Session\\Middleware\\StartSession->handle(Object(Illuminate\\Http\\Request), Object(Closure))
#22 /Applications/XAMPP/xamppfiles/htdocs/final-project-cloud-computing-b-cc-kelompok-8-boboiboy-kuasa-bug-gaib/Nusatarawisata-kaltim/vendor/laravel/framework/src/Illuminate/Cookie/Middleware/AddQueuedCookiesToResponse.php(36): Illuminate\\Pipeline\\Pipeline->Illuminate\\Pipeline\\{closure}(Object(Illuminate\\Http\\Request))
#23 /Applications/XAMPP/xamppfiles/htdocs/final-project-cloud-computing-b-cc-kelompok-8-boboiboy-kuasa-bug-gaib/Nusatarawisata-kaltim/vendor/laravel/framework/src/Illuminate/Pipeline/Pipeline.php(219): Illuminate\\Cookie\\Middleware\\AddQueuedCookiesToResponse->handle(Object(Illuminate\\Http\\Request), Object(Closure))
#24 /Applications/XAMPP/xamppfiles/htdocs/final-project-cloud-computing-b-cc-kelompok-8-boboiboy-kuasa-bug-gaib/Nusatarawisata-kaltim/vendor/laravel/framework/src/Illuminate/Cookie/Middleware/EncryptCookies.php(74): Illuminate\\Pipeline\\Pipeline->Illuminate\\Pipeline\\{closure}(Object(Illuminate\\Http\\Request))
#25 /Applications/XAMPP/xamppfiles/htdocs/final-project-cloud-computing-b-cc-kelompok-8-boboiboy-kuasa-bug-gaib/Nusatarawisata-kaltim/vendor/laravel/framework/src/Illuminate/Pipeline/Pipeline.php(219): Illuminate\\Cookie\\Middleware\\EncryptCookies->handle(Object(Illuminate\\Http\\Request), Object(Closure))
#26 /Applications/XAMPP/xamppfiles/htdocs/final-project-cloud-computing-b-cc-kelompok-8-boboiboy-kuasa-bug-gaib/Nusatarawisata-kaltim/vendor/laravel/framework/src/Illuminate/Pipeline/Pipeline.php(137): Illuminate\\Pipeline\\Pipeline->Illuminate\\Pipeline\\{closure}(Object(Illuminate\\Http\\Request))
#27 /Applications/XAMPP/xamppfiles/htdocs/final-project-cloud-computing-b-cc-kelompok-8-boboiboy-kuasa-bug-gaib/Nusatarawisata-kaltim/vendor/laravel/framework/src/Illuminate/Routing/Router.php(821): Illuminate\\Pipeline\\Pipeline->then(Object(Closure))
#28 /Applications/XAMPP/xamppfiles/htdocs/final-project-cloud-computing-b-cc-kelompok-8-boboiboy-kuasa-bug-gaib/Nusatarawisata-kaltim/vendor/laravel/framework/src/Illuminate/Routing/Router.php(800): Illuminate\\Routing\\Router->runRouteWithinStack(Object(Illuminate\\Routing\\Route), Object(Illuminate\\Http\\Request))
#29 /Applications/XAMPP/xamppfiles/htdocs/final-project-cloud-computing-b-cc-kelompok-8-boboiboy-kuasa-bug-gaib/Nusatarawisata-kaltim/vendor/laravel/framework/src/Illuminate/Routing/Router.php(764): Illuminate\\Routing\\Router->runRoute(Object(Illuminate\\Http\\Request), Object(Illuminate\\Routing\\Route))
#30 /Applications/XAMPP/xamppfiles/htdocs/final-project-cloud-computing-b-cc-kelompok-8-boboiboy-kuasa-bug-gaib/Nusatarawisata-kaltim/vendor/laravel/framework/src/Illuminate/Routing/Router.php(753): Illuminate\\Routing\\Router->dispatchToRoute(Object(Illuminate\\Http\\Request))
#31 /Applications/XAMPP/xamppfiles/htdocs/final-project-cloud-computing-b-cc-kelompok-8-boboiboy-kuasa-bug-gaib/Nusatarawisata-kaltim/vendor/laravel/framework/src/Illuminate/Foundation/Http/Kernel.php(200): Illuminate\\Routing\\Router->dispatch(Object(Illuminate\\Http\\Request))
#32 /Applications/XAMPP/xamppfiles/htdocs/final-project-cloud-computing-b-cc-kelompok-8-boboiboy-kuasa-bug-gaib/Nusatarawisata-kaltim/vendor/laravel/framework/src/Illuminate/Pipeline/Pipeline.php(180): Illuminate\\Foundation\\Http\\Kernel->Illuminate\\Foundation\\Http\\{closure}(Object(Illuminate\\Http\\Request))
#33 /Applications/XAMPP/xamppfiles/htdocs/final-project-cloud-computing-b-cc-kelompok-8-boboiboy-kuasa-bug-gaib/Nusatarawisata-kaltim/vendor/laravel/framework/src/Illuminate/Foundation/Http/Middleware/TransformsRequest.php(21): Illuminate\\Pipeline\\Pipeline->Illuminate\\Pipeline\\{closure}(Object(Illuminate\\Http\\Request))
#34 /Applications/XAMPP/xamppfiles/htdocs/final-project-cloud-computing-b-cc-kelompok-8-boboiboy-kuasa-bug-gaib/Nusatarawisata-kaltim/vendor/laravel/framework/src/Illuminate/Foundation/Http/Middleware/ConvertEmptyStringsToNull.php(31): Illuminate\\Foundation\\Http\\Middleware\\TransformsRequest->handle(Object(Illuminate\\Http\\Request), Object(Closure))
#35 /Applications/XAMPP/xamppfiles/htdocs/final-project-cloud-computing-b-cc-kelompok-8-boboiboy-kuasa-bug-gaib/Nusatarawisata-kaltim/vendor/laravel/framework/src/Illuminate/Pipeline/Pipeline.php(219): Illuminate\\Foundation\\Http\\Middleware\\ConvertEmptyStringsToNull->handle(Object(Illuminate\\Http\\Request), Object(Closure))
#36 /Applications/XAMPP/xamppfiles/htdocs/final-project-cloud-computing-b-cc-kelompok-8-boboiboy-kuasa-bug-gaib/Nusatarawisata-kaltim/vendor/laravel/framework/src/Illuminate/Foundation/Http/Middleware/TransformsRequest.php(21): Illuminate\\Pipeline\\Pipeline->Illuminate\\Pipeline\\{closure}(Object(Illuminate\\Http\\Request))
#37 /Applications/XAMPP/xamppfiles/htdocs/final-project-cloud-computing-b-cc-kelompok-8-boboiboy-kuasa-bug-gaib/Nusatarawisata-kaltim/vendor/laravel/framework/src/Illuminate/Foundation/Http/Middleware/TrimStrings.php(51): Illuminate\\Foundation\\Http\\Middleware\\TransformsRequest->handle(Object(Illuminate\\Http\\Request), Object(Closure))
#38 /Applications/XAMPP/xamppfiles/htdocs/final-project-cloud-computing-b-cc-kelompok-8-boboiboy-kuasa-bug-gaib/Nusatarawisata-kaltim/vendor/laravel/framework/src/Illuminate/Pipeline/Pipeline.php(219): Illuminate\\Foundation\\Http\\Middleware\\TrimStrings->handle(Object(Illuminate\\Http\\Request), Object(Closure))
#39 /Applications/XAMPP/xamppfiles/htdocs/final-project-cloud-computing-b-cc-kelompok-8-boboiboy-kuasa-bug-gaib/Nusatarawisata-kaltim/vendor/laravel/framework/src/Illuminate/Http/Middleware/ValidatePostSize.php(27): Illuminate\\Pipeline\\Pipeline->Illuminate\\Pipeline\\{closure}(Object(Illuminate\\Http\\Request))
#40 /Applications/XAMPP/xamppfiles/htdocs/final-project-cloud-computing-b-cc-kelompok-8-boboiboy-kuasa-bug-gaib/Nusatarawisata-kaltim/vendor/laravel/framework/src/Illuminate/Pipeline/Pipeline.php(219): Illuminate\\Http\\Middleware\\ValidatePostSize->handle(Object(Illuminate\\Http\\Request), Object(Closure))
#41 /Applications/XAMPP/xamppfiles/htdocs/final-project-cloud-computing-b-cc-kelompok-8-boboiboy-kuasa-bug-gaib/Nusatarawisata-kaltim/vendor/laravel/framework/src/Illuminate/Foundation/Http/Middleware/PreventRequestsDuringMaintenance.php(109): Illuminate\\Pipeline\\Pipeline->Illuminate\\Pipeline\\{closure}(Object(Illuminate\\Http\\Request))
#42 /Applications/XAMPP/xamppfiles/htdocs/final-project-cloud-computing-b-cc-kelompok-8-boboiboy-kuasa-bug-gaib/Nusatarawisata-kaltim/vendor/laravel/framework/src/Illuminate/Pipeline/Pipeline.php(219): Illuminate\\Foundation\\Http\\Middleware\\PreventRequestsDuringMaintenance->handle(Object(Illuminate\\Http\\Request), Object(Closure))
#43 /Applications/XAMPP/xamppfiles/htdocs/final-project-cloud-computing-b-cc-kelompok-8-boboiboy-kuasa-bug-gaib/Nusatarawisata-kaltim/vendor/laravel/framework/src/Illuminate/Http/Middleware/HandleCors.php(48): Illuminate\\Pipeline\\Pipeline->Illuminate\\Pipeline\\{closure}(Object(Illuminate\\Http\\Request))
#44 /Applications/XAMPP/xamppfiles/htdocs/final-project-cloud-computing-b-cc-kelompok-8-boboiboy-kuasa-bug-gaib/Nusatarawisata-kaltim/vendor/laravel/framework/src/Illuminate/Pipeline/Pipeline.php(219): Illuminate\\Http\\Middleware\\HandleCors->handle(Object(Illuminate\\Http\\Request), Object(Closure))
#45 /Applications/XAMPP/xamppfiles/htdocs/final-project-cloud-computing-b-cc-kelompok-8-boboiboy-kuasa-bug-gaib/Nusatarawisata-kaltim/vendor/laravel/framework/src/Illuminate/Http/Middleware/TrustProxies.php(58): Illuminate\\Pipeline\\Pipeline->Illuminate\\Pipeline\\{closure}(Object(Illuminate\\Http\\Request))
#46 /Applications/XAMPP/xamppfiles/htdocs/final-project-cloud-computing-b-cc-kelompok-8-boboiboy-kuasa-bug-gaib/Nusatarawisata-kaltim/vendor/laravel/framework/src/Illuminate/Pipeline/Pipeline.php(219): Illuminate\\Http\\Middleware\\TrustProxies->handle(Object(Illuminate\\Http\\Request), Object(Closure))
#47 /Applications/XAMPP/xamppfiles/htdocs/final-project-cloud-computing-b-cc-kelompok-8-boboiboy-kuasa-bug-gaib/Nusatarawisata-kaltim/vendor/laravel/framework/src/Illuminate/Foundation/Http/Middleware/InvokeDeferredCallbacks.php(22): Illuminate\\Pipeline\\Pipeline->Illuminate\\Pipeline\\{closure}(Object(Illuminate\\Http\\Request))
#48 /Applications/XAMPP/xamppfiles/htdocs/final-project-cloud-computing-b-cc-kelompok-8-boboiboy-kuasa-bug-gaib/Nusatarawisata-kaltim/vendor/laravel/framework/src/Illuminate/Pipeline/Pipeline.php(219): Illuminate\\Foundation\\Http\\Middleware\\InvokeDeferredCallbacks->handle(Object(Illuminate\\Http\\Request), Object(Closure))
#49 /Applications/XAMPP/xamppfiles/htdocs/final-project-cloud-computing-b-cc-kelompok-8-boboiboy-kuasa-bug-gaib/Nusatarawisata-kaltim/vendor/laravel/framework/src/Illuminate/Http/Middleware/ValidatePathEncoding.php(26): Illuminate\\Pipeline\\Pipeline->Illuminate\\Pipeline\\{closure}(Object(Illuminate\\Http\\Request))
#50 /Applications/XAMPP/xamppfiles/htdocs/final-project-cloud-computing-b-cc-kelompok-8-boboiboy-kuasa-bug-gaib/Nusatarawisata-kaltim/vendor/laravel/framework/src/Illuminate/Pipeline/Pipeline.php(219): Illuminate\\Http\\Middleware\\ValidatePathEncoding->handle(Object(Illuminate\\Http\\Request), Object(Closure))
#51 /Applications/XAMPP/xamppfiles/htdocs/final-project-cloud-computing-b-cc-kelompok-8-boboiboy-kuasa-bug-gaib/Nusatarawisata-kaltim/vendor/laravel/framework/src/Illuminate/Pipeline/Pipeline.php(137): Illuminate\\Pipeline\\Pipeline->Illuminate\\Pipeline\\{closure}(Object(Illuminate\\Http\\Request))
#52 /Applications/XAMPP/xamppfiles/htdocs/final-project-cloud-computing-b-cc-kelompok-8-boboiboy-kuasa-bug-gaib/Nusatarawisata-kaltim/vendor/laravel/framework/src/Illuminate/Foundation/Http/Kernel.php(175): Illuminate\\Pipeline\\Pipeline->then(Object(Closure))
#53 /Applications/XAMPP/xamppfiles/htdocs/final-project-cloud-computing-b-cc-kelompok-8-boboiboy-kuasa-bug-gaib/Nusatarawisata-kaltim/vendor/laravel/framework/src/Illuminate/Foundation/Http/Kernel.php(144): Illuminate\\Foundation\\Http\\Kernel->sendRequestThroughRouter(Object(Illuminate\\Http\\Request))
#54 /Applications/XAMPP/xamppfiles/htdocs/final-project-cloud-computing-b-cc-kelompok-8-boboiboy-kuasa-bug-gaib/Nusatarawisata-kaltim/vendor/laravel/framework/src/Illuminate/Foundation/Application.php(1220): Illuminate\\Foundation\\Http\\Kernel->handle(Object(Illuminate\\Http\\Request))
#55 /Applications/XAMPP/xamppfiles/htdocs/final-project-cloud-computing-b-cc-kelompok-8-boboiboy-kuasa-bug-gaib/Nusatarawisata-kaltim/public/index.php(20): Illuminate\\Foundation\\Application->handleRequest(Object(Illuminate\\Http\\Request))
#56 /Applications/XAMPP/xamppfiles/htdocs/final-project-cloud-computing-b-cc-kelompok-8-boboiboy-kuasa-bug-gaib/Nusatarawisata-kaltim/vendor/laravel/framework/src/Illuminate/Foundation/resources/server.php(23): require_once('/Applications/X...')
#57 {main}

[previous exception] [object] (Illuminate\\Foundation\\ViteManifestNotFoundException(code: 0): Vite manifest not found at: /Applications/XAMPP/xamppfiles/htdocs/final-project-cloud-computing-b-cc-kelompok-8-boboiboy-kuasa-bug-gaib/Nusatarawisata-kaltim/public/build/manifest.json at /Applications/XAMPP/xamppfiles/htdocs/final-project-cloud-computing-b-cc-kelompok-8-boboiboy-kuasa-bug-gaib/Nusatarawisata-kaltim/vendor/laravel/framework/src/Illuminate/Foundation/Vite.php:946)
[stacktrace]
#0 /Applications/XAMPP/xamppfiles/htdocs/final-project-cloud-computing-b-cc-kelompok-8-boboiboy-kuasa-bug-gaib/Nusatarawisata-kaltim/vendor/laravel/framework/src/Illuminate/Foundation/Vite.php(384): Illuminate\\Foundation\\Vite->manifest('build')
#1 /Applications/XAMPP/xamppfiles/htdocs/final-project-cloud-computing-b-cc-kelompok-8-boboiboy-kuasa-bug-gaib/Nusatarawisata-kaltim/storage/framework/views/aa3b355a029da95f8cafe0778543529d.php(51): Illuminate\\Foundation\\Vite->__invoke(Object(Illuminate\\Support\\Collection))
#2 /Applications/XAMPP/xamppfiles/htdocs/final-project-cloud-computing-b-cc-kelompok-8-boboiboy-kuasa-bug-gaib/Nusatarawisata-kaltim/vendor/laravel/framework/src/Illuminate/Filesystem/Filesystem.php(123): require('/Applications/X...')
#3 /Applications/XAMPP/xamppfiles/htdocs/final-project-cloud-computing-b-cc-kelompok-8-boboiboy-kuasa-bug-gaib/Nusatarawisata-kaltim/vendor/laravel/framework/src/Illuminate/Filesystem/Filesystem.php(124): Illuminate\\Filesystem\\Filesystem::Illuminate\\Filesystem\\{closure}()
#4 /Applications/XAMPP/xamppfiles/htdocs/final-project-cloud-computing-b-cc-kelompok-8-boboiboy-kuasa-bug-gaib/Nusatarawisata-kaltim/vendor/laravel/framework/src/Illuminate/View/Engines/PhpEngine.php(57): Illuminate\\Filesystem\\Filesystem->getRequire('/Applications/X...', Array)
#5 /Applications/XAMPP/xamppfiles/htdocs/final-project-cloud-computing-b-cc-kelompok-8-boboiboy-kuasa-bug-gaib/Nusatarawisata-kaltim/vendor/laravel/framework/src/Illuminate/View/Engines/CompilerEngine.php(76): Illuminate\\View\\Engines\\PhpEngine->evaluatePath('/Applications/X...', Array)
#6 /Applications/XAMPP/xamppfiles/htdocs/final-project-cloud-computing-b-cc-kelompok-8-boboiboy-kuasa-bug-gaib/Nusatarawisata-kaltim/vendor/laravel/framework/src/Illuminate/View/View.php(208): Illuminate\\View\\Engines\\CompilerEngine->get('/Applications/X...', Array)
#7 /Applications/XAMPP/xamppfiles/htdocs/final-project-cloud-computing-b-cc-kelompok-8-boboiboy-kuasa-bug-gaib/Nusatarawisata-kaltim/vendor/laravel/framework/src/Illuminate/View/View.php(191): Illuminate\\View\\View->getContents()
#8 /Applications/XAMPP/xamppfiles/htdocs/final-project-cloud-computing-b-cc-kelompok-8-boboiboy-kuasa-bug-gaib/Nusatarawisata-kaltim/vendor/laravel/framework/src/Illuminate/View/View.php(160): Illuminate\\View\\View->renderContents()
#9 /Applications/XAMPP/xamppfiles/htdocs/final-project-cloud-computing-b-cc-kelompok-8-boboiboy-kuasa-bug-gaib/Nusatarawisata-kaltim/vendor/laravel/framework/src/Illuminate/Http/Response.php(78): Illuminate\\View\\View->render()
#10 /Applications/XAMPP/xamppfiles/htdocs/final-project-cloud-computing-b-cc-kelompok-8-boboiboy-kuasa-bug-gaib/Nusatarawisata-kaltim/vendor/laravel/framework/src/Illuminate/Http/Response.php(34): Illuminate\\Http\\Response->setContent(Object(Illuminate\\View\\View))
#11 /Applications/XAMPP/xamppfiles/htdocs/final-project-cloud-computing-b-cc-kelompok-8-boboiboy-kuasa-bug-gaib/Nusatarawisata-kaltim/vendor/laravel/framework/src/Illuminate/Routing/Router.php(939): Illuminate\\Http\\Response->__construct(Object(Illuminate\\View\\View), 200, Array)
#12 /Applications/XAMPP/xamppfiles/htdocs/final-project-cloud-computing-b-cc-kelompok-8-boboiboy-kuasa-bug-gaib/Nusatarawisata-kaltim/vendor/laravel/framework/src/Illuminate/Routing/Router.php(906): Illuminate\\Routing\\Router::toResponse(Object(Illuminate\\Http\\Request), Object(Illuminate\\View\\View))
#13 /Applications/XAMPP/xamppfiles/htdocs/final-project-cloud-computing-b-cc-kelompok-8-boboiboy-kuasa-bug-gaib/Nusatarawisata-kaltim/vendor/laravel/framework/src/Illuminate/Routing/Router.php(821): Illuminate\\Routing\\Router->prepareResponse(Object(Illuminate\\Http\\Request), Object(Illuminate\\View\\View))
#14 /Applications/XAMPP/xamppfiles/htdocs/final-project-cloud-computing-b-cc-kelompok-8-boboiboy-kuasa-bug-gaib/Nusatarawisata-kaltim/vendor/laravel/framework/src/Illuminate/Pipeline/Pipeline.php(180): Illuminate\\Routing\\Router->Illuminate\\Routing\\{closure}(Object(Illuminate\\Http\\Request))
#15 /Applications/XAMPP/xamppfiles/htdocs/final-project-cloud-computing-b-cc-kelompok-8-boboiboy-kuasa-bug-gaib/Nusatarawisata-kaltim/app/Http/Middleware/RedirectIfAuthenticated.php(30): Illuminate\\Pipeline\\Pipeline->Illuminate\\Pipeline\\{closure}(Object(Illuminate\\Http\\Request))
#16 /Applications/XAMPP/xamppfiles/htdocs/final-project-cloud-computing-b-cc-kelompok-8-boboiboy-kuasa-bug-gaib/Nusatarawisata-kaltim/vendor/laravel/framework/src/Illuminate/Pipeline/Pipeline.php(219): App\\Http\\Middleware\\RedirectIfAuthenticated->handle(Object(Illuminate\\Http\\Request), Object(Closure))
#17 /Applications/XAMPP/xamppfiles/htdocs/final-project-cloud-computing-b-cc-kelompok-8-boboiboy-kuasa-bug-gaib/Nusatarawisata-kaltim/vendor/laravel/framework/src/Illuminate/Routing/Middleware/SubstituteBindings.php(50): Illuminate\\Pipeline\\Pipeline->Illuminate\\Pipeline\\{closure}(Object(Illuminate\\Http\\Request))
#18 /Applications/XAMPP/xamppfiles/htdocs/final-project-cloud-computing-b-cc-kelompok-8-boboiboy-kuasa-bug-gaib/Nusatarawisata-kaltim/vendor/laravel/framework/src/Illuminate/Pipeline/Pipeline.php(219): Illuminate\\Routing\\Middleware\\SubstituteBindings->handle(Object(Illuminate\\Http\\Request), Object(Closure))
#19 /Applications/XAMPP/xamppfiles/htdocs/final-project-cloud-computing-b-cc-kelompok-8-boboiboy-kuasa-bug-gaib/Nusatarawisata-kaltim/vendor/laravel/framework/src/Illuminate/Foundation/Http/Middleware/VerifyCsrfToken.php(87): Illuminate\\Pipeline\\Pipeline->Illuminate\\Pipeline\\{closure}(Object(Illuminate\\Http\\Request))
#20 /Applications/XAMPP/xamppfiles/htdocs/final-project-cloud-computing-b-cc-kelompok-8-boboiboy-kuasa-bug-gaib/Nusatarawisata-kaltim/vendor/laravel/framework/src/Illuminate/Pipeline/Pipeline.php(219): Illuminate\\Foundation\\Http\\Middleware\\VerifyCsrfToken->handle(Object(Illuminate\\Http\\Request), Object(Closure))
#21 /Applications/XAMPP/xamppfiles/htdocs/final-project-cloud-computing-b-cc-kelompok-8-boboiboy-kuasa-bug-gaib/Nusatarawisata-kaltim/vendor/laravel/framework/src/Illuminate/View/Middleware/ShareErrorsFromSession.php(48): Illuminate\\Pipeline\\Pipeline->Illuminate\\Pipeline\\{closure}(Object(Illuminate\\Http\\Request))
#22 /Applications/XAMPP/xamppfiles/htdocs/final-project-cloud-computing-b-cc-kelompok-8-boboiboy-kuasa-bug-gaib/Nusatarawisata-kaltim/vendor/laravel/framework/src/Illuminate/Pipeline/Pipeline.php(219): Illuminate\\View\\Middleware\\ShareErrorsFromSession->handle(Object(Illuminate\\Http\\Request), Object(Closure))
#23 /Applications/XAMPP/xamppfiles/htdocs/final-project-cloud-computing-b-cc-kelompok-8-boboiboy-kuasa-bug-gaib/Nusatarawisata-kaltim/vendor/laravel/framework/src/Illuminate/Session/Middleware/StartSession.php(120): Illuminate\\Pipeline\\Pipeline->Illuminate\\Pipeline\\{closure}(Object(Illuminate\\Http\\Request))
#24 /Applications/XAMPP/xamppfiles/htdocs/final-project-cloud-computing-b-cc-kelompok-8-boboiboy-kuasa-bug-gaib/Nusatarawisata-kaltim/vendor/laravel/framework/src/Illuminate/Session/Middleware/StartSession.php(63): Illuminate\\Session\\Middleware\\StartSession->handleStatefulRequest(Object(Illuminate\\Http\\Request), Object(Illuminate\\Session\\Store), Object(Closure))
#25 /Applications/XAMPP/xamppfiles/htdocs/final-project-cloud-computing-b-cc-kelompok-8-boboiboy-kuasa-bug-gaib/Nusatarawisata-kaltim/vendor/laravel/framework/src/Illuminate/Pipeline/Pipeline.php(219): Illuminate\\Session\\Middleware\\StartSession->handle(Object(Illuminate\\Http\\Request), Object(Closure))
#26 /Applications/XAMPP/xamppfiles/htdocs/final-project-cloud-computing-b-cc-kelompok-8-boboiboy-kuasa-bug-gaib/Nusatarawisata-kaltim/vendor/laravel/framework/src/Illuminate/Cookie/Middleware/AddQueuedCookiesToResponse.php(36): Illuminate\\Pipeline\\Pipeline->Illuminate\\Pipeline\\{closure}(Object(Illuminate\\Http\\Request))
#27 /Applications/XAMPP/xamppfiles/htdocs/final-project-cloud-computing-b-cc-kelompok-8-boboiboy-kuasa-bug-gaib/Nusatarawisata-kaltim/vendor/laravel/framework/src/Illuminate/Pipeline/Pipeline.php(219): Illuminate\\Cookie\\Middleware\\AddQueuedCookiesToResponse->handle(Object(Illuminate\\Http\\Request), Object(Closure))
#28 /Applications/XAMPP/xamppfiles/htdocs/final-project-cloud-computing-b-cc-kelompok-8-boboiboy-kuasa-bug-gaib/Nusatarawisata-kaltim/vendor/laravel/framework/src/Illuminate/Cookie/Middleware/EncryptCookies.php(74): Illuminate\\Pipeline\\Pipeline->Illuminate\\Pipeline\\{closure}(Object(Illuminate\\Http\\Request))
#29 /Applications/XAMPP/xamppfiles/htdocs/final-project-cloud-computing-b-cc-kelompok-8-boboiboy-kuasa-bug-gaib/Nusatarawisata-kaltim/vendor/laravel/framework/src/Illuminate/Pipeline/Pipeline.php(219): Illuminate\\Cookie\\Middleware\\EncryptCookies->handle(Object(Illuminate\\Http\\Request), Object(Closure))
#30 /Applications/XAMPP/xamppfiles/htdocs/final-project-cloud-computing-b-cc-kelompok-8-boboiboy-kuasa-bug-gaib/Nusatarawisata-kaltim/vendor/laravel/framework/src/Illuminate/Pipeline/Pipeline.php(137): Illuminate\\Pipeline\\Pipeline->Illuminate\\Pipeline\\{closure}(Object(Illuminate\\Http\\Request))
#31 /Applications/XAMPP/xamppfiles/htdocs/final-project-cloud-computing-b-cc-kelompok-8-boboiboy-kuasa-bug-gaib/Nusatarawisata-kaltim/vendor/laravel/framework/src/Illuminate/Routing/Router.php(821): Illuminate\\Pipeline\\Pipeline->then(Object(Closure))
#32 /Applications/XAMPP/xamppfiles/htdocs/final-project-cloud-computing-b-cc-kelompok-8-boboiboy-kuasa-bug-gaib/Nusatarawisata-kaltim/vendor/laravel/framework/src/Illuminate/Routing/Router.php(800): Illuminate\\Routing\\Router->runRouteWithinStack(Object(Illuminate\\Routing\\Route), Object(Illuminate\\Http\\Request))
#33 /Applications/XAMPP/xamppfiles/htdocs/final-project-cloud-computing-b-cc-kelompok-8-boboiboy-kuasa-bug-gaib/Nusatarawisata-kaltim/vendor/laravel/framework/src/Illuminate/Routing/Router.php(764): Illuminate\\Routing\\Router->runRoute(Object(Illuminate\\Http\\Request), Object(Illuminate\\Routing\\Route))
#34 /Applications/XAMPP/xamppfiles/htdocs/final-project-cloud-computing-b-cc-kelompok-8-boboiboy-kuasa-bug-gaib/Nusatarawisata-kaltim/vendor/laravel/framework/src/Illuminate/Routing/Router.php(753): Illuminate\\Routing\\Router->dispatchToRoute(Object(Illuminate\\Http\\Request))
#35 /Applications/XAMPP/xamppfiles/htdocs/final-project-cloud-computing-b-cc-kelompok-8-boboiboy-kuasa-bug-gaib/Nusatarawisata-kaltim/vendor/laravel/framework/src/Illuminate/Foundation/Http/Kernel.php(200): Illuminate\\Routing\\Router->dispatch(Object(Illuminate\\Http\\Request))
#36 /Applications/XAMPP/xamppfiles/htdocs/final-project-cloud-computing-b-cc-kelompok-8-boboiboy-kuasa-bug-gaib/Nusatarawisata-kaltim/vendor/laravel/framework/src/Illuminate/Pipeline/Pipeline.php(180): Illuminate\\Foundation\\Http\\Kernel->Illuminate\\Foundation\\Http\\{closure}(Object(Illuminate\\Http\\Request))
#37 /Applications/XAMPP/xamppfiles/htdocs/final-project-cloud-computing-b-cc-kelompok-8-boboiboy-kuasa-bug-gaib/Nusatarawisata-kaltim/vendor/laravel/framework/src/Illuminate/Foundation/Http/Middleware/TransformsRequest.php(21): Illuminate\\Pipeline\\Pipeline->Illuminate\\Pipeline\\{closure}(Object(Illuminate\\Http\\Request))
#38 /Applications/XAMPP/xamppfiles/htdocs/final-project-cloud-computing-b-cc-kelompok-8-boboiboy-kuasa-bug-gaib/Nusatarawisata-kaltim/vendor/laravel/framework/src/Illuminate/Foundation/Http/Middleware/ConvertEmptyStringsToNull.php(31): Illuminate\\Foundation\\Http\\Middleware\\TransformsRequest->handle(Object(Illuminate\\Http\\Request), Object(Closure))
#39 /Applications/XAMPP/xamppfiles/htdocs/final-project-cloud-computing-b-cc-kelompok-8-boboiboy-kuasa-bug-gaib/Nusatarawisata-kaltim/vendor/laravel/framework/src/Illuminate/Pipeline/Pipeline.php(219): Illuminate\\Foundation\\Http\\Middleware\\ConvertEmptyStringsToNull->handle(Object(Illuminate\\Http\\Request), Object(Closure))
#40 /Applications/XAMPP/xamppfiles/htdocs/final-project-cloud-computing-b-cc-kelompok-8-boboiboy-kuasa-bug-gaib/Nusatarawisata-kaltim/vendor/laravel/framework/src/Illuminate/Foundation/Http/Middleware/TransformsRequest.php(21): Illuminate\\Pipeline\\Pipeline->Illuminate\\Pipeline\\{closure}(Object(Illuminate\\Http\\Request))
#41 /Applications/XAMPP/xamppfiles/htdocs/final-project-cloud-computing-b-cc-kelompok-8-boboiboy-kuasa-bug-gaib/Nusatarawisata-kaltim/vendor/laravel/framework/src/Illuminate/Foundation/Http/Middleware/TrimStrings.php(51): Illuminate\\Foundation\\Http\\Middleware\\TransformsRequest->handle(Object(Illuminate\\Http\\Request), Object(Closure))
#42 /Applications/XAMPP/xamppfiles/htdocs/final-project-cloud-computing-b-cc-kelompok-8-boboiboy-kuasa-bug-gaib/Nusatarawisata-kaltim/vendor/laravel/framework/src/Illuminate/Pipeline/Pipeline.php(219): Illuminate\\Foundation\\Http\\Middleware\\TrimStrings->handle(Object(Illuminate\\Http\\Request), Object(Closure))
#43 /Applications/XAMPP/xamppfiles/htdocs/final-project-cloud-computing-b-cc-kelompok-8-boboiboy-kuasa-bug-gaib/Nusatarawisata-kaltim/vendor/laravel/framework/src/Illuminate/Http/Middleware/ValidatePostSize.php(27): Illuminate\\Pipeline\\Pipeline->Illuminate\\Pipeline\\{closure}(Object(Illuminate\\Http\\Request))
#44 /Applications/XAMPP/xamppfiles/htdocs/final-project-cloud-computing-b-cc-kelompok-8-boboiboy-kuasa-bug-gaib/Nusatarawisata-kaltim/vendor/laravel/framework/src/Illuminate/Pipeline/Pipeline.php(219): Illuminate\\Http\\Middleware\\ValidatePostSize->handle(Object(Illuminate\\Http\\Request), Object(Closure))
#45 /Applications/XAMPP/xamppfiles/htdocs/final-project-cloud-computing-b-cc-kelompok-8-boboiboy-kuasa-bug-gaib/Nusatarawisata-kaltim/vendor/laravel/framework/src/Illuminate/Foundation/Http/Middleware/PreventRequestsDuringMaintenance.php(109): Illuminate\\Pipeline\\Pipeline->Illuminate\\Pipeline\\{closure}(Object(Illuminate\\Http\\Request))
#46 /Applications/XAMPP/xamppfiles/htdocs/final-project-cloud-computing-b-cc-kelompok-8-boboiboy-kuasa-bug-gaib/Nusatarawisata-kaltim/vendor/laravel/framework/src/Illuminate/Pipeline/Pipeline.php(219): Illuminate\\Foundation\\Http\\Middleware\\PreventRequestsDuringMaintenance->handle(Object(Illuminate\\Http\\Request), Object(Closure))
#47 /Applications/XAMPP/xamppfiles/htdocs/final-project-cloud-computing-b-cc-kelompok-8-boboiboy-kuasa-bug-gaib/Nusatarawisata-kaltim/vendor/laravel/framework/src/Illuminate/Http/Middleware/HandleCors.php(48): Illuminate\\Pipeline\\Pipeline->Illuminate\\Pipeline\\{closure}(Object(Illuminate\\Http\\Request))
#48 /Applications/XAMPP/xamppfiles/htdocs/final-project-cloud-computing-b-cc-kelompok-8-boboiboy-kuasa-bug-gaib/Nusatarawisata-kaltim/vendor/laravel/framework/src/Illuminate/Pipeline/Pipeline.php(219): Illuminate\\Http\\Middleware\\HandleCors->handle(Object(Illuminate\\Http\\Request), Object(Closure))
#49 /Applications/XAMPP/xamppfiles/htdocs/final-project-cloud-computing-b-cc-kelompok-8-boboiboy-kuasa-bug-gaib/Nusatarawisata-kaltim/vendor/laravel/framework/src/Illuminate/Http/Middleware/TrustProxies.php(58): Illuminate\\Pipeline\\Pipeline->Illuminate\\Pipeline\\{closure}(Object(Illuminate\\Http\\Request))
#50 /Applications/XAMPP/xamppfiles/htdocs/final-project-cloud-computing-b-cc-kelompok-8-boboiboy-kuasa-bug-gaib/Nusatarawisata-kaltim/vendor/laravel/framework/src/Illuminate/Pipeline/Pipeline.php(219): Illuminate\\Http\\Middleware\\TrustProxies->handle(Object(Illuminate\\Http\\Request), Object(Closure))
#51 /Applications/XAMPP/xamppfiles/htdocs/final-project-cloud-computing-b-cc-kelompok-8-boboiboy-kuasa-bug-gaib/Nusatarawisata-kaltim/vendor/laravel/framework/src/Illuminate/Foundation/Http/Middleware/InvokeDeferredCallbacks.php(22): Illuminate\\Pipeline\\Pipeline->Illuminate\\Pipeline\\{closure}(Object(Illuminate\\Http\\Request))
#52 /Applications/XAMPP/xamppfiles/htdocs/final-project-cloud-computing-b-cc-kelompok-8-boboiboy-kuasa-bug-gaib/Nusatarawisata-kaltim/vendor/laravel/framework/src/Illuminate/Pipeline/Pipeline.php(219): Illuminate\\Foundation\\Http\\Middleware\\InvokeDeferredCallbacks->handle(Object(Illuminate\\Http\\Request), Object(Closure))
#53 /Applications/XAMPP/xamppfiles/htdocs/final-project-cloud-computing-b-cc-kelompok-8-boboiboy-kuasa-bug-gaib/Nusatarawisata-kaltim/vendor/laravel/framework/src/Illuminate/Http/Middleware/ValidatePathEncoding.php(26): Illuminate\\Pipeline\\Pipeline->Illuminate\\Pipeline\\{closure}(Object(Illuminate\\Http\\Request))
#54 /Applications/XAMPP/xamppfiles/htdocs/final-project-cloud-computing-b-cc-kelompok-8-boboiboy-kuasa-bug-gaib/Nusatarawisata-kaltim/vendor/laravel/framework/src/Illuminate/Pipeline/Pipeline.php(219): Illuminate\\Http\\Middleware\\ValidatePathEncoding->handle(Object(Illuminate\\Http\\Request), Object(Closure))
#55 /Applications/XAMPP/xamppfiles/htdocs/final-project-cloud-computing-b-cc-kelompok-8-boboiboy-kuasa-bug-gaib/Nusatarawisata-kaltim/vendor/laravel/framework/src/Illuminate/Pipeline/Pipeline.php(137): Illuminate\\Pipeline\\Pipeline->Illuminate\\Pipeline\\{closure}(Object(Illuminate\\Http\\Request))
#56 /Applications/XAMPP/xamppfiles/htdocs/final-project-cloud-computing-b-cc-kelompok-8-boboiboy-kuasa-bug-gaib/Nusatarawisata-kaltim/vendor/laravel/framework/src/Illuminate/Foundation/Http/Kernel.php(175): Illuminate\\Pipeline\\Pipeline->then(Object(Closure))
#57 /Applications/XAMPP/xamppfiles/htdocs/final-project-cloud-computing-b-cc-kelompok-8-boboiboy-kuasa-bug-gaib/Nusatarawisata-kaltim/vendor/laravel/framework/src/Illuminate/Foundation/Http/Kernel.php(144): Illuminate\\Foundation\\Http\\Kernel->sendRequestThroughRouter(Object(Illuminate\\Http\\Request))
#58 /Applications/XAMPP/xamppfiles/htdocs/final-project-cloud-computing-b-cc-kelompok-8-boboiboy-kuasa-bug-gaib/Nusatarawisata-kaltim/vendor/laravel/framework/src/Illuminate/Foundation/Application.php(1220): Illuminate\\Foundation\\Http\\Kernel->handle(Object(Illuminate\\Http\\Request))
#59 /Applications/XAMPP/xamppfiles/htdocs/final-project-cloud-computing-b-cc-kelompok-8-boboiboy-kuasa-bug-gaib/Nusatarawisata-kaltim/public/index.php(20): Illuminate\\Foundation\\Application->handleRequest(Object(Illuminate\\Http\\Request))
#60 /Applications/XAMPP/xamppfiles/htdocs/final-project-cloud-computing-b-cc-kelompok-8-boboiboy-kuasa-bug-gaib/Nusatarawisata-kaltim/vendor/laravel/framework/src/Illuminate/Foundation/resources/server.php(23): require_once('/Applications/X...')
#61 {main}
"} 
[2025-10-29 02:07:34] local.ERROR: Vite manifest not found at: /Applications/XAMPP/xamppfiles/htdocs/final-project-cloud-computing-b-cc-kelompok-8-boboiboy-kuasa-bug-gaib/Nusatarawisata-kaltim/public/build/manifest.json (View: /Applications/XAMPP/xamppfiles/htdocs/final-project-cloud-computing-b-cc-kelompok-8-boboiboy-kuasa-bug-gaib/Nusatarawisata-kaltim/resources/views/auth/login.blade.php) {"exception":"[object] (Illuminate\\View\\ViewException(code: 0): Vite manifest not found at: /Applications/XAMPP/xamppfiles/htdocs/final-project-cloud-computing-b-cc-kelompok-8-boboiboy-kuasa-bug-gaib/Nusatarawisata-kaltim/public/build/manifest.json (View: /Applications/XAMPP/xamppfiles/htdocs/final-project-cloud-computing-b-cc-kelompok-8-boboiboy-kuasa-bug-gaib/Nusatarawisata-kaltim/resources/views/auth/login.blade.php) at /Applications/XAMPP/xamppfiles/htdocs/final-project-cloud-computing-b-cc-kelompok-8-boboiboy-kuasa-bug-gaib/Nusatarawisata-kaltim/vendor/laravel/framework/src/Illuminate/Foundation/Vite.php:946)
[stacktrace]
#0 /Applications/XAMPP/xamppfiles/htdocs/final-project-cloud-computing-b-cc-kelompok-8-boboiboy-kuasa-bug-gaib/Nusatarawisata-kaltim/vendor/laravel/framework/src/Illuminate/View/Engines/PhpEngine.php(59): Illuminate\\View\\Engines\\CompilerEngine->handleViewException(Object(Illuminate\\Foundation\\ViteManifestNotFoundException), 1)
#1 /Applications/XAMPP/xamppfiles/htdocs/final-project-cloud-computing-b-cc-kelompok-8-boboiboy-kuasa-bug-gaib/Nusatarawisata-kaltim/vendor/laravel/framework/src/Illuminate/View/Engines/CompilerEngine.php(76): Illuminate\\View\\Engines\\PhpEngine->evaluatePath('/Applications/X...', Array)
#2 /Applications/XAMPP/xamppfiles/htdocs/final-project-cloud-computing-b-cc-kelompok-8-boboiboy-kuasa-bug-gaib/Nusatarawisata-kaltim/vendor/laravel/framework/src/Illuminate/View/View.php(208): Illuminate\\View\\Engines\\CompilerEngine->get('/Applications/X...', Array)
#3 /Applications/XAMPP/xamppfiles/htdocs/final-project-cloud-computing-b-cc-kelompok-8-boboiboy-kuasa-bug-gaib/Nusatarawisata-kaltim/vendor/laravel/framework/src/Illuminate/View/View.php(191): Illuminate\\View\\View->getContents()
#4 /Applications/XAMPP/xamppfiles/htdocs/final-project-cloud-computing-b-cc-kelompok-8-boboiboy-kuasa-bug-gaib/Nusatarawisata-kaltim/vendor/laravel/framework/src/Illuminate/View/View.php(160): Illuminate\\View\\View->renderContents()
#5 /Applications/XAMPP/xamppfiles/htdocs/final-project-cloud-computing-b-cc-kelompok-8-boboiboy-kuasa-bug-gaib/Nusatarawisata-kaltim/vendor/laravel/framework/src/Illuminate/Http/Response.php(78): Illuminate\\View\\View->render()
#6 /Applications/XAMPP/xamppfiles/htdocs/final-project-cloud-computing-b-cc-kelompok-8-boboiboy-kuasa-bug-gaib/Nusatarawisata-kaltim/vendor/laravel/framework/src/Illuminate/Http/Response.php(34): Illuminate\\Http\\Response->setContent(Object(Illuminate\\View\\View))
#7 /Applications/XAMPP/xamppfiles/htdocs/final-project-cloud-computing-b-cc-kelompok-8-boboiboy-kuasa-bug-gaib/Nusatarawisata-kaltim/vendor/laravel/framework/src/Illuminate/Routing/Router.php(939): Illuminate\\Http\\Response->__construct(Object(Illuminate\\View\\View), 200, Array)
#8 /Applications/XAMPP/xamppfiles/htdocs/final-project-cloud-computing-b-cc-kelompok-8-boboiboy-kuasa-bug-gaib/Nusatarawisata-kaltim/vendor/laravel/framework/src/Illuminate/Routing/Router.php(906): Illuminate\\Routing\\Router::toResponse(Object(Illuminate\\Http\\Request), Object(Illuminate\\View\\View))
#9 /Applications/XAMPP/xamppfiles/htdocs/final-project-cloud-computing-b-cc-kelompok-8-boboiboy-kuasa-bug-gaib/Nusatarawisata-kaltim/vendor/laravel/framework/src/Illuminate/Routing/Router.php(821): Illuminate\\Routing\\Router->prepareResponse(Object(Illuminate\\Http\\Request), Object(Illuminate\\View\\View))
#10 /Applications/XAMPP/xamppfiles/htdocs/final-project-cloud-computing-b-cc-kelompok-8-boboiboy-kuasa-bug-gaib/Nusatarawisata-kaltim/vendor/laravel/framework/src/Illuminate/Pipeline/Pipeline.php(180): Illuminate\\Routing\\Router->Illuminate\\Routing\\{closure}(Object(Illuminate\\Http\\Request))
#11 /Applications/XAMPP/xamppfiles/htdocs/final-project-cloud-computing-b-cc-kelompok-8-boboiboy-kuasa-bug-gaib/Nusatarawisata-kaltim/app/Http/Middleware/RedirectIfAuthenticated.php(30): Illuminate\\Pipeline\\Pipeline->Illuminate\\Pipeline\\{closure}(Object(Illuminate\\Http\\Request))
#12 /Applications/XAMPP/xamppfiles/htdocs/final-project-cloud-computing-b-cc-kelompok-8-boboiboy-kuasa-bug-gaib/Nusatarawisata-kaltim/vendor/laravel/framework/src/Illuminate/Pipeline/Pipeline.php(219): App\\Http\\Middleware\\RedirectIfAuthenticated->handle(Object(Illuminate\\Http\\Request), Object(Closure))
#13 /Applications/XAMPP/xamppfiles/htdocs/final-project-cloud-computing-b-cc-kelompok-8-boboiboy-kuasa-bug-gaib/Nusatarawisata-kaltim/vendor/laravel/framework/src/Illuminate/Routing/Middleware/SubstituteBindings.php(50): Illuminate\\Pipeline\\Pipeline->Illuminate\\Pipeline\\{closure}(Object(Illuminate\\Http\\Request))
#14 /Applications/XAMPP/xamppfiles/htdocs/final-project-cloud-computing-b-cc-kelompok-8-boboiboy-kuasa-bug-gaib/Nusatarawisata-kaltim/vendor/laravel/framework/src/Illuminate/Pipeline/Pipeline.php(219): Illuminate\\Routing\\Middleware\\SubstituteBindings->handle(Object(Illuminate\\Http\\Request), Object(Closure))
#15 /Applications/XAMPP/xamppfiles/htdocs/final-project-cloud-computing-b-cc-kelompok-8-boboiboy-kuasa-bug-gaib/Nusatarawisata-kaltim/vendor/laravel/framework/src/Illuminate/Foundation/Http/Middleware/VerifyCsrfToken.php(87): Illuminate\\Pipeline\\Pipeline->Illuminate\\Pipeline\\{closure}(Object(Illuminate\\Http\\Request))
#16 /Applications/XAMPP/xamppfiles/htdocs/final-project-cloud-computing-b-cc-kelompok-8-boboiboy-kuasa-bug-gaib/Nusatarawisata-kaltim/vendor/laravel/framework/src/Illuminate/Pipeline/Pipeline.php(219): Illuminate\\Foundation\\Http\\Middleware\\VerifyCsrfToken->handle(Object(Illuminate\\Http\\Request), Object(Closure))
#17 /Applications/XAMPP/xamppfiles/htdocs/final-project-cloud-computing-b-cc-kelompok-8-boboiboy-kuasa-bug-gaib/Nusatarawisata-kaltim/vendor/laravel/framework/src/Illuminate/View/Middleware/ShareErrorsFromSession.php(48): Illuminate\\Pipeline\\Pipeline->Illuminate\\Pipeline\\{closure}(Object(Illuminate\\Http\\Request))
#18 /Applications/XAMPP/xamppfiles/htdocs/final-project-cloud-computing-b-cc-kelompok-8-boboiboy-kuasa-bug-gaib/Nusatarawisata-kaltim/vendor/laravel/framework/src/Illuminate/Pipeline/Pipeline.php(219): Illuminate\\View\\Middleware\\ShareErrorsFromSession->handle(Object(Illuminate\\Http\\Request), Object(Closure))
#19 /Applications/XAMPP/xamppfiles/htdocs/final-project-cloud-computing-b-cc-kelompok-8-boboiboy-kuasa-bug-gaib/Nusatarawisata-kaltim/vendor/laravel/framework/src/Illuminate/Session/Middleware/StartSession.php(120): Illuminate\\Pipeline\\Pipeline->Illuminate\\Pipeline\\{closure}(Object(Illuminate\\Http\\Request))
#20 /Applications/XAMPP/xamppfiles/htdocs/final-project-cloud-computing-b-cc-kelompok-8-boboiboy-kuasa-bug-gaib/Nusatarawisata-kaltim/vendor/laravel/framework/src/Illuminate/Session/Middleware/StartSession.php(63): Illuminate\\Session\\Middleware\\StartSession->handleStatefulRequest(Object(Illuminate\\Http\\Request), Object(Illuminate\\Session\\Store), Object(Closure))
#21 /Applications/XAMPP/xamppfiles/htdocs/final-project-cloud-computing-b-cc-kelompok-8-boboiboy-kuasa-bug-gaib/Nusatarawisata-kaltim/vendor/laravel/framework/src/Illuminate/Pipeline/Pipeline.php(219): Illuminate\\Session\\Middleware\\StartSession->handle(Object(Illuminate\\Http\\Request), Object(Closure))
#22 /Applications/XAMPP/xamppfiles/htdocs/final-project-cloud-computing-b-cc-kelompok-8-boboiboy-kuasa-bug-gaib/Nusatarawisata-kaltim/vendor/laravel/framework/src/Illuminate/Cookie/Middleware/AddQueuedCookiesToResponse.php(36): Illuminate\\Pipeline\\Pipeline->Illuminate\\Pipeline\\{closure}(Object(Illuminate\\Http\\Request))
#23 /Applications/XAMPP/xamppfiles/htdocs/final-project-cloud-computing-b-cc-kelompok-8-boboiboy-kuasa-bug-gaib/Nusatarawisata-kaltim/vendor/laravel/framework/src/Illuminate/Pipeline/Pipeline.php(219): Illuminate\\Cookie\\Middleware\\AddQueuedCookiesToResponse->handle(Object(Illuminate\\Http\\Request), Object(Closure))
#24 /Applications/XAMPP/xamppfiles/htdocs/final-project-cloud-computing-b-cc-kelompok-8-boboiboy-kuasa-bug-gaib/Nusatarawisata-kaltim/vendor/laravel/framework/src/Illuminate/Cookie/Middleware/EncryptCookies.php(74): Illuminate\\Pipeline\\Pipeline->Illuminate\\Pipeline\\{closure}(Object(Illuminate\\Http\\Request))
#25 /Applications/XAMPP/xamppfiles/htdocs/final-project-cloud-computing-b-cc-kelompok-8-boboiboy-kuasa-bug-gaib/Nusatarawisata-kaltim/vendor/laravel/framework/src/Illuminate/Pipeline/Pipeline.php(219): Illuminate\\Cookie\\Middleware\\EncryptCookies->handle(Object(Illuminate\\Http\\Request), Object(Closure))
#26 /Applications/XAMPP/xamppfiles/htdocs/final-project-cloud-computing-b-cc-kelompok-8-boboiboy-kuasa-bug-gaib/Nusatarawisata-kaltim/vendor/laravel/framework/src/Illuminate/Pipeline/Pipeline.php(137): Illuminate\\Pipeline\\Pipeline->Illuminate\\Pipeline\\{closure}(Object(Illuminate\\Http\\Request))
#27 /Applications/XAMPP/xamppfiles/htdocs/final-project-cloud-computing-b-cc-kelompok-8-boboiboy-kuasa-bug-gaib/Nusatarawisata-kaltim/vendor/laravel/framework/src/Illuminate/Routing/Router.php(821): Illuminate\\Pipeline\\Pipeline->then(Object(Closure))
#28 /Applications/XAMPP/xamppfiles/htdocs/final-project-cloud-computing-b-cc-kelompok-8-boboiboy-kuasa-bug-gaib/Nusatarawisata-kaltim/vendor/laravel/framework/src/Illuminate/Routing/Router.php(800): Illuminate\\Routing\\Router->runRouteWithinStack(Object(Illuminate\\Routing\\Route), Object(Illuminate\\Http\\Request))
#29 /Applications/XAMPP/xamppfiles/htdocs/final-project-cloud-computing-b-cc-kelompok-8-boboiboy-kuasa-bug-gaib/Nusatarawisata-kaltim/vendor/laravel/framework/src/Illuminate/Routing/Router.php(764): Illuminate\\Routing\\Router->runRoute(Object(Illuminate\\Http\\Request), Object(Illuminate\\Routing\\Route))
#30 /Applications/XAMPP/xamppfiles/htdocs/final-project-cloud-computing-b-cc-kelompok-8-boboiboy-kuasa-bug-gaib/Nusatarawisata-kaltim/vendor/laravel/framework/src/Illuminate/Routing/Router.php(753): Illuminate\\Routing\\Router->dispatchToRoute(Object(Illuminate\\Http\\Request))
#31 /Applications/XAMPP/xamppfiles/htdocs/final-project-cloud-computing-b-cc-kelompok-8-boboiboy-kuasa-bug-gaib/Nusatarawisata-kaltim/vendor/laravel/framework/src/Illuminate/Foundation/Http/Kernel.php(200): Illuminate\\Routing\\Router->dispatch(Object(Illuminate\\Http\\Request))
#32 /Applications/XAMPP/xamppfiles/htdocs/final-project-cloud-computing-b-cc-kelompok-8-boboiboy-kuasa-bug-gaib/Nusatarawisata-kaltim/vendor/laravel/framework/src/Illuminate/Pipeline/Pipeline.php(180): Illuminate\\Foundation\\Http\\Kernel->Illuminate\\Foundation\\Http\\{closure}(Object(Illuminate\\Http\\Request))
#33 /Applications/XAMPP/xamppfiles/htdocs/final-project-cloud-computing-b-cc-kelompok-8-boboiboy-kuasa-bug-gaib/Nusatarawisata-kaltim/vendor/laravel/framework/src/Illuminate/Foundation/Http/Middleware/TransformsRequest.php(21): Illuminate\\Pipeline\\Pipeline->Illuminate\\Pipeline\\{closure}(Object(Illuminate\\Http\\Request))
#34 /Applications/XAMPP/xamppfiles/htdocs/final-project-cloud-computing-b-cc-kelompok-8-boboiboy-kuasa-bug-gaib/Nusatarawisata-kaltim/vendor/laravel/framework/src/Illuminate/Foundation/Http/Middleware/ConvertEmptyStringsToNull.php(31): Illuminate\\Foundation\\Http\\Middleware\\TransformsRequest->handle(Object(Illuminate\\Http\\Request), Object(Closure))
#35 /Applications/XAMPP/xamppfiles/htdocs/final-project-cloud-computing-b-cc-kelompok-8-boboiboy-kuasa-bug-gaib/Nusatarawisata-kaltim/vendor/laravel/framework/src/Illuminate/Pipeline/Pipeline.php(219): Illuminate\\Foundation\\Http\\Middleware\\ConvertEmptyStringsToNull->handle(Object(Illuminate\\Http\\Request), Object(Closure))
#36 /Applications/XAMPP/xamppfiles/htdocs/final-project-cloud-computing-b-cc-kelompok-8-boboiboy-kuasa-bug-gaib/Nusatarawisata-kaltim/vendor/laravel/framework/src/Illuminate/Foundation/Http/Middleware/TransformsRequest.php(21): Illuminate\\Pipeline\\Pipeline->Illuminate\\Pipeline\\{closure}(Object(Illuminate\\Http\\Request))
#37 /Applications/XAMPP/xamppfiles/htdocs/final-project-cloud-computing-b-cc-kelompok-8-boboiboy-kuasa-bug-gaib/Nusatarawisata-kaltim/vendor/laravel/framework/src/Illuminate/Foundation/Http/Middleware/TrimStrings.php(51): Illuminate\\Foundation\\Http\\Middleware\\TransformsRequest->handle(Object(Illuminate\\Http\\Request), Object(Closure))
#38 /Applications/XAMPP/xamppfiles/htdocs/final-project-cloud-computing-b-cc-kelompok-8-boboiboy-kuasa-bug-gaib/Nusatarawisata-kaltim/vendor/laravel/framework/src/Illuminate/Pipeline/Pipeline.php(219): Illuminate\\Foundation\\Http\\Middleware\\TrimStrings->handle(Object(Illuminate\\Http\\Request), Object(Closure))
#39 /Applications/XAMPP/xamppfiles/htdocs/final-project-cloud-computing-b-cc-kelompok-8-boboiboy-kuasa-bug-gaib/Nusatarawisata-kaltim/vendor/laravel/framework/src/Illuminate/Http/Middleware/ValidatePostSize.php(27): Illuminate\\Pipeline\\Pipeline->Illuminate\\Pipeline\\{closure}(Object(Illuminate\\Http\\Request))
#40 /Applications/XAMPP/xamppfiles/htdocs/final-project-cloud-computing-b-cc-kelompok-8-boboiboy-kuasa-bug-gaib/Nusatarawisata-kaltim/vendor/laravel/framework/src/Illuminate/Pipeline/Pipeline.php(219): Illuminate\\Http\\Middleware\\ValidatePostSize->handle(Object(Illuminate\\Http\\Request), Object(Closure))
#41 /Applications/XAMPP/xamppfiles/htdocs/final-project-cloud-computing-b-cc-kelompok-8-boboiboy-kuasa-bug-gaib/Nusatarawisata-kaltim/vendor/laravel/framework/src/Illuminate/Foundation/Http/Middleware/PreventRequestsDuringMaintenance.php(109): Illuminate\\Pipeline\\Pipeline->Illuminate\\Pipeline\\{closure}(Object(Illuminate\\Http\\Request))
#42 /Applications/XAMPP/xamppfiles/htdocs/final-project-cloud-computing-b-cc-kelompok-8-boboiboy-kuasa-bug-gaib/Nusatarawisata-kaltim/vendor/laravel/framework/src/Illuminate/Pipeline/Pipeline.php(219): Illuminate\\Foundation\\Http\\Middleware\\PreventRequestsDuringMaintenance->handle(Object(Illuminate\\Http\\Request), Object(Closure))
#43 /Applications/XAMPP/xamppfiles/htdocs/final-project-cloud-computing-b-cc-kelompok-8-boboiboy-kuasa-bug-gaib/Nusatarawisata-kaltim/vendor/laravel/framework/src/Illuminate/Http/Middleware/HandleCors.php(48): Illuminate\\Pipeline\\Pipeline->Illuminate\\Pipeline\\{closure}(Object(Illuminate\\Http\\Request))
#44 /Applications/XAMPP/xamppfiles/htdocs/final-project-cloud-computing-b-cc-kelompok-8-boboiboy-kuasa-bug-gaib/Nusatarawisata-kaltim/vendor/laravel/framework/src/Illuminate/Pipeline/Pipeline.php(219): Illuminate\\Http\\Middleware\\HandleCors->handle(Object(Illuminate\\Http\\Request), Object(Closure))
#45 /Applications/XAMPP/xamppfiles/htdocs/final-project-cloud-computing-b-cc-kelompok-8-boboiboy-kuasa-bug-gaib/Nusatarawisata-kaltim/vendor/laravel/framework/src/Illuminate/Http/Middleware/TrustProxies.php(58): Illuminate\\Pipeline\\Pipeline->Illuminate\\Pipeline\\{closure}(Object(Illuminate\\Http\\Request))
#46 /Applications/XAMPP/xamppfiles/htdocs/final-project-cloud-computing-b-cc-kelompok-8-boboiboy-kuasa-bug-gaib/Nusatarawisata-kaltim/vendor/laravel/framework/src/Illuminate/Pipeline/Pipeline.php(219): Illuminate\\Http\\Middleware\\TrustProxies->handle(Object(Illuminate\\Http\\Request), Object(Closure))
#47 /Applications/XAMPP/xamppfiles/htdocs/final-project-cloud-computing-b-cc-kelompok-8-boboiboy-kuasa-bug-gaib/Nusatarawisata-kaltim/vendor/laravel/framework/src/Illuminate/Foundation/Http/Middleware/InvokeDeferredCallbacks.php(22): Illuminate\\Pipeline\\Pipeline->Illuminate\\Pipeline\\{closure}(Object(Illuminate\\Http\\Request))
#48 /Applications/XAMPP/xamppfiles/htdocs/final-project-cloud-computing-b-cc-kelompok-8-boboiboy-kuasa-bug-gaib/Nusatarawisata-kaltim/vendor/laravel/framework/src/Illuminate/Pipeline/Pipeline.php(219): Illuminate\\Foundation\\Http\\Middleware\\InvokeDeferredCallbacks->handle(Object(Illuminate\\Http\\Request), Object(Closure))
#49 /Applications/XAMPP/xamppfiles/htdocs/final-project-cloud-computing-b-cc-kelompok-8-boboiboy-kuasa-bug-gaib/Nusatarawisata-kaltim/vendor/laravel/framework/src/Illuminate/Http/Middleware/ValidatePathEncoding.php(26): Illuminate\\Pipeline\\Pipeline->Illuminate\\Pipeline\\{closure}(Object(Illuminate\\Http\\Request))
#50 /Applications/XAMPP/xamppfiles/htdocs/final-project-cloud-computing-b-cc-kelompok-8-boboiboy-kuasa-bug-gaib/Nusatarawisata-kaltim/vendor/laravel/framework/src/Illuminate/Pipeline/Pipeline.php(219): Illuminate\\Http\\Middleware\\ValidatePathEncoding->handle(Object(Illuminate\\Http\\Request), Object(Closure))
#51 /Applications/XAMPP/xamppfiles/htdocs/final-project-cloud-computing-b-cc-kelompok-8-boboiboy-kuasa-bug-gaib/Nusatarawisata-kaltim/vendor/laravel/framework/src/Illuminate/Pipeline/Pipeline.php(137): Illuminate\\Pipeline\\Pipeline->Illuminate\\Pipeline\\{closure}(Object(Illuminate\\Http\\Request))
#52 /Applications/XAMPP/xamppfiles/htdocs/final-project-cloud-computing-b-cc-kelompok-8-boboiboy-kuasa-bug-gaib/Nusatarawisata-kaltim/vendor/laravel/framework/src/Illuminate/Foundation/Http/Kernel.php(175): Illuminate\\Pipeline\\Pipeline->then(Object(Closure))
#53 /Applications/XAMPP/xamppfiles/htdocs/final-project-cloud-computing-b-cc-kelompok-8-boboiboy-kuasa-bug-gaib/Nusatarawisata-kaltim/vendor/laravel/framework/src/Illuminate/Foundation/Http/Kernel.php(144): Illuminate\\Foundation\\Http\\Kernel->sendRequestThroughRouter(Object(Illuminate\\Http\\Request))
#54 /Applications/XAMPP/xamppfiles/htdocs/final-project-cloud-computing-b-cc-kelompok-8-boboiboy-kuasa-bug-gaib/Nusatarawisata-kaltim/vendor/laravel/framework/src/Illuminate/Foundation/Application.php(1220): Illuminate\\Foundation\\Http\\Kernel->handle(Object(Illuminate\\Http\\Request))
#55 /Applications/XAMPP/xamppfiles/htdocs/final-project-cloud-computing-b-cc-kelompok-8-boboiboy-kuasa-bug-gaib/Nusatarawisata-kaltim/public/index.php(20): Illuminate\\Foundation\\Application->handleRequest(Object(Illuminate\\Http\\Request))
#56 /Applications/XAMPP/xamppfiles/htdocs/final-project-cloud-computing-b-cc-kelompok-8-boboiboy-kuasa-bug-gaib/Nusatarawisata-kaltim/vendor/laravel/framework/src/Illuminate/Foundation/resources/server.php(23): require_once('/Applications/X...')
#57 {main}

[previous exception] [object] (Illuminate\\Foundation\\ViteManifestNotFoundException(code: 0): Vite manifest not found at: /Applications/XAMPP/xamppfiles/htdocs/final-project-cloud-computing-b-cc-kelompok-8-boboiboy-kuasa-bug-gaib/Nusatarawisata-kaltim/public/build/manifest.json at /Applications/XAMPP/xamppfiles/htdocs/final-project-cloud-computing-b-cc-kelompok-8-boboiboy-kuasa-bug-gaib/Nusatarawisata-kaltim/vendor/laravel/framework/src/Illuminate/Foundation/Vite.php:946)
[stacktrace]
#0 /Applications/XAMPP/xamppfiles/htdocs/final-project-cloud-computing-b-cc-kelompok-8-boboiboy-kuasa-bug-gaib/Nusatarawisata-kaltim/vendor/laravel/framework/src/Illuminate/Foundation/Vite.php(384): Illuminate\\Foundation\\Vite->manifest('build')
#1 /Applications/XAMPP/xamppfiles/htdocs/final-project-cloud-computing-b-cc-kelompok-8-boboiboy-kuasa-bug-gaib/Nusatarawisata-kaltim/storage/framework/views/aa3b355a029da95f8cafe0778543529d.php(51): Illuminate\\Foundation\\Vite->__invoke(Object(Illuminate\\Support\\Collection))
#2 /Applications/XAMPP/xamppfiles/htdocs/final-project-cloud-computing-b-cc-kelompok-8-boboiboy-kuasa-bug-gaib/Nusatarawisata-kaltim/vendor/laravel/framework/src/Illuminate/Filesystem/Filesystem.php(123): require('/Applications/X...')
#3 /Applications/XAMPP/xamppfiles/htdocs/final-project-cloud-computing-b-cc-kelompok-8-boboiboy-kuasa-bug-gaib/Nusatarawisata-kaltim/vendor/laravel/framework/src/Illuminate/Filesystem/Filesystem.php(124): Illuminate\\Filesystem\\Filesystem::Illuminate\\Filesystem\\{closure}()
#4 /Applications/XAMPP/xamppfiles/htdocs/final-project-cloud-computing-b-cc-kelompok-8-boboiboy-kuasa-bug-gaib/Nusatarawisata-kaltim/vendor/laravel/framework/src/Illuminate/View/Engines/PhpEngine.php(57): Illuminate\\Filesystem\\Filesystem->getRequire('/Applications/X...', Array)
#5 /Applications/XAMPP/xamppfiles/htdocs/final-project-cloud-computing-b-cc-kelompok-8-boboiboy-kuasa-bug-gaib/Nusatarawisata-kaltim/vendor/laravel/framework/src/Illuminate/View/Engines/CompilerEngine.php(76): Illuminate\\View\\Engines\\PhpEngine->evaluatePath('/Applications/X...', Array)
#6 /Applications/XAMPP/xamppfiles/htdocs/final-project-cloud-computing-b-cc-kelompok-8-boboiboy-kuasa-bug-gaib/Nusatarawisata-kaltim/vendor/laravel/framework/src/Illuminate/View/View.php(208): Illuminate\\View\\Engines\\CompilerEngine->get('/Applications/X...', Array)
#7 /Applications/XAMPP/xamppfiles/htdocs/final-project-cloud-computing-b-cc-kelompok-8-boboiboy-kuasa-bug-gaib/Nusatarawisata-kaltim/vendor/laravel/framework/src/Illuminate/View/View.php(191): Illuminate\\View\\View->getContents()
#8 /Applications/XAMPP/xamppfiles/htdocs/final-project-cloud-computing-b-cc-kelompok-8-boboiboy-kuasa-bug-gaib/Nusatarawisata-kaltim/vendor/laravel/framework/src/Illuminate/View/View.php(160): Illuminate\\View\\View->renderContents()
#9 /Applications/XAMPP/xamppfiles/htdocs/final-project-cloud-computing-b-cc-kelompok-8-boboiboy-kuasa-bug-gaib/Nusatarawisata-kaltim/vendor/laravel/framework/src/Illuminate/Http/Response.php(78): Illuminate\\View\\View->render()
#10 /Applications/XAMPP/xamppfiles/htdocs/final-project-cloud-computing-b-cc-kelompok-8-boboiboy-kuasa-bug-gaib/Nusatarawisata-kaltim/vendor/laravel/framework/src/Illuminate/Http/Response.php(34): Illuminate\\Http\\Response->setContent(Object(Illuminate\\View\\View))
#11 /Applications/XAMPP/xamppfiles/htdocs/final-project-cloud-computing-b-cc-kelompok-8-boboiboy-kuasa-bug-gaib/Nusatarawisata-kaltim/vendor/laravel/framework/src/Illuminate/Routing/Router.php(939): Illuminate\\Http\\Response->__construct(Object(Illuminate\\View\\View), 200, Array)
#12 /Applications/XAMPP/xamppfiles/htdocs/final-project-cloud-computing-b-cc-kelompok-8-boboiboy-kuasa-bug-gaib/Nusatarawisata-kaltim/vendor/laravel/framework/src/Illuminate/Routing/Router.php(906): Illuminate\\Routing\\Router::toResponse(Object(Illuminate\\Http\\Request), Object(Illuminate\\View\\View))
#13 /Applications/XAMPP/xamppfiles/htdocs/final-project-cloud-computing-b-cc-kelompok-8-boboiboy-kuasa-bug-gaib/Nusatarawisata-kaltim/vendor/laravel/framework/src/Illuminate/Routing/Router.php(821): Illuminate\\Routing\\Router->prepareResponse(Object(Illuminate\\Http\\Request), Object(Illuminate\\View\\View))
#14 /Applications/XAMPP/xamppfiles/htdocs/final-project-cloud-computing-b-cc-kelompok-8-boboiboy-kuasa-bug-gaib/Nusatarawisata-kaltim/vendor/laravel/framework/src/Illuminate/Pipeline/Pipeline.php(180): Illuminate\\Routing\\Router->Illuminate\\Routing\\{closure}(Object(Illuminate\\Http\\Request))
#15 /Applications/XAMPP/xamppfiles/htdocs/final-project-cloud-computing-b-cc-kelompok-8-boboiboy-kuasa-bug-gaib/Nusatarawisata-kaltim/app/Http/Middleware/RedirectIfAuthenticated.php(30): Illuminate\\Pipeline\\Pipeline->Illuminate\\Pipeline\\{closure}(Object(Illuminate\\Http\\Request))
#16 /Applications/XAMPP/xamppfiles/htdocs/final-project-cloud-computing-b-cc-kelompok-8-boboiboy-kuasa-bug-gaib/Nusatarawisata-kaltim/vendor/laravel/framework/src/Illuminate/Pipeline/Pipeline.php(219): App\\Http\\Middleware\\RedirectIfAuthenticated->handle(Object(Illuminate\\Http\\Request), Object(Closure))
#17 /Applications/XAMPP/xamppfiles/htdocs/final-project-cloud-computing-b-cc-kelompok-8-boboiboy-kuasa-bug-gaib/Nusatarawisata-kaltim/vendor/laravel/framework/src/Illuminate/Routing/Middleware/SubstituteBindings.php(50): Illuminate\\Pipeline\\Pipeline->Illuminate\\Pipeline\\{closure}(Object(Illuminate\\Http\\Request))
#18 /Applications/XAMPP/xamppfiles/htdocs/final-project-cloud-computing-b-cc-kelompok-8-boboiboy-kuasa-bug-gaib/Nusatarawisata-kaltim/vendor/laravel/framework/src/Illuminate/Pipeline/Pipeline.php(219): Illuminate\\Routing\\Middleware\\SubstituteBindings->handle(Object(Illuminate\\Http\\Request), Object(Closure))
#19 /Applications/XAMPP/xamppfiles/htdocs/final-project-cloud-computing-b-cc-kelompok-8-boboiboy-kuasa-bug-gaib/Nusatarawisata-kaltim/vendor/laravel/framework/src/Illuminate/Foundation/Http/Middleware/VerifyCsrfToken.php(87): Illuminate\\Pipeline\\Pipeline->Illuminate\\Pipeline\\{closure}(Object(Illuminate\\Http\\Request))
#20 /Applications/XAMPP/xamppfiles/htdocs/final-project-cloud-computing-b-cc-kelompok-8-boboiboy-kuasa-bug-gaib/Nusatarawisata-kaltim/vendor/laravel/framework/src/Illuminate/Pipeline/Pipeline.php(219): Illuminate\\Foundation\\Http\\Middleware\\VerifyCsrfToken->handle(Object(Illuminate\\Http\\Request), Object(Closure))
#21 /Applications/XAMPP/xamppfiles/htdocs/final-project-cloud-computing-b-cc-kelompok-8-boboiboy-kuasa-bug-gaib/Nusatarawisata-kaltim/vendor/laravel/framework/src/Illuminate/View/Middleware/ShareErrorsFromSession.php(48): Illuminate\\Pipeline\\Pipeline->Illuminate\\Pipeline\\{closure}(Object(Illuminate\\Http\\Request))
#22 /Applications/XAMPP/xamppfiles/htdocs/final-project-cloud-computing-b-cc-kelompok-8-boboiboy-kuasa-bug-gaib/Nusatarawisata-kaltim/vendor/laravel/framework/src/Illuminate/Pipeline/Pipeline.php(219): Illuminate\\View\\Middleware\\ShareErrorsFromSession->handle(Object(Illuminate\\Http\\Request), Object(Closure))
#23 /Applications/XAMPP/xamppfiles/htdocs/final-project-cloud-computing-b-cc-kelompok-8-boboiboy-kuasa-bug-gaib/Nusatarawisata-kaltim/vendor/laravel/framework/src/Illuminate/Session/Middleware/StartSession.php(120): Illuminate\\Pipeline\\Pipeline->Illuminate\\Pipeline\\{closure}(Object(Illuminate\\Http\\Request))
#24 /Applications/XAMPP/xamppfiles/htdocs/final-project-cloud-computing-b-cc-kelompok-8-boboiboy-kuasa-bug-gaib/Nusatarawisata-kaltim/vendor/laravel/framework/src/Illuminate/Session/Middleware/StartSession.php(63): Illuminate\\Session\\Middleware\\StartSession->handleStatefulRequest(Object(Illuminate\\Http\\Request), Object(Illuminate\\Session\\Store), Object(Closure))
#25 /Applications/XAMPP/xamppfiles/htdocs/final-project-cloud-computing-b-cc-kelompok-8-boboiboy-kuasa-bug-gaib/Nusatarawisata-kaltim/vendor/laravel/framework/src/Illuminate/Pipeline/Pipeline.php(219): Illuminate\\Session\\Middleware\\StartSession->handle(Object(Illuminate\\Http\\Request), Object(Closure))
#26 /Applications/XAMPP/xamppfiles/htdocs/final-project-cloud-computing-b-cc-kelompok-8-boboiboy-kuasa-bug-gaib/Nusatarawisata-kaltim/vendor/laravel/framework/src/Illuminate/Cookie/Middleware/AddQueuedCookiesToResponse.php(36): Illuminate\\Pipeline\\Pipeline->Illuminate\\Pipeline\\{closure}(Object(Illuminate\\Http\\Request))
#27 /Applications/XAMPP/xamppfiles/htdocs/final-project-cloud-computing-b-cc-kelompok-8-boboiboy-kuasa-bug-gaib/Nusatarawisata-kaltim/vendor/laravel/framework/src/Illuminate/Pipeline/Pipeline.php(219): Illuminate\\Cookie\\Middleware\\AddQueuedCookiesToResponse->handle(Object(Illuminate\\Http\\Request), Object(Closure))
#28 /Applications/XAMPP/xamppfiles/htdocs/final-project-cloud-computing-b-cc-kelompok-8-boboiboy-kuasa-bug-gaib/Nusatarawisata-kaltim/vendor/laravel/framework/src/Illuminate/Cookie/Middleware/EncryptCookies.php(74): Illuminate\\Pipeline\\Pipeline->Illuminate\\Pipeline\\{closure}(Object(Illuminate\\Http\\Request))
#29 /Applications/XAMPP/xamppfiles/htdocs/final-project-cloud-computing-b-cc-kelompok-8-boboiboy-kuasa-bug-gaib/Nusatarawisata-kaltim/vendor/laravel/framework/src/Illuminate/Pipeline/Pipeline.php(219): Illuminate\\Cookie\\Middleware\\EncryptCookies->handle(Object(Illuminate\\Http\\Request), Object(Closure))
#30 /Applications/XAMPP/xamppfiles/htdocs/final-project-cloud-computing-b-cc-kelompok-8-boboiboy-kuasa-bug-gaib/Nusatarawisata-kaltim/vendor/laravel/framework/src/Illuminate/Pipeline/Pipeline.php(137): Illuminate\\Pipeline\\Pipeline->Illuminate\\Pipeline\\{closure}(Object(Illuminate\\Http\\Request))
#31 /Applications/XAMPP/xamppfiles/htdocs/final-project-cloud-computing-b-cc-kelompok-8-boboiboy-kuasa-bug-gaib/Nusatarawisata-kaltim/vendor/laravel/framework/src/Illuminate/Routing/Router.php(821): Illuminate\\Pipeline\\Pipeline->then(Object(Closure))
#32 /Applications/XAMPP/xamppfiles/htdocs/final-project-cloud-computing-b-cc-kelompok-8-boboiboy-kuasa-bug-gaib/Nusatarawisata-kaltim/vendor/laravel/framework/src/Illuminate/Routing/Router.php(800): Illuminate\\Routing\\Router->runRouteWithinStack(Object(Illuminate\\Routing\\Route), Object(Illuminate\\Http\\Request))
#33 /Applications/XAMPP/xamppfiles/htdocs/final-project-cloud-computing-b-cc-kelompok-8-boboiboy-kuasa-bug-gaib/Nusatarawisata-kaltim/vendor/laravel/framework/src/Illuminate/Routing/Router.php(764): Illuminate\\Routing\\Router->runRoute(Object(Illuminate\\Http\\Request), Object(Illuminate\\Routing\\Route))
#34 /Applications/XAMPP/xamppfiles/htdocs/final-project-cloud-computing-b-cc-kelompok-8-boboiboy-kuasa-bug-gaib/Nusatarawisata-kaltim/vendor/laravel/framework/src/Illuminate/Routing/Router.php(753): Illuminate\\Routing\\Router->dispatchToRoute(Object(Illuminate\\Http\\Request))
#35 /Applications/XAMPP/xamppfiles/htdocs/final-project-cloud-computing-b-cc-kelompok-8-boboiboy-kuasa-bug-gaib/Nusatarawisata-kaltim/vendor/laravel/framework/src/Illuminate/Foundation/Http/Kernel.php(200): Illuminate\\Routing\\Router->dispatch(Object(Illuminate\\Http\\Request))
#36 /Applications/XAMPP/xamppfiles/htdocs/final-project-cloud-computing-b-cc-kelompok-8-boboiboy-kuasa-bug-gaib/Nusatarawisata-kaltim/vendor/laravel/framework/src/Illuminate/Pipeline/Pipeline.php(180): Illuminate\\Foundation\\Http\\Kernel->Illuminate\\Foundation\\Http\\{closure}(Object(Illuminate\\Http\\Request))
#37 /Applications/XAMPP/xamppfiles/htdocs/final-project-cloud-computing-b-cc-kelompok-8-boboiboy-kuasa-bug-gaib/Nusatarawisata-kaltim/vendor/laravel/framework/src/Illuminate/Foundation/Http/Middleware/TransformsRequest.php(21): Illuminate\\Pipeline\\Pipeline->Illuminate\\Pipeline\\{closure}(Object(Illuminate\\Http\\Request))
#38 /Applications/XAMPP/xamppfiles/htdocs/final-project-cloud-computing-b-cc-kelompok-8-boboiboy-kuasa-bug-gaib/Nusatarawisata-kaltim/vendor/laravel/framework/src/Illuminate/Foundation/Http/Middleware/ConvertEmptyStringsToNull.php(31): Illuminate\\Foundation\\Http\\Middleware\\TransformsRequest->handle(Object(Illuminate\\Http\\Request), Object(Closure))
#39 /Applications/XAMPP/xamppfiles/htdocs/final-project-cloud-computing-b-cc-kelompok-8-boboiboy-kuasa-bug-gaib/Nusatarawisata-kaltim/vendor/laravel/framework/src/Illuminate/Pipeline/Pipeline.php(219): Illuminate\\Foundation\\Http\\Middleware\\ConvertEmptyStringsToNull->handle(Object(Illuminate\\Http\\Request), Object(Closure))
#40 /Applications/XAMPP/xamppfiles/htdocs/final-project-cloud-computing-b-cc-kelompok-8-boboiboy-kuasa-bug-gaib/Nusatarawisata-kaltim/vendor/laravel/framework/src/Illuminate/Foundation/Http/Middleware/TransformsRequest.php(21): Illuminate\\Pipeline\\Pipeline->Illuminate\\Pipeline\\{closure}(Object(Illuminate\\Http\\Request))
#41 /Applications/XAMPP/xamppfiles/htdocs/final-project-cloud-computing-b-cc-kelompok-8-boboiboy-kuasa-bug-gaib/Nusatarawisata-kaltim/vendor/laravel/framework/src/Illuminate/Foundation/Http/Middleware/TrimStrings.php(51): Illuminate\\Foundation\\Http\\Middleware\\TransformsRequest->handle(Object(Illuminate\\Http\\Request), Object(Closure))
#42 /Applications/XAMPP/xamppfiles/htdocs/final-project-cloud-computing-b-cc-kelompok-8-boboiboy-kuasa-bug-gaib/Nusatarawisata-kaltim/vendor/laravel/framework/src/Illuminate/Pipeline/Pipeline.php(219): Illuminate\\Foundation\\Http\\Middleware\\TrimStrings->handle(Object(Illuminate\\Http\\Request), Object(Closure))
#43 /Applications/XAMPP/xamppfiles/htdocs/final-project-cloud-computing-b-cc-kelompok-8-boboiboy-kuasa-bug-gaib/Nusatarawisata-kaltim/vendor/laravel/framework/src/Illuminate/Http/Middleware/ValidatePostSize.php(27): Illuminate\\Pipeline\\Pipeline->Illuminate\\Pipeline\\{closure}(Object(Illuminate\\Http\\Request))
#44 /Applications/XAMPP/xamppfiles/htdocs/final-project-cloud-computing-b-cc-kelompok-8-boboiboy-kuasa-bug-gaib/Nusatarawisata-kaltim/vendor/laravel/framework/src/Illuminate/Pipeline/Pipeline.php(219): Illuminate\\Http\\Middleware\\ValidatePostSize->handle(Object(Illuminate\\Http\\Request), Object(Closure))
#45 /Applications/XAMPP/xamppfiles/htdocs/final-project-cloud-computing-b-cc-kelompok-8-boboiboy-kuasa-bug-gaib/Nusatarawisata-kaltim/vendor/laravel/framework/src/Illuminate/Foundation/Http/Middleware/PreventRequestsDuringMaintenance.php(109): Illuminate\\Pipeline\\Pipeline->Illuminate\\Pipeline\\{closure}(Object(Illuminate\\Http\\Request))
#46 /Applications/XAMPP/xamppfiles/htdocs/final-project-cloud-computing-b-cc-kelompok-8-boboiboy-kuasa-bug-gaib/Nusatarawisata-kaltim/vendor/laravel/framework/src/Illuminate/Pipeline/Pipeline.php(219): Illuminate\\Foundation\\Http\\Middleware\\PreventRequestsDuringMaintenance->handle(Object(Illuminate\\Http\\Request), Object(Closure))
#47 /Applications/XAMPP/xamppfiles/htdocs/final-project-cloud-computing-b-cc-kelompok-8-boboiboy-kuasa-bug-gaib/Nusatarawisata-kaltim/vendor/laravel/framework/src/Illuminate/Http/Middleware/HandleCors.php(48): Illuminate\\Pipeline\\Pipeline->Illuminate\\Pipeline\\{closure}(Object(Illuminate\\Http\\Request))
#48 /Applications/XAMPP/xamppfiles/htdocs/final-project-cloud-computing-b-cc-kelompok-8-boboiboy-kuasa-bug-gaib/Nusatarawisata-kaltim/vendor/laravel/framework/src/Illuminate/Pipeline/Pipeline.php(219): Illuminate\\Http\\Middleware\\HandleCors->handle(Object(Illuminate\\Http\\Request), Object(Closure))
#49 /Applications/XAMPP/xamppfiles/htdocs/final-project-cloud-computing-b-cc-kelompok-8-boboiboy-kuasa-bug-gaib/Nusatarawisata-kaltim/vendor/laravel/framework/src/Illuminate/Http/Middleware/TrustProxies.php(58): Illuminate\\Pipeline\\Pipeline->Illuminate\\Pipeline\\{closure}(Object(Illuminate\\Http\\Request))
#50 /Applications/XAMPP/xamppfiles/htdocs/final-project-cloud-computing-b-cc-kelompok-8-boboiboy-kuasa-bug-gaib/Nusatarawisata-kaltim/vendor/laravel/framework/src/Illuminate/Pipeline/Pipeline.php(219): Illuminate\\Http\\Middleware\\TrustProxies->handle(Object(Illuminate\\Http\\Request), Object(Closure))
#51 /Applications/XAMPP/xamppfiles/htdocs/final-project-cloud-computing-b-cc-kelompok-8-boboiboy-kuasa-bug-gaib/Nusatarawisata-kaltim/vendor/laravel/framework/src/Illuminate/Foundation/Http/Middleware/InvokeDeferredCallbacks.php(22): Illuminate\\Pipeline\\Pipeline->Illuminate\\Pipeline\\{closure}(Object(Illuminate\\Http\\Request))
#52 /Applications/XAMPP/xamppfiles/htdocs/final-project-cloud-computing-b-cc-kelompok-8-boboiboy-kuasa-bug-gaib/Nusatarawisata-kaltim/vendor/laravel/framework/src/Illuminate/Pipeline/Pipeline.php(219): Illuminate\\Foundation\\Http\\Middleware\\InvokeDeferredCallbacks->handle(Object(Illuminate\\Http\\Request), Object(Closure))
#53 /Applications/XAMPP/xamppfiles/htdocs/final-project-cloud-computing-b-cc-kelompok-8-boboiboy-kuasa-bug-gaib/Nusatarawisata-kaltim/vendor/laravel/framework/src/Illuminate/Http/Middleware/ValidatePathEncoding.php(26): Illuminate\\Pipeline\\Pipeline->Illuminate\\Pipeline\\{closure}(Object(Illuminate\\Http\\Request))
#54 /Applications/XAMPP/xamppfiles/htdocs/final-project-cloud-computing-b-cc-kelompok-8-boboiboy-kuasa-bug-gaib/Nusatarawisata-kaltim/vendor/laravel/framework/src/Illuminate/Pipeline/Pipeline.php(219): Illuminate\\Http\\Middleware\\ValidatePathEncoding->handle(Object(Illuminate\\Http\\Request), Object(Closure))
#55 /Applications/XAMPP/xamppfiles/htdocs/final-project-cloud-computing-b-cc-kelompok-8-boboiboy-kuasa-bug-gaib/Nusatarawisata-kaltim/vendor/laravel/framework/src/Illuminate/Pipeline/Pipeline.php(137): Illuminate\\Pipeline\\Pipeline->Illuminate\\Pipeline\\{closure}(Object(Illuminate\\Http\\Request))
#56 /Applications/XAMPP/xamppfiles/htdocs/final-project-cloud-computing-b-cc-kelompok-8-boboiboy-kuasa-bug-gaib/Nusatarawisata-kaltim/vendor/laravel/framework/src/Illuminate/Foundation/Http/Kernel.php(175): Illuminate\\Pipeline\\Pipeline->then(Object(Closure))
#57 /Applications/XAMPP/xamppfiles/htdocs/final-project-cloud-computing-b-cc-kelompok-8-boboiboy-kuasa-bug-gaib/Nusatarawisata-kaltim/vendor/laravel/framework/src/Illuminate/Foundation/Http/Kernel.php(144): Illuminate\\Foundation\\Http\\Kernel->sendRequestThroughRouter(Object(Illuminate\\Http\\Request))
#58 /Applications/XAMPP/xamppfiles/htdocs/final-project-cloud-computing-b-cc-kelompok-8-boboiboy-kuasa-bug-gaib/Nusatarawisata-kaltim/vendor/laravel/framework/src/Illuminate/Foundation/Application.php(1220): Illuminate\\Foundation\\Http\\Kernel->handle(Object(Illuminate\\Http\\Request))
#59 /Applications/XAMPP/xamppfiles/htdocs/final-project-cloud-computing-b-cc-kelompok-8-boboiboy-kuasa-bug-gaib/Nusatarawisata-kaltim/public/index.php(20): Illuminate\\Foundation\\Application->handleRequest(Object(Illuminate\\Http\\Request))
#60 /Applications/XAMPP/xamppfiles/htdocs/final-project-cloud-computing-b-cc-kelompok-8-boboiboy-kuasa-bug-gaib/Nusatarawisata-kaltim/vendor/laravel/framework/src/Illuminate/Foundation/resources/server.php(23): require_once('/Applications/X...')
#61 {main}
"} 
[2025-10-29 02:07:38] local.ERROR: Vite manifest not found at: /Applications/XAMPP/xamppfiles/htdocs/final-project-cloud-computing-b-cc-kelompok-8-boboiboy-kuasa-bug-gaib/Nusatarawisata-kaltim/public/build/manifest.json (View: /Applications/XAMPP/xamppfiles/htdocs/final-project-cloud-computing-b-cc-kelompok-8-boboiboy-kuasa-bug-gaib/Nusatarawisata-kaltim/resources/views/auth/login.blade.php) {"exception":"[object] (Illuminate\\View\\ViewException(code: 0): Vite manifest not found at: /Applications/XAMPP/xamppfiles/htdocs/final-project-cloud-computing-b-cc-kelompok-8-boboiboy-kuasa-bug-gaib/Nusatarawisata-kaltim/public/build/manifest.json (View: /Applications/XAMPP/xamppfiles/htdocs/final-project-cloud-computing-b-cc-kelompok-8-boboiboy-kuasa-bug-gaib/Nusatarawisata-kaltim/resources/views/auth/login.blade.php) at /Applications/XAMPP/xamppfiles/htdocs/final-project-cloud-computing-b-cc-kelompok-8-boboiboy-kuasa-bug-gaib/Nusatarawisata-kaltim/vendor/laravel/framework/src/Illuminate/Foundation/Vite.php:946)
[stacktrace]
#0 /Applications/XAMPP/xamppfiles/htdocs/final-project-cloud-computing-b-cc-kelompok-8-boboiboy-kuasa-bug-gaib/Nusatarawisata-kaltim/vendor/laravel/framework/src/Illuminate/View/Engines/PhpEngine.php(59): Illuminate\\View\\Engines\\CompilerEngine->handleViewException(Object(Illuminate\\Foundation\\ViteManifestNotFoundException), 1)
#1 /Applications/XAMPP/xamppfiles/htdocs/final-project-cloud-computing-b-cc-kelompok-8-boboiboy-kuasa-bug-gaib/Nusatarawisata-kaltim/vendor/laravel/framework/src/Illuminate/View/Engines/CompilerEngine.php(76): Illuminate\\View\\Engines\\PhpEngine->evaluatePath('/Applications/X...', Array)
#2 /Applications/XAMPP/xamppfiles/htdocs/final-project-cloud-computing-b-cc-kelompok-8-boboiboy-kuasa-bug-gaib/Nusatarawisata-kaltim/vendor/laravel/framework/src/Illuminate/View/View.php(208): Illuminate\\View\\Engines\\CompilerEngine->get('/Applications/X...', Array)
#3 /Applications/XAMPP/xamppfiles/htdocs/final-project-cloud-computing-b-cc-kelompok-8-boboiboy-kuasa-bug-gaib/Nusatarawisata-kaltim/vendor/laravel/framework/src/Illuminate/View/View.php(191): Illuminate\\View\\View->getContents()
#4 /Applications/XAMPP/xamppfiles/htdocs/final-project-cloud-computing-b-cc-kelompok-8-boboiboy-kuasa-bug-gaib/Nusatarawisata-kaltim/vendor/laravel/framework/src/Illuminate/View/View.php(160): Illuminate\\View\\View->renderContents()
#5 /Applications/XAMPP/xamppfiles/htdocs/final-project-cloud-computing-b-cc-kelompok-8-boboiboy-kuasa-bug-gaib/Nusatarawisata-kaltim/vendor/laravel/framework/src/Illuminate/Http/Response.php(78): Illuminate\\View\\View->render()
#6 /Applications/XAMPP/xamppfiles/htdocs/final-project-cloud-computing-b-cc-kelompok-8-boboiboy-kuasa-bug-gaib/Nusatarawisata-kaltim/vendor/laravel/framework/src/Illuminate/Http/Response.php(34): Illuminate\\Http\\Response->setContent(Object(Illuminate\\View\\View))
#7 /Applications/XAMPP/xamppfiles/htdocs/final-project-cloud-computing-b-cc-kelompok-8-boboiboy-kuasa-bug-gaib/Nusatarawisata-kaltim/vendor/laravel/framework/src/Illuminate/Routing/Router.php(939): Illuminate\\Http\\Response->__construct(Object(Illuminate\\View\\View), 200, Array)
#8 /Applications/XAMPP/xamppfiles/htdocs/final-project-cloud-computing-b-cc-kelompok-8-boboiboy-kuasa-bug-gaib/Nusatarawisata-kaltim/vendor/laravel/framework/src/Illuminate/Routing/Router.php(906): Illuminate\\Routing\\Router::toResponse(Object(Illuminate\\Http\\Request), Object(Illuminate\\View\\View))
#9 /Applications/XAMPP/xamppfiles/htdocs/final-project-cloud-computing-b-cc-kelompok-8-boboiboy-kuasa-bug-gaib/Nusatarawisata-kaltim/vendor/laravel/framework/src/Illuminate/Routing/Router.php(821): Illuminate\\Routing\\Router->prepareResponse(Object(Illuminate\\Http\\Request), Object(Illuminate\\View\\View))
#10 /Applications/XAMPP/xamppfiles/htdocs/final-project-cloud-computing-b-cc-kelompok-8-boboiboy-kuasa-bug-gaib/Nusatarawisata-kaltim/vendor/laravel/framework/src/Illuminate/Pipeline/Pipeline.php(180): Illuminate\\Routing\\Router->Illuminate\\Routing\\{closure}(Object(Illuminate\\Http\\Request))
#11 /Applications/XAMPP/xamppfiles/htdocs/final-project-cloud-computing-b-cc-kelompok-8-boboiboy-kuasa-bug-gaib/Nusatarawisata-kaltim/app/Http/Middleware/RedirectIfAuthenticated.php(30): Illuminate\\Pipeline\\Pipeline->Illuminate\\Pipeline\\{closure}(Object(Illuminate\\Http\\Request))
#12 /Applications/XAMPP/xamppfiles/htdocs/final-project-cloud-computing-b-cc-kelompok-8-boboiboy-kuasa-bug-gaib/Nusatarawisata-kaltim/vendor/laravel/framework/src/Illuminate/Pipeline/Pipeline.php(219): App\\Http\\Middleware\\RedirectIfAuthenticated->handle(Object(Illuminate\\Http\\Request), Object(Closure))
#13 /Applications/XAMPP/xamppfiles/htdocs/final-project-cloud-computing-b-cc-kelompok-8-boboiboy-kuasa-bug-gaib/Nusatarawisata-kaltim/vendor/laravel/framework/src/Illuminate/Routing/Middleware/SubstituteBindings.php(50): Illuminate\\Pipeline\\Pipeline->Illuminate\\Pipeline\\{closure}(Object(Illuminate\\Http\\Request))
#14 /Applications/XAMPP/xamppfiles/htdocs/final-project-cloud-computing-b-cc-kelompok-8-boboiboy-kuasa-bug-gaib/Nusatarawisata-kaltim/vendor/laravel/framework/src/Illuminate/Pipeline/Pipeline.php(219): Illuminate\\Routing\\Middleware\\SubstituteBindings->handle(Object(Illuminate\\Http\\Request), Object(Closure))
#15 /Applications/XAMPP/xamppfiles/htdocs/final-project-cloud-computing-b-cc-kelompok-8-boboiboy-kuasa-bug-gaib/Nusatarawisata-kaltim/vendor/laravel/framework/src/Illuminate/Foundation/Http/Middleware/VerifyCsrfToken.php(87): Illuminate\\Pipeline\\Pipeline->Illuminate\\Pipeline\\{closure}(Object(Illuminate\\Http\\Request))
#16 /Applications/XAMPP/xamppfiles/htdocs/final-project-cloud-computing-b-cc-kelompok-8-boboiboy-kuasa-bug-gaib/Nusatarawisata-kaltim/vendor/laravel/framework/src/Illuminate/Pipeline/Pipeline.php(219): Illuminate\\Foundation\\Http\\Middleware\\VerifyCsrfToken->handle(Object(Illuminate\\Http\\Request), Object(Closure))
#17 /Applications/XAMPP/xamppfiles/htdocs/final-project-cloud-computing-b-cc-kelompok-8-boboiboy-kuasa-bug-gaib/Nusatarawisata-kaltim/vendor/laravel/framework/src/Illuminate/View/Middleware/ShareErrorsFromSession.php(48): Illuminate\\Pipeline\\Pipeline->Illuminate\\Pipeline\\{closure}(Object(Illuminate\\Http\\Request))
#18 /Applications/XAMPP/xamppfiles/htdocs/final-project-cloud-computing-b-cc-kelompok-8-boboiboy-kuasa-bug-gaib/Nusatarawisata-kaltim/vendor/laravel/framework/src/Illuminate/Pipeline/Pipeline.php(219): Illuminate\\View\\Middleware\\ShareErrorsFromSession->handle(Object(Illuminate\\Http\\Request), Object(Closure))
#19 /Applications/XAMPP/xamppfiles/htdocs/final-project-cloud-computing-b-cc-kelompok-8-boboiboy-kuasa-bug-gaib/Nusatarawisata-kaltim/vendor/laravel/framework/src/Illuminate/Session/Middleware/StartSession.php(120): Illuminate\\Pipeline\\Pipeline->Illuminate\\Pipeline\\{closure}(Object(Illuminate\\Http\\Request))
#20 /Applications/XAMPP/xamppfiles/htdocs/final-project-cloud-computing-b-cc-kelompok-8-boboiboy-kuasa-bug-gaib/Nusatarawisata-kaltim/vendor/laravel/framework/src/Illuminate/Session/Middleware/StartSession.php(63): Illuminate\\Session\\Middleware\\StartSession->handleStatefulRequest(Object(Illuminate\\Http\\Request), Object(Illuminate\\Session\\Store), Object(Closure))
#21 /Applications/XAMPP/xamppfiles/htdocs/final-project-cloud-computing-b-cc-kelompok-8-boboiboy-kuasa-bug-gaib/Nusatarawisata-kaltim/vendor/laravel/framework/src/Illuminate/Pipeline/Pipeline.php(219): Illuminate\\Session\\Middleware\\StartSession->handle(Object(Illuminate\\Http\\Request), Object(Closure))
#22 /Applications/XAMPP/xamppfiles/htdocs/final-project-cloud-computing-b-cc-kelompok-8-boboiboy-kuasa-bug-gaib/Nusatarawisata-kaltim/vendor/laravel/framework/src/Illuminate/Cookie/Middleware/AddQueuedCookiesToResponse.php(36): Illuminate\\Pipeline\\Pipeline->Illuminate\\Pipeline\\{closure}(Object(Illuminate\\Http\\Request))
#23 /Applications/XAMPP/xamppfiles/htdocs/final-project-cloud-computing-b-cc-kelompok-8-boboiboy-kuasa-bug-gaib/Nusatarawisata-kaltim/vendor/laravel/framework/src/Illuminate/Pipeline/Pipeline.php(219): Illuminate\\Cookie\\Middleware\\AddQueuedCookiesToResponse->handle(Object(Illuminate\\Http\\Request), Object(Closure))
#24 /Applications/XAMPP/xamppfiles/htdocs/final-project-cloud-computing-b-cc-kelompok-8-boboiboy-kuasa-bug-gaib/Nusatarawisata-kaltim/vendor/laravel/framework/src/Illuminate/Cookie/Middleware/EncryptCookies.php(74): Illuminate\\Pipeline\\Pipeline->Illuminate\\Pipeline\\{closure}(Object(Illuminate\\Http\\Request))
#25 /Applications/XAMPP/xamppfiles/htdocs/final-project-cloud-computing-b-cc-kelompok-8-boboiboy-kuasa-bug-gaib/Nusatarawisata-kaltim/vendor/laravel/framework/src/Illuminate/Pipeline/Pipeline.php(219): Illuminate\\Cookie\\Middleware\\EncryptCookies->handle(Object(Illuminate\\Http\\Request), Object(Closure))
#26 /Applications/XAMPP/xamppfiles/htdocs/final-project-cloud-computing-b-cc-kelompok-8-boboiboy-kuasa-bug-gaib/Nusatarawisata-kaltim/vendor/laravel/framework/src/Illuminate/Pipeline/Pipeline.php(137): Illuminate\\Pipeline\\Pipeline->Illuminate\\Pipeline\\{closure}(Object(Illuminate\\Http\\Request))
#27 /Applications/XAMPP/xamppfiles/htdocs/final-project-cloud-computing-b-cc-kelompok-8-boboiboy-kuasa-bug-gaib/Nusatarawisata-kaltim/vendor/laravel/framework/src/Illuminate/Routing/Router.php(821): Illuminate\\Pipeline\\Pipeline->then(Object(Closure))
#28 /Applications/XAMPP/xamppfiles/htdocs/final-project-cloud-computing-b-cc-kelompok-8-boboiboy-kuasa-bug-gaib/Nusatarawisata-kaltim/vendor/laravel/framework/src/Illuminate/Routing/Router.php(800): Illuminate\\Routing\\Router->runRouteWithinStack(Object(Illuminate\\Routing\\Route), Object(Illuminate\\Http\\Request))
#29 /Applications/XAMPP/xamppfiles/htdocs/final-project-cloud-computing-b-cc-kelompok-8-boboiboy-kuasa-bug-gaib/Nusatarawisata-kaltim/vendor/laravel/framework/src/Illuminate/Routing/Router.php(764): Illuminate\\Routing\\Router->runRoute(Object(Illuminate\\Http\\Request), Object(Illuminate\\Routing\\Route))
#30 /Applications/XAMPP/xamppfiles/htdocs/final-project-cloud-computing-b-cc-kelompok-8-boboiboy-kuasa-bug-gaib/Nusatarawisata-kaltim/vendor/laravel/framework/src/Illuminate/Routing/Router.php(753): Illuminate\\Routing\\Router->dispatchToRoute(Object(Illuminate\\Http\\Request))
#31 /Applications/XAMPP/xamppfiles/htdocs/final-project-cloud-computing-b-cc-kelompok-8-boboiboy-kuasa-bug-gaib/Nusatarawisata-kaltim/vendor/laravel/framework/src/Illuminate/Foundation/Http/Kernel.php(200): Illuminate\\Routing\\Router->dispatch(Object(Illuminate\\Http\\Request))
#32 /Applications/XAMPP/xamppfiles/htdocs/final-project-cloud-computing-b-cc-kelompok-8-boboiboy-kuasa-bug-gaib/Nusatarawisata-kaltim/vendor/laravel/framework/src/Illuminate/Pipeline/Pipeline.php(180): Illuminate\\Foundation\\Http\\Kernel->Illuminate\\Foundation\\Http\\{closure}(Object(Illuminate\\Http\\Request))
#33 /Applications/XAMPP/xamppfiles/htdocs/final-project-cloud-computing-b-cc-kelompok-8-boboiboy-kuasa-bug-gaib/Nusatarawisata-kaltim/vendor/laravel/framework/src/Illuminate/Foundation/Http/Middleware/TransformsRequest.php(21): Illuminate\\Pipeline\\Pipeline->Illuminate\\Pipeline\\{closure}(Object(Illuminate\\Http\\Request))
#34 /Applications/XAMPP/xamppfiles/htdocs/final-project-cloud-computing-b-cc-kelompok-8-boboiboy-kuasa-bug-gaib/Nusatarawisata-kaltim/vendor/laravel/framework/src/Illuminate/Foundation/Http/Middleware/ConvertEmptyStringsToNull.php(31): Illuminate\\Foundation\\Http\\Middleware\\TransformsRequest->handle(Object(Illuminate\\Http\\Request), Object(Closure))
#35 /Applications/XAMPP/xamppfiles/htdocs/final-project-cloud-computing-b-cc-kelompok-8-boboiboy-kuasa-bug-gaib/Nusatarawisata-kaltim/vendor/laravel/framework/src/Illuminate/Pipeline/Pipeline.php(219): Illuminate\\Foundation\\Http\\Middleware\\ConvertEmptyStringsToNull->handle(Object(Illuminate\\Http\\Request), Object(Closure))
#36 /Applications/XAMPP/xamppfiles/htdocs/final-project-cloud-computing-b-cc-kelompok-8-boboiboy-kuasa-bug-gaib/Nusatarawisata-kaltim/vendor/laravel/framework/src/Illuminate/Foundation/Http/Middleware/TransformsRequest.php(21): Illuminate\\Pipeline\\Pipeline->Illuminate\\Pipeline\\{closure}(Object(Illuminate\\Http\\Request))
#37 /Applications/XAMPP/xamppfiles/htdocs/final-project-cloud-computing-b-cc-kelompok-8-boboiboy-kuasa-bug-gaib/Nusatarawisata-kaltim/vendor/laravel/framework/src/Illuminate/Foundation/Http/Middleware/TrimStrings.php(51): Illuminate\\Foundation\\Http\\Middleware\\TransformsRequest->handle(Object(Illuminate\\Http\\Request), Object(Closure))
#38 /Applications/XAMPP/xamppfiles/htdocs/final-project-cloud-computing-b-cc-kelompok-8-boboiboy-kuasa-bug-gaib/Nusatarawisata-kaltim/vendor/laravel/framework/src/Illuminate/Pipeline/Pipeline.php(219): Illuminate\\Foundation\\Http\\Middleware\\TrimStrings->handle(Object(Illuminate\\Http\\Request), Object(Closure))
#39 /Applications/XAMPP/xamppfiles/htdocs/final-project-cloud-computing-b-cc-kelompok-8-boboiboy-kuasa-bug-gaib/Nusatarawisata-kaltim/vendor/laravel/framework/src/Illuminate/Http/Middleware/ValidatePostSize.php(27): Illuminate\\Pipeline\\Pipeline->Illuminate\\Pipeline\\{closure}(Object(Illuminate\\Http\\Request))
#40 /Applications/XAMPP/xamppfiles/htdocs/final-project-cloud-computing-b-cc-kelompok-8-boboiboy-kuasa-bug-gaib/Nusatarawisata-kaltim/vendor/laravel/framework/src/Illuminate/Pipeline/Pipeline.php(219): Illuminate\\Http\\Middleware\\ValidatePostSize->handle(Object(Illuminate\\Http\\Request), Object(Closure))
#41 /Applications/XAMPP/xamppfiles/htdocs/final-project-cloud-computing-b-cc-kelompok-8-boboiboy-kuasa-bug-gaib/Nusatarawisata-kaltim/vendor/laravel/framework/src/Illuminate/Foundation/Http/Middleware/PreventRequestsDuringMaintenance.php(109): Illuminate\\Pipeline\\Pipeline->Illuminate\\Pipeline\\{closure}(Object(Illuminate\\Http\\Request))
#42 /Applications/XAMPP/xamppfiles/htdocs/final-project-cloud-computing-b-cc-kelompok-8-boboiboy-kuasa-bug-gaib/Nusatarawisata-kaltim/vendor/laravel/framework/src/Illuminate/Pipeline/Pipeline.php(219): Illuminate\\Foundation\\Http\\Middleware\\PreventRequestsDuringMaintenance->handle(Object(Illuminate\\Http\\Request), Object(Closure))
#43 /Applications/XAMPP/xamppfiles/htdocs/final-project-cloud-computing-b-cc-kelompok-8-boboiboy-kuasa-bug-gaib/Nusatarawisata-kaltim/vendor/laravel/framework/src/Illuminate/Http/Middleware/HandleCors.php(48): Illuminate\\Pipeline\\Pipeline->Illuminate\\Pipeline\\{closure}(Object(Illuminate\\Http\\Request))
#44 /Applications/XAMPP/xamppfiles/htdocs/final-project-cloud-computing-b-cc-kelompok-8-boboiboy-kuasa-bug-gaib/Nusatarawisata-kaltim/vendor/laravel/framework/src/Illuminate/Pipeline/Pipeline.php(219): Illuminate\\Http\\Middleware\\HandleCors->handle(Object(Illuminate\\Http\\Request), Object(Closure))
#45 /Applications/XAMPP/xamppfiles/htdocs/final-project-cloud-computing-b-cc-kelompok-8-boboiboy-kuasa-bug-gaib/Nusatarawisata-kaltim/vendor/laravel/framework/src/Illuminate/Http/Middleware/TrustProxies.php(58): Illuminate\\Pipeline\\Pipeline->Illuminate\\Pipeline\\{closure}(Object(Illuminate\\Http\\Request))
#46 /Applications/XAMPP/xamppfiles/htdocs/final-project-cloud-computing-b-cc-kelompok-8-boboiboy-kuasa-bug-gaib/Nusatarawisata-kaltim/vendor/laravel/framework/src/Illuminate/Pipeline/Pipeline.php(219): Illuminate\\Http\\Middleware\\TrustProxies->handle(Object(Illuminate\\Http\\Request), Object(Closure))
#47 /Applications/XAMPP/xamppfiles/htdocs/final-project-cloud-computing-b-cc-kelompok-8-boboiboy-kuasa-bug-gaib/Nusatarawisata-kaltim/vendor/laravel/framework/src/Illuminate/Foundation/Http/Middleware/InvokeDeferredCallbacks.php(22): Illuminate\\Pipeline\\Pipeline->Illuminate\\Pipeline\\{closure}(Object(Illuminate\\Http\\Request))
#48 /Applications/XAMPP/xamppfiles/htdocs/final-project-cloud-computing-b-cc-kelompok-8-boboiboy-kuasa-bug-gaib/Nusatarawisata-kaltim/vendor/laravel/framework/src/Illuminate/Pipeline/Pipeline.php(219): Illuminate\\Foundation\\Http\\Middleware\\InvokeDeferredCallbacks->handle(Object(Illuminate\\Http\\Request), Object(Closure))
#49 /Applications/XAMPP/xamppfiles/htdocs/final-project-cloud-computing-b-cc-kelompok-8-boboiboy-kuasa-bug-gaib/Nusatarawisata-kaltim/vendor/laravel/framework/src/Illuminate/Http/Middleware/ValidatePathEncoding.php(26): Illuminate\\Pipeline\\Pipeline->Illuminate\\Pipeline\\{closure}(Object(Illuminate\\Http\\Request))
#50 /Applications/XAMPP/xamppfiles/htdocs/final-project-cloud-computing-b-cc-kelompok-8-boboiboy-kuasa-bug-gaib/Nusatarawisata-kaltim/vendor/laravel/framework/src/Illuminate/Pipeline/Pipeline.php(219): Illuminate\\Http\\Middleware\\ValidatePathEncoding->handle(Object(Illuminate\\Http\\Request), Object(Closure))
#51 /Applications/XAMPP/xamppfiles/htdocs/final-project-cloud-computing-b-cc-kelompok-8-boboiboy-kuasa-bug-gaib/Nusatarawisata-kaltim/vendor/laravel/framework/src/Illuminate/Pipeline/Pipeline.php(137): Illuminate\\Pipeline\\Pipeline->Illuminate\\Pipeline\\{closure}(Object(Illuminate\\Http\\Request))
#52 /Applications/XAMPP/xamppfiles/htdocs/final-project-cloud-computing-b-cc-kelompok-8-boboiboy-kuasa-bug-gaib/Nusatarawisata-kaltim/vendor/laravel/framework/src/Illuminate/Foundation/Http/Kernel.php(175): Illuminate\\Pipeline\\Pipeline->then(Object(Closure))
#53 /Applications/XAMPP/xamppfiles/htdocs/final-project-cloud-computing-b-cc-kelompok-8-boboiboy-kuasa-bug-gaib/Nusatarawisata-kaltim/vendor/laravel/framework/src/Illuminate/Foundation/Http/Kernel.php(144): Illuminate\\Foundation\\Http\\Kernel->sendRequestThroughRouter(Object(Illuminate\\Http\\Request))
#54 /Applications/XAMPP/xamppfiles/htdocs/final-project-cloud-computing-b-cc-kelompok-8-boboiboy-kuasa-bug-gaib/Nusatarawisata-kaltim/vendor/laravel/framework/src/Illuminate/Foundation/Application.php(1220): Illuminate\\Foundation\\Http\\Kernel->handle(Object(Illuminate\\Http\\Request))
#55 /Applications/XAMPP/xamppfiles/htdocs/final-project-cloud-computing-b-cc-kelompok-8-boboiboy-kuasa-bug-gaib/Nusatarawisata-kaltim/public/index.php(20): Illuminate\\Foundation\\Application->handleRequest(Object(Illuminate\\Http\\Request))
#56 /Applications/XAMPP/xamppfiles/htdocs/final-project-cloud-computing-b-cc-kelompok-8-boboiboy-kuasa-bug-gaib/Nusatarawisata-kaltim/vendor/laravel/framework/src/Illuminate/Foundation/resources/server.php(23): require_once('/Applications/X...')
#57 {main}

[previous exception] [object] (Illuminate\\Foundation\\ViteManifestNotFoundException(code: 0): Vite manifest not found at: /Applications/XAMPP/xamppfiles/htdocs/final-project-cloud-computing-b-cc-kelompok-8-boboiboy-kuasa-bug-gaib/Nusatarawisata-kaltim/public/build/manifest.json at /Applications/XAMPP/xamppfiles/htdocs/final-project-cloud-computing-b-cc-kelompok-8-boboiboy-kuasa-bug-gaib/Nusatarawisata-kaltim/vendor/laravel/framework/src/Illuminate/Foundation/Vite.php:946)
[stacktrace]
#0 /Applications/XAMPP/xamppfiles/htdocs/final-project-cloud-computing-b-cc-kelompok-8-boboiboy-kuasa-bug-gaib/Nusatarawisata-kaltim/vendor/laravel/framework/src/Illuminate/Foundation/Vite.php(384): Illuminate\\Foundation\\Vite->manifest('build')
#1 /Applications/XAMPP/xamppfiles/htdocs/final-project-cloud-computing-b-cc-kelompok-8-boboiboy-kuasa-bug-gaib/Nusatarawisata-kaltim/storage/framework/views/aa3b355a029da95f8cafe0778543529d.php(51): Illuminate\\Foundation\\Vite->__invoke(Object(Illuminate\\Support\\Collection))
#2 /Applications/XAMPP/xamppfiles/htdocs/final-project-cloud-computing-b-cc-kelompok-8-boboiboy-kuasa-bug-gaib/Nusatarawisata-kaltim/vendor/laravel/framework/src/Illuminate/Filesystem/Filesystem.php(123): require('/Applications/X...')
#3 /Applications/XAMPP/xamppfiles/htdocs/final-project-cloud-computing-b-cc-kelompok-8-boboiboy-kuasa-bug-gaib/Nusatarawisata-kaltim/vendor/laravel/framework/src/Illuminate/Filesystem/Filesystem.php(124): Illuminate\\Filesystem\\Filesystem::Illuminate\\Filesystem\\{closure}()
#4 /Applications/XAMPP/xamppfiles/htdocs/final-project-cloud-computing-b-cc-kelompok-8-boboiboy-kuasa-bug-gaib/Nusatarawisata-kaltim/vendor/laravel/framework/src/Illuminate/View/Engines/PhpEngine.php(57): Illuminate\\Filesystem\\Filesystem->getRequire('/Applications/X...', Array)
#5 /Applications/XAMPP/xamppfiles/htdocs/final-project-cloud-computing-b-cc-kelompok-8-boboiboy-kuasa-bug-gaib/Nusatarawisata-kaltim/vendor/laravel/framework/src/Illuminate/View/Engines/CompilerEngine.php(76): Illuminate\\View\\Engines\\PhpEngine->evaluatePath('/Applications/X...', Array)
#6 /Applications/XAMPP/xamppfiles/htdocs/final-project-cloud-computing-b-cc-kelompok-8-boboiboy-kuasa-bug-gaib/Nusatarawisata-kaltim/vendor/laravel/framework/src/Illuminate/View/View.php(208): Illuminate\\View\\Engines\\CompilerEngine->get('/Applications/X...', Array)
#7 /Applications/XAMPP/xamppfiles/htdocs/final-project-cloud-computing-b-cc-kelompok-8-boboiboy-kuasa-bug-gaib/Nusatarawisata-kaltim/vendor/laravel/framework/src/Illuminate/View/View.php(191): Illuminate\\View\\View->getContents()
#8 /Applications/XAMPP/xamppfiles/htdocs/final-project-cloud-computing-b-cc-kelompok-8-boboiboy-kuasa-bug-gaib/Nusatarawisata-kaltim/vendor/laravel/framework/src/Illuminate/View/View.php(160): Illuminate\\View\\View->renderContents()
#9 /Applications/XAMPP/xamppfiles/htdocs/final-project-cloud-computing-b-cc-kelompok-8-boboiboy-kuasa-bug-gaib/Nusatarawisata-kaltim/vendor/laravel/framework/src/Illuminate/Http/Response.php(78): Illuminate\\View\\View->render()
#10 /Applications/XAMPP/xamppfiles/htdocs/final-project-cloud-computing-b-cc-kelompok-8-boboiboy-kuasa-bug-gaib/Nusatarawisata-kaltim/vendor/laravel/framework/src/Illuminate/Http/Response.php(34): Illuminate\\Http\\Response->setContent(Object(Illuminate\\View\\View))
#11 /Applications/XAMPP/xamppfiles/htdocs/final-project-cloud-computing-b-cc-kelompok-8-boboiboy-kuasa-bug-gaib/Nusatarawisata-kaltim/vendor/laravel/framework/src/Illuminate/Routing/Router.php(939): Illuminate\\Http\\Response->__construct(Object(Illuminate\\View\\View), 200, Array)
#12 /Applications/XAMPP/xamppfiles/htdocs/final-project-cloud-computing-b-cc-kelompok-8-boboiboy-kuasa-bug-gaib/Nusatarawisata-kaltim/vendor/laravel/framework/src/Illuminate/Routing/Router.php(906): Illuminate\\Routing\\Router::toResponse(Object(Illuminate\\Http\\Request), Object(Illuminate\\View\\View))
#13 /Applications/XAMPP/xamppfiles/htdocs/final-project-cloud-computing-b-cc-kelompok-8-boboiboy-kuasa-bug-gaib/Nusatarawisata-kaltim/vendor/laravel/framework/src/Illuminate/Routing/Router.php(821): Illuminate\\Routing\\Router->prepareResponse(Object(Illuminate\\Http\\Request), Object(Illuminate\\View\\View))
#14 /Applications/XAMPP/xamppfiles/htdocs/final-project-cloud-computing-b-cc-kelompok-8-boboiboy-kuasa-bug-gaib/Nusatarawisata-kaltim/vendor/laravel/framework/src/Illuminate/Pipeline/Pipeline.php(180): Illuminate\\Routing\\Router->Illuminate\\Routing\\{closure}(Object(Illuminate\\Http\\Request))
#15 /Applications/XAMPP/xamppfiles/htdocs/final-project-cloud-computing-b-cc-kelompok-8-boboiboy-kuasa-bug-gaib/Nusatarawisata-kaltim/app/Http/Middleware/RedirectIfAuthenticated.php(30): Illuminate\\Pipeline\\Pipeline->Illuminate\\Pipeline\\{closure}(Object(Illuminate\\Http\\Request))
#16 /Applications/XAMPP/xamppfiles/htdocs/final-project-cloud-computing-b-cc-kelompok-8-boboiboy-kuasa-bug-gaib/Nusatarawisata-kaltim/vendor/laravel/framework/src/Illuminate/Pipeline/Pipeline.php(219): App\\Http\\Middleware\\RedirectIfAuthenticated->handle(Object(Illuminate\\Http\\Request), Object(Closure))
#17 /Applications/XAMPP/xamppfiles/htdocs/final-project-cloud-computing-b-cc-kelompok-8-boboiboy-kuasa-bug-gaib/Nusatarawisata-kaltim/vendor/laravel/framework/src/Illuminate/Routing/Middleware/SubstituteBindings.php(50): Illuminate\\Pipeline\\Pipeline->Illuminate\\Pipeline\\{closure}(Object(Illuminate\\Http\\Request))
#18 /Applications/XAMPP/xamppfiles/htdocs/final-project-cloud-computing-b-cc-kelompok-8-boboiboy-kuasa-bug-gaib/Nusatarawisata-kaltim/vendor/laravel/framework/src/Illuminate/Pipeline/Pipeline.php(219): Illuminate\\Routing\\Middleware\\SubstituteBindings->handle(Object(Illuminate\\Http\\Request), Object(Closure))
#19 /Applications/XAMPP/xamppfiles/htdocs/final-project-cloud-computing-b-cc-kelompok-8-boboiboy-kuasa-bug-gaib/Nusatarawisata-kaltim/vendor/laravel/framework/src/Illuminate/Foundation/Http/Middleware/VerifyCsrfToken.php(87): Illuminate\\Pipeline\\Pipeline->Illuminate\\Pipeline\\{closure}(Object(Illuminate\\Http\\Request))
#20 /Applications/XAMPP/xamppfiles/htdocs/final-project-cloud-computing-b-cc-kelompok-8-boboiboy-kuasa-bug-gaib/Nusatarawisata-kaltim/vendor/laravel/framework/src/Illuminate/Pipeline/Pipeline.php(219): Illuminate\\Foundation\\Http\\Middleware\\VerifyCsrfToken->handle(Object(Illuminate\\Http\\Request), Object(Closure))
#21 /Applications/XAMPP/xamppfiles/htdocs/final-project-cloud-computing-b-cc-kelompok-8-boboiboy-kuasa-bug-gaib/Nusatarawisata-kaltim/vendor/laravel/framework/src/Illuminate/View/Middleware/ShareErrorsFromSession.php(48): Illuminate\\Pipeline\\Pipeline->Illuminate\\Pipeline\\{closure}(Object(Illuminate\\Http\\Request))
#22 /Applications/XAMPP/xamppfiles/htdocs/final-project-cloud-computing-b-cc-kelompok-8-boboiboy-kuasa-bug-gaib/Nusatarawisata-kaltim/vendor/laravel/framework/src/Illuminate/Pipeline/Pipeline.php(219): Illuminate\\View\\Middleware\\ShareErrorsFromSession->handle(Object(Illuminate\\Http\\Request), Object(Closure))
#23 /Applications/XAMPP/xamppfiles/htdocs/final-project-cloud-computing-b-cc-kelompok-8-boboiboy-kuasa-bug-gaib/Nusatarawisata-kaltim/vendor/laravel/framework/src/Illuminate/Session/Middleware/StartSession.php(120): Illuminate\\Pipeline\\Pipeline->Illuminate\\Pipeline\\{closure}(Object(Illuminate\\Http\\Request))
#24 /Applications/XAMPP/xamppfiles/htdocs/final-project-cloud-computing-b-cc-kelompok-8-boboiboy-kuasa-bug-gaib/Nusatarawisata-kaltim/vendor/laravel/framework/src/Illuminate/Session/Middleware/StartSession.php(63): Illuminate\\Session\\Middleware\\StartSession->handleStatefulRequest(Object(Illuminate\\Http\\Request), Object(Illuminate\\Session\\Store), Object(Closure))
#25 /Applications/XAMPP/xamppfiles/htdocs/final-project-cloud-computing-b-cc-kelompok-8-boboiboy-kuasa-bug-gaib/Nusatarawisata-kaltim/vendor/laravel/framework/src/Illuminate/Pipeline/Pipeline.php(219): Illuminate\\Session\\Middleware\\StartSession->handle(Object(Illuminate\\Http\\Request), Object(Closure))
#26 /Applications/XAMPP/xamppfiles/htdocs/final-project-cloud-computing-b-cc-kelompok-8-boboiboy-kuasa-bug-gaib/Nusatarawisata-kaltim/vendor/laravel/framework/src/Illuminate/Cookie/Middleware/AddQueuedCookiesToResponse.php(36): Illuminate\\Pipeline\\Pipeline->Illuminate\\Pipeline\\{closure}(Object(Illuminate\\Http\\Request))
#27 /Applications/XAMPP/xamppfiles/htdocs/final-project-cloud-computing-b-cc-kelompok-8-boboiboy-kuasa-bug-gaib/Nusatarawisata-kaltim/vendor/laravel/framework/src/Illuminate/Pipeline/Pipeline.php(219): Illuminate\\Cookie\\Middleware\\AddQueuedCookiesToResponse->handle(Object(Illuminate\\Http\\Request), Object(Closure))
#28 /Applications/XAMPP/xamppfiles/htdocs/final-project-cloud-computing-b-cc-kelompok-8-boboiboy-kuasa-bug-gaib/Nusatarawisata-kaltim/vendor/laravel/framework/src/Illuminate/Cookie/Middleware/EncryptCookies.php(74): Illuminate\\Pipeline\\Pipeline->Illuminate\\Pipeline\\{closure}(Object(Illuminate\\Http\\Request))
#29 /Applications/XAMPP/xamppfiles/htdocs/final-project-cloud-computing-b-cc-kelompok-8-boboiboy-kuasa-bug-gaib/Nusatarawisata-kaltim/vendor/laravel/framework/src/Illuminate/Pipeline/Pipeline.php(219): Illuminate\\Cookie\\Middleware\\EncryptCookies->handle(Object(Illuminate\\Http\\Request), Object(Closure))
#30 /Applications/XAMPP/xamppfiles/htdocs/final-project-cloud-computing-b-cc-kelompok-8-boboiboy-kuasa-bug-gaib/Nusatarawisata-kaltim/vendor/laravel/framework/src/Illuminate/Pipeline/Pipeline.php(137): Illuminate\\Pipeline\\Pipeline->Illuminate\\Pipeline\\{closure}(Object(Illuminate\\Http\\Request))
#31 /Applications/XAMPP/xamppfiles/htdocs/final-project-cloud-computing-b-cc-kelompok-8-boboiboy-kuasa-bug-gaib/Nusatarawisata-kaltim/vendor/laravel/framework/src/Illuminate/Routing/Router.php(821): Illuminate\\Pipeline\\Pipeline->then(Object(Closure))
#32 /Applications/XAMPP/xamppfiles/htdocs/final-project-cloud-computing-b-cc-kelompok-8-boboiboy-kuasa-bug-gaib/Nusatarawisata-kaltim/vendor/laravel/framework/src/Illuminate/Routing/Router.php(800): Illuminate\\Routing\\Router->runRouteWithinStack(Object(Illuminate\\Routing\\Route), Object(Illuminate\\Http\\Request))
#33 /Applications/XAMPP/xamppfiles/htdocs/final-project-cloud-computing-b-cc-kelompok-8-boboiboy-kuasa-bug-gaib/Nusatarawisata-kaltim/vendor/laravel/framework/src/Illuminate/Routing/Router.php(764): Illuminate\\Routing\\Router->runRoute(Object(Illuminate\\Http\\Request), Object(Illuminate\\Routing\\Route))
#34 /Applications/XAMPP/xamppfiles/htdocs/final-project-cloud-computing-b-cc-kelompok-8-boboiboy-kuasa-bug-gaib/Nusatarawisata-kaltim/vendor/laravel/framework/src/Illuminate/Routing/Router.php(753): Illuminate\\Routing\\Router->dispatchToRoute(Object(Illuminate\\Http\\Request))
#35 /Applications/XAMPP/xamppfiles/htdocs/final-project-cloud-computing-b-cc-kelompok-8-boboiboy-kuasa-bug-gaib/Nusatarawisata-kaltim/vendor/laravel/framework/src/Illuminate/Foundation/Http/Kernel.php(200): Illuminate\\Routing\\Router->dispatch(Object(Illuminate\\Http\\Request))
#36 /Applications/XAMPP/xamppfiles/htdocs/final-project-cloud-computing-b-cc-kelompok-8-boboiboy-kuasa-bug-gaib/Nusatarawisata-kaltim/vendor/laravel/framework/src/Illuminate/Pipeline/Pipeline.php(180): Illuminate\\Foundation\\Http\\Kernel->Illuminate\\Foundation\\Http\\{closure}(Object(Illuminate\\Http\\Request))
#37 /Applications/XAMPP/xamppfiles/htdocs/final-project-cloud-computing-b-cc-kelompok-8-boboiboy-kuasa-bug-gaib/Nusatarawisata-kaltim/vendor/laravel/framework/src/Illuminate/Foundation/Http/Middleware/TransformsRequest.php(21): Illuminate\\Pipeline\\Pipeline->Illuminate\\Pipeline\\{closure}(Object(Illuminate\\Http\\Request))
#38 /Applications/XAMPP/xamppfiles/htdocs/final-project-cloud-computing-b-cc-kelompok-8-boboiboy-kuasa-bug-gaib/Nusatarawisata-kaltim/vendor/laravel/framework/src/Illuminate/Foundation/Http/Middleware/ConvertEmptyStringsToNull.php(31): Illuminate\\Foundation\\Http\\Middleware\\TransformsRequest->handle(Object(Illuminate\\Http\\Request), Object(Closure))
#39 /Applications/XAMPP/xamppfiles/htdocs/final-project-cloud-computing-b-cc-kelompok-8-boboiboy-kuasa-bug-gaib/Nusatarawisata-kaltim/vendor/laravel/framework/src/Illuminate/Pipeline/Pipeline.php(219): Illuminate\\Foundation\\Http\\Middleware\\ConvertEmptyStringsToNull->handle(Object(Illuminate\\Http\\Request), Object(Closure))
#40 /Applications/XAMPP/xamppfiles/htdocs/final-project-cloud-computing-b-cc-kelompok-8-boboiboy-kuasa-bug-gaib/Nusatarawisata-kaltim/vendor/laravel/framework/src/Illuminate/Foundation/Http/Middleware/TransformsRequest.php(21): Illuminate\\Pipeline\\Pipeline->Illuminate\\Pipeline\\{closure}(Object(Illuminate\\Http\\Request))
#41 /Applications/XAMPP/xamppfiles/htdocs/final-project-cloud-computing-b-cc-kelompok-8-boboiboy-kuasa-bug-gaib/Nusatarawisata-kaltim/vendor/laravel/framework/src/Illuminate/Foundation/Http/Middleware/TrimStrings.php(51): Illuminate\\Foundation\\Http\\Middleware\\TransformsRequest->handle(Object(Illuminate\\Http\\Request), Object(Closure))
#42 /Applications/XAMPP/xamppfiles/htdocs/final-project-cloud-computing-b-cc-kelompok-8-boboiboy-kuasa-bug-gaib/Nusatarawisata-kaltim/vendor/laravel/framework/src/Illuminate/Pipeline/Pipeline.php(219): Illuminate\\Foundation\\Http\\Middleware\\TrimStrings->handle(Object(Illuminate\\Http\\Request), Object(Closure))
#43 /Applications/XAMPP/xamppfiles/htdocs/final-project-cloud-computing-b-cc-kelompok-8-boboiboy-kuasa-bug-gaib/Nusatarawisata-kaltim/vendor/laravel/framework/src/Illuminate/Http/Middleware/ValidatePostSize.php(27): Illuminate\\Pipeline\\Pipeline->Illuminate\\Pipeline\\{closure}(Object(Illuminate\\Http\\Request))
#44 /Applications/XAMPP/xamppfiles/htdocs/final-project-cloud-computing-b-cc-kelompok-8-boboiboy-kuasa-bug-gaib/Nusatarawisata-kaltim/vendor/laravel/framework/src/Illuminate/Pipeline/Pipeline.php(219): Illuminate\\Http\\Middleware\\ValidatePostSize->handle(Object(Illuminate\\Http\\Request), Object(Closure))
#45 /Applications/XAMPP/xamppfiles/htdocs/final-project-cloud-computing-b-cc-kelompok-8-boboiboy-kuasa-bug-gaib/Nusatarawisata-kaltim/vendor/laravel/framework/src/Illuminate/Foundation/Http/Middleware/PreventRequestsDuringMaintenance.php(109): Illuminate\\Pipeline\\Pipeline->Illuminate\\Pipeline\\{closure}(Object(Illuminate\\Http\\Request))
#46 /Applications/XAMPP/xamppfiles/htdocs/final-project-cloud-computing-b-cc-kelompok-8-boboiboy-kuasa-bug-gaib/Nusatarawisata-kaltim/vendor/laravel/framework/src/Illuminate/Pipeline/Pipeline.php(219): Illuminate\\Foundation\\Http\\Middleware\\PreventRequestsDuringMaintenance->handle(Object(Illuminate\\Http\\Request), Object(Closure))
#47 /Applications/XAMPP/xamppfiles/htdocs/final-project-cloud-computing-b-cc-kelompok-8-boboiboy-kuasa-bug-gaib/Nusatarawisata-kaltim/vendor/laravel/framework/src/Illuminate/Http/Middleware/HandleCors.php(48): Illuminate\\Pipeline\\Pipeline->Illuminate\\Pipeline\\{closure}(Object(Illuminate\\Http\\Request))
#48 /Applications/XAMPP/xamppfiles/htdocs/final-project-cloud-computing-b-cc-kelompok-8-boboiboy-kuasa-bug-gaib/Nusatarawisata-kaltim/vendor/laravel/framework/src/Illuminate/Pipeline/Pipeline.php(219): Illuminate\\Http\\Middleware\\HandleCors->handle(Object(Illuminate\\Http\\Request), Object(Closure))
#49 /Applications/XAMPP/xamppfiles/htdocs/final-project-cloud-computing-b-cc-kelompok-8-boboiboy-kuasa-bug-gaib/Nusatarawisata-kaltim/vendor/laravel/framework/src/Illuminate/Http/Middleware/TrustProxies.php(58): Illuminate\\Pipeline\\Pipeline->Illuminate\\Pipeline\\{closure}(Object(Illuminate\\Http\\Request))
#50 /Applications/XAMPP/xamppfiles/htdocs/final-project-cloud-computing-b-cc-kelompok-8-boboiboy-kuasa-bug-gaib/Nusatarawisata-kaltim/vendor/laravel/framework/src/Illuminate/Pipeline/Pipeline.php(219): Illuminate\\Http\\Middleware\\TrustProxies->handle(Object(Illuminate\\Http\\Request), Object(Closure))
#51 /Applications/XAMPP/xamppfiles/htdocs/final-project-cloud-computing-b-cc-kelompok-8-boboiboy-kuasa-bug-gaib/Nusatarawisata-kaltim/vendor/laravel/framework/src/Illuminate/Foundation/Http/Middleware/InvokeDeferredCallbacks.php(22): Illuminate\\Pipeline\\Pipeline->Illuminate\\Pipeline\\{closure}(Object(Illuminate\\Http\\Request))
#52 /Applications/XAMPP/xamppfiles/htdocs/final-project-cloud-computing-b-cc-kelompok-8-boboiboy-kuasa-bug-gaib/Nusatarawisata-kaltim/vendor/laravel/framework/src/Illuminate/Pipeline/Pipeline.php(219): Illuminate\\Foundation\\Http\\Middleware\\InvokeDeferredCallbacks->handle(Object(Illuminate\\Http\\Request), Object(Closure))
#53 /Applications/XAMPP/xamppfiles/htdocs/final-project-cloud-computing-b-cc-kelompok-8-boboiboy-kuasa-bug-gaib/Nusatarawisata-kaltim/vendor/laravel/framework/src/Illuminate/Http/Middleware/ValidatePathEncoding.php(26): Illuminate\\Pipeline\\Pipeline->Illuminate\\Pipeline\\{closure}(Object(Illuminate\\Http\\Request))
#54 /Applications/XAMPP/xamppfiles/htdocs/final-project-cloud-computing-b-cc-kelompok-8-boboiboy-kuasa-bug-gaib/Nusatarawisata-kaltim/vendor/laravel/framework/src/Illuminate/Pipeline/Pipeline.php(219): Illuminate\\Http\\Middleware\\ValidatePathEncoding->handle(Object(Illuminate\\Http\\Request), Object(Closure))
#55 /Applications/XAMPP/xamppfiles/htdocs/final-project-cloud-computing-b-cc-kelompok-8-boboiboy-kuasa-bug-gaib/Nusatarawisata-kaltim/vendor/laravel/framework/src/Illuminate/Pipeline/Pipeline.php(137): Illuminate\\Pipeline\\Pipeline->Illuminate\\Pipeline\\{closure}(Object(Illuminate\\Http\\Request))
#56 /Applications/XAMPP/xamppfiles/htdocs/final-project-cloud-computing-b-cc-kelompok-8-boboiboy-kuasa-bug-gaib/Nusatarawisata-kaltim/vendor/laravel/framework/src/Illuminate/Foundation/Http/Kernel.php(175): Illuminate\\Pipeline\\Pipeline->then(Object(Closure))
#57 /Applications/XAMPP/xamppfiles/htdocs/final-project-cloud-computing-b-cc-kelompok-8-boboiboy-kuasa-bug-gaib/Nusatarawisata-kaltim/vendor/laravel/framework/src/Illuminate/Foundation/Http/Kernel.php(144): Illuminate\\Foundation\\Http\\Kernel->sendRequestThroughRouter(Object(Illuminate\\Http\\Request))
#58 /Applications/XAMPP/xamppfiles/htdocs/final-project-cloud-computing-b-cc-kelompok-8-boboiboy-kuasa-bug-gaib/Nusatarawisata-kaltim/vendor/laravel/framework/src/Illuminate/Foundation/Application.php(1220): Illuminate\\Foundation\\Http\\Kernel->handle(Object(Illuminate\\Http\\Request))
#59 /Applications/XAMPP/xamppfiles/htdocs/final-project-cloud-computing-b-cc-kelompok-8-boboiboy-kuasa-bug-gaib/Nusatarawisata-kaltim/public/index.php(20): Illuminate\\Foundation\\Application->handleRequest(Object(Illuminate\\Http\\Request))
#60 /Applications/XAMPP/xamppfiles/htdocs/final-project-cloud-computing-b-cc-kelompok-8-boboiboy-kuasa-bug-gaib/Nusatarawisata-kaltim/vendor/laravel/framework/src/Illuminate/Foundation/resources/server.php(23): require_once('/Applications/X...')
#61 {main}
"} 
[2025-10-29 02:09:50] local.ERROR: SQLSTATE[42883]: Undefined function: 7 ERROR:  function year(timestamp without time zone) does not exist
LINE 1: select YEAR(created_at) as year, MONTH(created_at) as month,...
               ^
HINT:  No function matches the given name and argument types. You might need to add explicit type casts. (Connection: pgsql, SQL: select YEAR(created_at) as year, MONTH(created_at) as month, COUNT(*) as count from "users" group by "year", "month" order by "year" asc, "month" asc) {"userId":1,"exception":"[object] (Illuminate\\Database\\QueryException(code: 42883): SQLSTATE[42883]: Undefined function: 7 ERROR:  function year(timestamp without time zone) does not exist
LINE 1: select YEAR(created_at) as year, MONTH(created_at) as month,...
               ^
HINT:  No function matches the given name and argument types. You might need to add explicit type casts. (Connection: pgsql, SQL: select YEAR(created_at) as year, MONTH(created_at) as month, COUNT(*) as count from \"users\" group by \"year\", \"month\" order by \"year\" asc, \"month\" asc) at /Applications/XAMPP/xamppfiles/htdocs/final-project-cloud-computing-b-cc-kelompok-8-boboiboy-kuasa-bug-gaib/Nusatarawisata-kaltim/vendor/laravel/framework/src/Illuminate/Database/Connection.php:824)
[stacktrace]
#0 /Applications/XAMPP/xamppfiles/htdocs/final-project-cloud-computing-b-cc-kelompok-8-boboiboy-kuasa-bug-gaib/Nusatarawisata-kaltim/vendor/laravel/framework/src/Illuminate/Database/Connection.php(778): Illuminate\\Database\\Connection->runQueryCallback('select YEAR(cre...', Array, Object(Closure))
#1 /Applications/XAMPP/xamppfiles/htdocs/final-project-cloud-computing-b-cc-kelompok-8-boboiboy-kuasa-bug-gaib/Nusatarawisata-kaltim/vendor/laravel/framework/src/Illuminate/Database/Connection.php(397): Illuminate\\Database\\Connection->run('select YEAR(cre...', Array, Object(Closure))
#2 /Applications/XAMPP/xamppfiles/htdocs/final-project-cloud-computing-b-cc-kelompok-8-boboiboy-kuasa-bug-gaib/Nusatarawisata-kaltim/vendor/laravel/framework/src/Illuminate/Database/Query/Builder.php(3188): Illuminate\\Database\\Connection->select('select YEAR(cre...', Array, true)
#3 /Applications/XAMPP/xamppfiles/htdocs/final-project-cloud-computing-b-cc-kelompok-8-boboiboy-kuasa-bug-gaib/Nusatarawisata-kaltim/vendor/laravel/framework/src/Illuminate/Database/Query/Builder.php(3173): Illuminate\\Database\\Query\\Builder->runSelect()
#4 /Applications/XAMPP/xamppfiles/htdocs/final-project-cloud-computing-b-cc-kelompok-8-boboiboy-kuasa-bug-gaib/Nusatarawisata-kaltim/vendor/laravel/framework/src/Illuminate/Database/Query/Builder.php(3763): Illuminate\\Database\\Query\\Builder->Illuminate\\Database\\Query\\{closure}()
#5 /Applications/XAMPP/xamppfiles/htdocs/final-project-cloud-computing-b-cc-kelompok-8-boboiboy-kuasa-bug-gaib/Nusatarawisata-kaltim/vendor/laravel/framework/src/Illuminate/Database/Query/Builder.php(3172): Illuminate\\Database\\Query\\Builder->onceWithColumns(Array, Object(Closure))
#6 /Applications/XAMPP/xamppfiles/htdocs/final-project-cloud-computing-b-cc-kelompok-8-boboiboy-kuasa-bug-gaib/Nusatarawisata-kaltim/vendor/laravel/framework/src/Illuminate/Database/Eloquent/Builder.php(902): Illuminate\\Database\\Query\\Builder->get(Array)
#7 /Applications/XAMPP/xamppfiles/htdocs/final-project-cloud-computing-b-cc-kelompok-8-boboiboy-kuasa-bug-gaib/Nusatarawisata-kaltim/vendor/laravel/framework/src/Illuminate/Database/Eloquent/Builder.php(884): Illuminate\\Database\\Eloquent\\Builder->getModels(Array)
#8 /Applications/XAMPP/xamppfiles/htdocs/final-project-cloud-computing-b-cc-kelompok-8-boboiboy-kuasa-bug-gaib/Nusatarawisata-kaltim/app/Services/StatsService.php(72): Illuminate\\Database\\Eloquent\\Builder->get()
#9 /Applications/XAMPP/xamppfiles/htdocs/final-project-cloud-computing-b-cc-kelompok-8-boboiboy-kuasa-bug-gaib/Nusatarawisata-kaltim/app/Http/Controllers/Admin/DashboardController.php(23): App\\Services\\StatsService->getUserGrowth()
#10 /Applications/XAMPP/xamppfiles/htdocs/final-project-cloud-computing-b-cc-kelompok-8-boboiboy-kuasa-bug-gaib/Nusatarawisata-kaltim/vendor/laravel/framework/src/Illuminate/Routing/ControllerDispatcher.php(46): App\\Http\\Controllers\\Admin\\DashboardController->index()
#11 /Applications/XAMPP/xamppfiles/htdocs/final-project-cloud-computing-b-cc-kelompok-8-boboiboy-kuasa-bug-gaib/Nusatarawisata-kaltim/vendor/laravel/framework/src/Illuminate/Routing/Route.php(265): Illuminate\\Routing\\ControllerDispatcher->dispatch(Object(Illuminate\\Routing\\Route), Object(App\\Http\\Controllers\\Admin\\DashboardController), 'index')
#12 /Applications/XAMPP/xamppfiles/htdocs/final-project-cloud-computing-b-cc-kelompok-8-boboiboy-kuasa-bug-gaib/Nusatarawisata-kaltim/vendor/laravel/framework/src/Illuminate/Routing/Route.php(211): Illuminate\\Routing\\Route->runController()
#13 /Applications/XAMPP/xamppfiles/htdocs/final-project-cloud-computing-b-cc-kelompok-8-boboiboy-kuasa-bug-gaib/Nusatarawisata-kaltim/vendor/laravel/framework/src/Illuminate/Routing/Router.php(822): Illuminate\\Routing\\Route->run()
#14 /Applications/XAMPP/xamppfiles/htdocs/final-project-cloud-computing-b-cc-kelompok-8-boboiboy-kuasa-bug-gaib/Nusatarawisata-kaltim/vendor/laravel/framework/src/Illuminate/Pipeline/Pipeline.php(180): Illuminate\\Routing\\Router->Illuminate\\Routing\\{closure}(Object(Illuminate\\Http\\Request))
#15 /Applications/XAMPP/xamppfiles/htdocs/final-project-cloud-computing-b-cc-kelompok-8-boboiboy-kuasa-bug-gaib/Nusatarawisata-kaltim/app/Http/Middleware/IsAdmin.php(25): Illuminate\\Pipeline\\Pipeline->Illuminate\\Pipeline\\{closure}(Object(Illuminate\\Http\\Request))
#16 /Applications/XAMPP/xamppfiles/htdocs/final-project-cloud-computing-b-cc-kelompok-8-boboiboy-kuasa-bug-gaib/Nusatarawisata-kaltim/vendor/laravel/framework/src/Illuminate/Pipeline/Pipeline.php(219): App\\Http\\Middleware\\IsAdmin->handle(Object(Illuminate\\Http\\Request), Object(Closure))
#17 /Applications/XAMPP/xamppfiles/htdocs/final-project-cloud-computing-b-cc-kelompok-8-boboiboy-kuasa-bug-gaib/Nusatarawisata-kaltim/vendor/laravel/framework/src/Illuminate/Routing/Middleware/SubstituteBindings.php(50): Illuminate\\Pipeline\\Pipeline->Illuminate\\Pipeline\\{closure}(Object(Illuminate\\Http\\Request))
#18 /Applications/XAMPP/xamppfiles/htdocs/final-project-cloud-computing-b-cc-kelompok-8-boboiboy-kuasa-bug-gaib/Nusatarawisata-kaltim/vendor/laravel/framework/src/Illuminate/Pipeline/Pipeline.php(219): Illuminate\\Routing\\Middleware\\SubstituteBindings->handle(Object(Illuminate\\Http\\Request), Object(Closure))
#19 /Applications/XAMPP/xamppfiles/htdocs/final-project-cloud-computing-b-cc-kelompok-8-boboiboy-kuasa-bug-gaib/Nusatarawisata-kaltim/vendor/laravel/framework/src/Illuminate/Foundation/Http/Middleware/VerifyCsrfToken.php(87): Illuminate\\Pipeline\\Pipeline->Illuminate\\Pipeline\\{closure}(Object(Illuminate\\Http\\Request))
#20 /Applications/XAMPP/xamppfiles/htdocs/final-project-cloud-computing-b-cc-kelompok-8-boboiboy-kuasa-bug-gaib/Nusatarawisata-kaltim/vendor/laravel/framework/src/Illuminate/Pipeline/Pipeline.php(219): Illuminate\\Foundation\\Http\\Middleware\\VerifyCsrfToken->handle(Object(Illuminate\\Http\\Request), Object(Closure))
#21 /Applications/XAMPP/xamppfiles/htdocs/final-project-cloud-computing-b-cc-kelompok-8-boboiboy-kuasa-bug-gaib/Nusatarawisata-kaltim/vendor/laravel/framework/src/Illuminate/View/Middleware/ShareErrorsFromSession.php(48): Illuminate\\Pipeline\\Pipeline->Illuminate\\Pipeline\\{closure}(Object(Illuminate\\Http\\Request))
#22 /Applications/XAMPP/xamppfiles/htdocs/final-project-cloud-computing-b-cc-kelompok-8-boboiboy-kuasa-bug-gaib/Nusatarawisata-kaltim/vendor/laravel/framework/src/Illuminate/Pipeline/Pipeline.php(219): Illuminate\\View\\Middleware\\ShareErrorsFromSession->handle(Object(Illuminate\\Http\\Request), Object(Closure))
#23 /Applications/XAMPP/xamppfiles/htdocs/final-project-cloud-computing-b-cc-kelompok-8-boboiboy-kuasa-bug-gaib/Nusatarawisata-kaltim/vendor/laravel/framework/src/Illuminate/Session/Middleware/StartSession.php(120): Illuminate\\Pipeline\\Pipeline->Illuminate\\Pipeline\\{closure}(Object(Illuminate\\Http\\Request))
#24 /Applications/XAMPP/xamppfiles/htdocs/final-project-cloud-computing-b-cc-kelompok-8-boboiboy-kuasa-bug-gaib/Nusatarawisata-kaltim/vendor/laravel/framework/src/Illuminate/Session/Middleware/StartSession.php(63): Illuminate\\Session\\Middleware\\StartSession->handleStatefulRequest(Object(Illuminate\\Http\\Request), Object(Illuminate\\Session\\Store), Object(Closure))
#25 /Applications/XAMPP/xamppfiles/htdocs/final-project-cloud-computing-b-cc-kelompok-8-boboiboy-kuasa-bug-gaib/Nusatarawisata-kaltim/vendor/laravel/framework/src/Illuminate/Pipeline/Pipeline.php(219): Illuminate\\Session\\Middleware\\StartSession->handle(Object(Illuminate\\Http\\Request), Object(Closure))
#26 /Applications/XAMPP/xamppfiles/htdocs/final-project-cloud-computing-b-cc-kelompok-8-boboiboy-kuasa-bug-gaib/Nusatarawisata-kaltim/vendor/laravel/framework/src/Illuminate/Cookie/Middleware/AddQueuedCookiesToResponse.php(36): Illuminate\\Pipeline\\Pipeline->Illuminate\\Pipeline\\{closure}(Object(Illuminate\\Http\\Request))
#27 /Applications/XAMPP/xamppfiles/htdocs/final-project-cloud-computing-b-cc-kelompok-8-boboiboy-kuasa-bug-gaib/Nusatarawisata-kaltim/vendor/laravel/framework/src/Illuminate/Pipeline/Pipeline.php(219): Illuminate\\Cookie\\Middleware\\AddQueuedCookiesToResponse->handle(Object(Illuminate\\Http\\Request), Object(Closure))
#28 /Applications/XAMPP/xamppfiles/htdocs/final-project-cloud-computing-b-cc-kelompok-8-boboiboy-kuasa-bug-gaib/Nusatarawisata-kaltim/vendor/laravel/framework/src/Illuminate/Cookie/Middleware/EncryptCookies.php(74): Illuminate\\Pipeline\\Pipeline->Illuminate\\Pipeline\\{closure}(Object(Illuminate\\Http\\Request))
#29 /Applications/XAMPP/xamppfiles/htdocs/final-project-cloud-computing-b-cc-kelompok-8-boboiboy-kuasa-bug-gaib/Nusatarawisata-kaltim/vendor/laravel/framework/src/Illuminate/Pipeline/Pipeline.php(219): Illuminate\\Cookie\\Middleware\\EncryptCookies->handle(Object(Illuminate\\Http\\Request), Object(Closure))
#30 /Applications/XAMPP/xamppfiles/htdocs/final-project-cloud-computing-b-cc-kelompok-8-boboiboy-kuasa-bug-gaib/Nusatarawisata-kaltim/vendor/laravel/framework/src/Illuminate/Pipeline/Pipeline.php(137): Illuminate\\Pipeline\\Pipeline->Illuminate\\Pipeline\\{closure}(Object(Illuminate\\Http\\Request))
#31 /Applications/XAMPP/xamppfiles/htdocs/final-project-cloud-computing-b-cc-kelompok-8-boboiboy-kuasa-bug-gaib/Nusatarawisata-kaltim/vendor/laravel/framework/src/Illuminate/Routing/Router.php(821): Illuminate\\Pipeline\\Pipeline->then(Object(Closure))
#32 /Applications/XAMPP/xamppfiles/htdocs/final-project-cloud-computing-b-cc-kelompok-8-boboiboy-kuasa-bug-gaib/Nusatarawisata-kaltim/vendor/laravel/framework/src/Illuminate/Routing/Router.php(800): Illuminate\\Routing\\Router->runRouteWithinStack(Object(Illuminate\\Routing\\Route), Object(Illuminate\\Http\\Request))
#33 /Applications/XAMPP/xamppfiles/htdocs/final-project-cloud-computing-b-cc-kelompok-8-boboiboy-kuasa-bug-gaib/Nusatarawisata-kaltim/vendor/laravel/framework/src/Illuminate/Routing/Router.php(764): Illuminate\\Routing\\Router->runRoute(Object(Illuminate\\Http\\Request), Object(Illuminate\\Routing\\Route))
#34 /Applications/XAMPP/xamppfiles/htdocs/final-project-cloud-computing-b-cc-kelompok-8-boboiboy-kuasa-bug-gaib/Nusatarawisata-kaltim/vendor/laravel/framework/src/Illuminate/Routing/Router.php(753): Illuminate\\Routing\\Router->dispatchToRoute(Object(Illuminate\\Http\\Request))
#35 /Applications/XAMPP/xamppfiles/htdocs/final-project-cloud-computing-b-cc-kelompok-8-boboiboy-kuasa-bug-gaib/Nusatarawisata-kaltim/vendor/laravel/framework/src/Illuminate/Foundation/Http/Kernel.php(200): Illuminate\\Routing\\Router->dispatch(Object(Illuminate\\Http\\Request))
#36 /Applications/XAMPP/xamppfiles/htdocs/final-project-cloud-computing-b-cc-kelompok-8-boboiboy-kuasa-bug-gaib/Nusatarawisata-kaltim/vendor/laravel/framework/src/Illuminate/Pipeline/Pipeline.php(180): Illuminate\\Foundation\\Http\\Kernel->Illuminate\\Foundation\\Http\\{closure}(Object(Illuminate\\Http\\Request))
#37 /Applications/XAMPP/xamppfiles/htdocs/final-project-cloud-computing-b-cc-kelompok-8-boboiboy-kuasa-bug-gaib/Nusatarawisata-kaltim/vendor/laravel/framework/src/Illuminate/Foundation/Http/Middleware/TransformsRequest.php(21): Illuminate\\Pipeline\\Pipeline->Illuminate\\Pipeline\\{closure}(Object(Illuminate\\Http\\Request))
#38 /Applications/XAMPP/xamppfiles/htdocs/final-project-cloud-computing-b-cc-kelompok-8-boboiboy-kuasa-bug-gaib/Nusatarawisata-kaltim/vendor/laravel/framework/src/Illuminate/Foundation/Http/Middleware/ConvertEmptyStringsToNull.php(31): Illuminate\\Foundation\\Http\\Middleware\\TransformsRequest->handle(Object(Illuminate\\Http\\Request), Object(Closure))
#39 /Applications/XAMPP/xamppfiles/htdocs/final-project-cloud-computing-b-cc-kelompok-8-boboiboy-kuasa-bug-gaib/Nusatarawisata-kaltim/vendor/laravel/framework/src/Illuminate/Pipeline/Pipeline.php(219): Illuminate\\Foundation\\Http\\Middleware\\ConvertEmptyStringsToNull->handle(Object(Illuminate\\Http\\Request), Object(Closure))
#40 /Applications/XAMPP/xamppfiles/htdocs/final-project-cloud-computing-b-cc-kelompok-8-boboiboy-kuasa-bug-gaib/Nusatarawisata-kaltim/vendor/laravel/framework/src/Illuminate/Foundation/Http/Middleware/TransformsRequest.php(21): Illuminate\\Pipeline\\Pipeline->Illuminate\\Pipeline\\{closure}(Object(Illuminate\\Http\\Request))
#41 /Applications/XAMPP/xamppfiles/htdocs/final-project-cloud-computing-b-cc-kelompok-8-boboiboy-kuasa-bug-gaib/Nusatarawisata-kaltim/vendor/laravel/framework/src/Illuminate/Foundation/Http/Middleware/TrimStrings.php(51): Illuminate\\Foundation\\Http\\Middleware\\TransformsRequest->handle(Object(Illuminate\\Http\\Request), Object(Closure))
#42 /Applications/XAMPP/xamppfiles/htdocs/final-project-cloud-computing-b-cc-kelompok-8-boboiboy-kuasa-bug-gaib/Nusatarawisata-kaltim/vendor/laravel/framework/src/Illuminate/Pipeline/Pipeline.php(219): Illuminate\\Foundation\\Http\\Middleware\\TrimStrings->handle(Object(Illuminate\\Http\\Request), Object(Closure))
#43 /Applications/XAMPP/xamppfiles/htdocs/final-project-cloud-computing-b-cc-kelompok-8-boboiboy-kuasa-bug-gaib/Nusatarawisata-kaltim/vendor/laravel/framework/src/Illuminate/Http/Middleware/ValidatePostSize.php(27): Illuminate\\Pipeline\\Pipeline->Illuminate\\Pipeline\\{closure}(Object(Illuminate\\Http\\Request))
#44 /Applications/XAMPP/xamppfiles/htdocs/final-project-cloud-computing-b-cc-kelompok-8-boboiboy-kuasa-bug-gaib/Nusatarawisata-kaltim/vendor/laravel/framework/src/Illuminate/Pipeline/Pipeline.php(219): Illuminate\\Http\\Middleware\\ValidatePostSize->handle(Object(Illuminate\\Http\\Request), Object(Closure))
#45 /Applications/XAMPP/xamppfiles/htdocs/final-project-cloud-computing-b-cc-kelompok-8-boboiboy-kuasa-bug-gaib/Nusatarawisata-kaltim/vendor/laravel/framework/src/Illuminate/Foundation/Http/Middleware/PreventRequestsDuringMaintenance.php(109): Illuminate\\Pipeline\\Pipeline->Illuminate\\Pipeline\\{closure}(Object(Illuminate\\Http\\Request))
#46 /Applications/XAMPP/xamppfiles/htdocs/final-project-cloud-computing-b-cc-kelompok-8-boboiboy-kuasa-bug-gaib/Nusatarawisata-kaltim/vendor/laravel/framework/src/Illuminate/Pipeline/Pipeline.php(219): Illuminate\\Foundation\\Http\\Middleware\\PreventRequestsDuringMaintenance->handle(Object(Illuminate\\Http\\Request), Object(Closure))
#47 /Applications/XAMPP/xamppfiles/htdocs/final-project-cloud-computing-b-cc-kelompok-8-boboiboy-kuasa-bug-gaib/Nusatarawisata-kaltim/vendor/laravel/framework/src/Illuminate/Http/Middleware/HandleCors.php(48): Illuminate\\Pipeline\\Pipeline->Illuminate\\Pipeline\\{closure}(Object(Illuminate\\Http\\Request))
#48 /Applications/XAMPP/xamppfiles/htdocs/final-project-cloud-computing-b-cc-kelompok-8-boboiboy-kuasa-bug-gaib/Nusatarawisata-kaltim/vendor/laravel/framework/src/Illuminate/Pipeline/Pipeline.php(219): Illuminate\\Http\\Middleware\\HandleCors->handle(Object(Illuminate\\Http\\Request), Object(Closure))
#49 /Applications/XAMPP/xamppfiles/htdocs/final-project-cloud-computing-b-cc-kelompok-8-boboiboy-kuasa-bug-gaib/Nusatarawisata-kaltim/vendor/laravel/framework/src/Illuminate/Http/Middleware/TrustProxies.php(58): Illuminate\\Pipeline\\Pipeline->Illuminate\\Pipeline\\{closure}(Object(Illuminate\\Http\\Request))
#50 /Applications/XAMPP/xamppfiles/htdocs/final-project-cloud-computing-b-cc-kelompok-8-boboiboy-kuasa-bug-gaib/Nusatarawisata-kaltim/vendor/laravel/framework/src/Illuminate/Pipeline/Pipeline.php(219): Illuminate\\Http\\Middleware\\TrustProxies->handle(Object(Illuminate\\Http\\Request), Object(Closure))
#51 /Applications/XAMPP/xamppfiles/htdocs/final-project-cloud-computing-b-cc-kelompok-8-boboiboy-kuasa-bug-gaib/Nusatarawisata-kaltim/vendor/laravel/framework/src/Illuminate/Foundation/Http/Middleware/InvokeDeferredCallbacks.php(22): Illuminate\\Pipeline\\Pipeline->Illuminate\\Pipeline\\{closure}(Object(Illuminate\\Http\\Request))
#52 /Applications/XAMPP/xamppfiles/htdocs/final-project-cloud-computing-b-cc-kelompok-8-boboiboy-kuasa-bug-gaib/Nusatarawisata-kaltim/vendor/laravel/framework/src/Illuminate/Pipeline/Pipeline.php(219): Illuminate\\Foundation\\Http\\Middleware\\InvokeDeferredCallbacks->handle(Object(Illuminate\\Http\\Request), Object(Closure))
#53 /Applications/XAMPP/xamppfiles/htdocs/final-project-cloud-computing-b-cc-kelompok-8-boboiboy-kuasa-bug-gaib/Nusatarawisata-kaltim/vendor/laravel/framework/src/Illuminate/Http/Middleware/ValidatePathEncoding.php(26): Illuminate\\Pipeline\\Pipeline->Illuminate\\Pipeline\\{closure}(Object(Illuminate\\Http\\Request))
#54 /Applications/XAMPP/xamppfiles/htdocs/final-project-cloud-computing-b-cc-kelompok-8-boboiboy-kuasa-bug-gaib/Nusatarawisata-kaltim/vendor/laravel/framework/src/Illuminate/Pipeline/Pipeline.php(219): Illuminate\\Http\\Middleware\\ValidatePathEncoding->handle(Object(Illuminate\\Http\\Request), Object(Closure))
#55 /Applications/XAMPP/xamppfiles/htdocs/final-project-cloud-computing-b-cc-kelompok-8-boboiboy-kuasa-bug-gaib/Nusatarawisata-kaltim/vendor/laravel/framework/src/Illuminate/Pipeline/Pipeline.php(137): Illuminate\\Pipeline\\Pipeline->Illuminate\\Pipeline\\{closure}(Object(Illuminate\\Http\\Request))
#56 /Applications/XAMPP/xamppfiles/htdocs/final-project-cloud-computing-b-cc-kelompok-8-boboiboy-kuasa-bug-gaib/Nusatarawisata-kaltim/vendor/laravel/framework/src/Illuminate/Foundation/Http/Kernel.php(175): Illuminate\\Pipeline\\Pipeline->then(Object(Closure))
#57 /Applications/XAMPP/xamppfiles/htdocs/final-project-cloud-computing-b-cc-kelompok-8-boboiboy-kuasa-bug-gaib/Nusatarawisata-kaltim/vendor/laravel/framework/src/Illuminate/Foundation/Http/Kernel.php(144): Illuminate\\Foundation\\Http\\Kernel->sendRequestThroughRouter(Object(Illuminate\\Http\\Request))
#58 /Applications/XAMPP/xamppfiles/htdocs/final-project-cloud-computing-b-cc-kelompok-8-boboiboy-kuasa-bug-gaib/Nusatarawisata-kaltim/vendor/laravel/framework/src/Illuminate/Foundation/Application.php(1220): Illuminate\\Foundation\\Http\\Kernel->handle(Object(Illuminate\\Http\\Request))
#59 /Applications/XAMPP/xamppfiles/htdocs/final-project-cloud-computing-b-cc-kelompok-8-boboiboy-kuasa-bug-gaib/Nusatarawisata-kaltim/public/index.php(20): Illuminate\\Foundation\\Application->handleRequest(Object(Illuminate\\Http\\Request))
#60 /Applications/XAMPP/xamppfiles/htdocs/final-project-cloud-computing-b-cc-kelompok-8-boboiboy-kuasa-bug-gaib/Nusatarawisata-kaltim/vendor/laravel/framework/src/Illuminate/Foundation/resources/server.php(23): require_once('/Applications/X...')
#61 {main}

[previous exception] [object] (PDOException(code: 42883): SQLSTATE[42883]: Undefined function: 7 ERROR:  function year(timestamp without time zone) does not exist
LINE 1: select YEAR(created_at) as year, MONTH(created_at) as month,...
               ^
HINT:  No function matches the given name and argument types. You might need to add explicit type casts. at /Applications/XAMPP/xamppfiles/htdocs/final-project-cloud-computing-b-cc-kelompok-8-boboiboy-kuasa-bug-gaib/Nusatarawisata-kaltim/vendor/laravel/framework/src/Illuminate/Database/Connection.php:411)
[stacktrace]
#0 /Applications/XAMPP/xamppfiles/htdocs/final-project-cloud-computing-b-cc-kelompok-8-boboiboy-kuasa-bug-gaib/Nusatarawisata-kaltim/vendor/laravel/framework/src/Illuminate/Database/Connection.php(411): PDOStatement->execute()
#1 /Applications/XAMPP/xamppfiles/htdocs/final-project-cloud-computing-b-cc-kelompok-8-boboiboy-kuasa-bug-gaib/Nusatarawisata-kaltim/vendor/laravel/framework/src/Illuminate/Database/Connection.php(811): Illuminate\\Database\\Connection->Illuminate\\Database\\{closure}('select YEAR(cre...', Array)
#2 /Applications/XAMPP/xamppfiles/htdocs/final-project-cloud-computing-b-cc-kelompok-8-boboiboy-kuasa-bug-gaib/Nusatarawisata-kaltim/vendor/laravel/framework/src/Illuminate/Database/Connection.php(778): Illuminate\\Database\\Connection->runQueryCallback('select YEAR(cre...', Array, Object(Closure))
#3 /Applications/XAMPP/xamppfiles/htdocs/final-project-cloud-computing-b-cc-kelompok-8-boboiboy-kuasa-bug-gaib/Nusatarawisata-kaltim/vendor/laravel/framework/src/Illuminate/Database/Connection.php(397): Illuminate\\Database\\Connection->run('select YEAR(cre...', Array, Object(Closure))
#4 /Applications/XAMPP/xamppfiles/htdocs/final-project-cloud-computing-b-cc-kelompok-8-boboiboy-kuasa-bug-gaib/Nusatarawisata-kaltim/vendor/laravel/framework/src/Illuminate/Database/Query/Builder.php(3188): Illuminate\\Database\\Connection->select('select YEAR(cre...', Array, true)
#5 /Applications/XAMPP/xamppfiles/htdocs/final-project-cloud-computing-b-cc-kelompok-8-boboiboy-kuasa-bug-gaib/Nusatarawisata-kaltim/vendor/laravel/framework/src/Illuminate/Database/Query/Builder.php(3173): Illuminate\\Database\\Query\\Builder->runSelect()
#6 /Applications/XAMPP/xamppfiles/htdocs/final-project-cloud-computing-b-cc-kelompok-8-boboiboy-kuasa-bug-gaib/Nusatarawisata-kaltim/vendor/laravel/framework/src/Illuminate/Database/Query/Builder.php(3763): Illuminate\\Database\\Query\\Builder->Illuminate\\Database\\Query\\{closure}()
#7 /Applications/XAMPP/xamppfiles/htdocs/final-project-cloud-computing-b-cc-kelompok-8-boboiboy-kuasa-bug-gaib/Nusatarawisata-kaltim/vendor/laravel/framework/src/Illuminate/Database/Query/Builder.php(3172): Illuminate\\Database\\Query\\Builder->onceWithColumns(Array, Object(Closure))
#8 /Applications/XAMPP/xamppfiles/htdocs/final-project-cloud-computing-b-cc-kelompok-8-boboiboy-kuasa-bug-gaib/Nusatarawisata-kaltim/vendor/laravel/framework/src/Illuminate/Database/Eloquent/Builder.php(902): Illuminate\\Database\\Query\\Builder->get(Array)
#9 /Applications/XAMPP/xamppfiles/htdocs/final-project-cloud-computing-b-cc-kelompok-8-boboiboy-kuasa-bug-gaib/Nusatarawisata-kaltim/vendor/laravel/framework/src/Illuminate/Database/Eloquent/Builder.php(884): Illuminate\\Database\\Eloquent\\Builder->getModels(Array)
#10 /Applications/XAMPP/xamppfiles/htdocs/final-project-cloud-computing-b-cc-kelompok-8-boboiboy-kuasa-bug-gaib/Nusatarawisata-kaltim/app/Services/StatsService.php(72): Illuminate\\Database\\Eloquent\\Builder->get()
#11 /Applications/XAMPP/xamppfiles/htdocs/final-project-cloud-computing-b-cc-kelompok-8-boboiboy-kuasa-bug-gaib/Nusatarawisata-kaltim/app/Http/Controllers/Admin/DashboardController.php(23): App\\Services\\StatsService->getUserGrowth()
#12 /Applications/XAMPP/xamppfiles/htdocs/final-project-cloud-computing-b-cc-kelompok-8-boboiboy-kuasa-bug-gaib/Nusatarawisata-kaltim/vendor/laravel/framework/src/Illuminate/Routing/ControllerDispatcher.php(46): App\\Http\\Controllers\\Admin\\DashboardController->index()
#13 /Applications/XAMPP/xamppfiles/htdocs/final-project-cloud-computing-b-cc-kelompok-8-boboiboy-kuasa-bug-gaib/Nusatarawisata-kaltim/vendor/laravel/framework/src/Illuminate/Routing/Route.php(265): Illuminate\\Routing\\ControllerDispatcher->dispatch(Object(Illuminate\\Routing\\Route), Object(App\\Http\\Controllers\\Admin\\DashboardController), 'index')
#14 /Applications/XAMPP/xamppfiles/htdocs/final-project-cloud-computing-b-cc-kelompok-8-boboiboy-kuasa-bug-gaib/Nusatarawisata-kaltim/vendor/laravel/framework/src/Illuminate/Routing/Route.php(211): Illuminate\\Routing\\Route->runController()
#15 /Applications/XAMPP/xamppfiles/htdocs/final-project-cloud-computing-b-cc-kelompok-8-boboiboy-kuasa-bug-gaib/Nusatarawisata-kaltim/vendor/laravel/framework/src/Illuminate/Routing/Router.php(822): Illuminate\\Routing\\Route->run()
#16 /Applications/XAMPP/xamppfiles/htdocs/final-project-cloud-computing-b-cc-kelompok-8-boboiboy-kuasa-bug-gaib/Nusatarawisata-kaltim/vendor/laravel/framework/src/Illuminate/Pipeline/Pipeline.php(180): Illuminate\\Routing\\Router->Illuminate\\Routing\\{closure}(Object(Illuminate\\Http\\Request))
#17 /Applications/XAMPP/xamppfiles/htdocs/final-project-cloud-computing-b-cc-kelompok-8-boboiboy-kuasa-bug-gaib/Nusatarawisata-kaltim/app/Http/Middleware/IsAdmin.php(25): Illuminate\\Pipeline\\Pipeline->Illuminate\\Pipeline\\{closure}(Object(Illuminate\\Http\\Request))
#18 /Applications/XAMPP/xamppfiles/htdocs/final-project-cloud-computing-b-cc-kelompok-8-boboiboy-kuasa-bug-gaib/Nusatarawisata-kaltim/vendor/laravel/framework/src/Illuminate/Pipeline/Pipeline.php(219): App\\Http\\Middleware\\IsAdmin->handle(Object(Illuminate\\Http\\Request), Object(Closure))
#19 /Applications/XAMPP/xamppfiles/htdocs/final-project-cloud-computing-b-cc-kelompok-8-boboiboy-kuasa-bug-gaib/Nusatarawisata-kaltim/vendor/laravel/framework/src/Illuminate/Routing/Middleware/SubstituteBindings.php(50): Illuminate\\Pipeline\\Pipeline->Illuminate\\Pipeline\\{closure}(Object(Illuminate\\Http\\Request))
#20 /Applications/XAMPP/xamppfiles/htdocs/final-project-cloud-computing-b-cc-kelompok-8-boboiboy-kuasa-bug-gaib/Nusatarawisata-kaltim/vendor/laravel/framework/src/Illuminate/Pipeline/Pipeline.php(219): Illuminate\\Routing\\Middleware\\SubstituteBindings->handle(Object(Illuminate\\Http\\Request), Object(Closure))
#21 /Applications/XAMPP/xamppfiles/htdocs/final-project-cloud-computing-b-cc-kelompok-8-boboiboy-kuasa-bug-gaib/Nusatarawisata-kaltim/vendor/laravel/framework/src/Illuminate/Foundation/Http/Middleware/VerifyCsrfToken.php(87): Illuminate\\Pipeline\\Pipeline->Illuminate\\Pipeline\\{closure}(Object(Illuminate\\Http\\Request))
#22 /Applications/XAMPP/xamppfiles/htdocs/final-project-cloud-computing-b-cc-kelompok-8-boboiboy-kuasa-bug-gaib/Nusatarawisata-kaltim/vendor/laravel/framework/src/Illuminate/Pipeline/Pipeline.php(219): Illuminate\\Foundation\\Http\\Middleware\\VerifyCsrfToken->handle(Object(Illuminate\\Http\\Request), Object(Closure))
#23 /Applications/XAMPP/xamppfiles/htdocs/final-project-cloud-computing-b-cc-kelompok-8-boboiboy-kuasa-bug-gaib/Nusatarawisata-kaltim/vendor/laravel/framework/src/Illuminate/View/Middleware/ShareErrorsFromSession.php(48): Illuminate\\Pipeline\\Pipeline->Illuminate\\Pipeline\\{closure}(Object(Illuminate\\Http\\Request))
#24 /Applications/XAMPP/xamppfiles/htdocs/final-project-cloud-computing-b-cc-kelompok-8-boboiboy-kuasa-bug-gaib/Nusatarawisata-kaltim/vendor/laravel/framework/src/Illuminate/Pipeline/Pipeline.php(219): Illuminate\\View\\Middleware\\ShareErrorsFromSession->handle(Object(Illuminate\\Http\\Request), Object(Closure))
#25 /Applications/XAMPP/xamppfiles/htdocs/final-project-cloud-computing-b-cc-kelompok-8-boboiboy-kuasa-bug-gaib/Nusatarawisata-kaltim/vendor/laravel/framework/src/Illuminate/Session/Middleware/StartSession.php(120): Illuminate\\Pipeline\\Pipeline->Illuminate\\Pipeline\\{closure}(Object(Illuminate\\Http\\Request))
#26 /Applications/XAMPP/xamppfiles/htdocs/final-project-cloud-computing-b-cc-kelompok-8-boboiboy-kuasa-bug-gaib/Nusatarawisata-kaltim/vendor/laravel/framework/src/Illuminate/Session/Middleware/StartSession.php(63): Illuminate\\Session\\Middleware\\StartSession->handleStatefulRequest(Object(Illuminate\\Http\\Request), Object(Illuminate\\Session\\Store), Object(Closure))
#27 /Applications/XAMPP/xamppfiles/htdocs/final-project-cloud-computing-b-cc-kelompok-8-boboiboy-kuasa-bug-gaib/Nusatarawisata-kaltim/vendor/laravel/framework/src/Illuminate/Pipeline/Pipeline.php(219): Illuminate\\Session\\Middleware\\StartSession->handle(Object(Illuminate\\Http\\Request), Object(Closure))
#28 /Applications/XAMPP/xamppfiles/htdocs/final-project-cloud-computing-b-cc-kelompok-8-boboiboy-kuasa-bug-gaib/Nusatarawisata-kaltim/vendor/laravel/framework/src/Illuminate/Cookie/Middleware/AddQueuedCookiesToResponse.php(36): Illuminate\\Pipeline\\Pipeline->Illuminate\\Pipeline\\{closure}(Object(Illuminate\\Http\\Request))
#29 /Applications/XAMPP/xamppfiles/htdocs/final-project-cloud-computing-b-cc-kelompok-8-boboiboy-kuasa-bug-gaib/Nusatarawisata-kaltim/vendor/laravel/framework/src/Illuminate/Pipeline/Pipeline.php(219): Illuminate\\Cookie\\Middleware\\AddQueuedCookiesToResponse->handle(Object(Illuminate\\Http\\Request), Object(Closure))
#30 /Applications/XAMPP/xamppfiles/htdocs/final-project-cloud-computing-b-cc-kelompok-8-boboiboy-kuasa-bug-gaib/Nusatarawisata-kaltim/vendor/laravel/framework/src/Illuminate/Cookie/Middleware/EncryptCookies.php(74): Illuminate\\Pipeline\\Pipeline->Illuminate\\Pipeline\\{closure}(Object(Illuminate\\Http\\Request))
#31 /Applications/XAMPP/xamppfiles/htdocs/final-project-cloud-computing-b-cc-kelompok-8-boboiboy-kuasa-bug-gaib/Nusatarawisata-kaltim/vendor/laravel/framework/src/Illuminate/Pipeline/Pipeline.php(219): Illuminate\\Cookie\\Middleware\\EncryptCookies->handle(Object(Illuminate\\Http\\Request), Object(Closure))
#32 /Applications/XAMPP/xamppfiles/htdocs/final-project-cloud-computing-b-cc-kelompok-8-boboiboy-kuasa-bug-gaib/Nusatarawisata-kaltim/vendor/laravel/framework/src/Illuminate/Pipeline/Pipeline.php(137): Illuminate\\Pipeline\\Pipeline->Illuminate\\Pipeline\\{closure}(Object(Illuminate\\Http\\Request))
#33 /Applications/XAMPP/xamppfiles/htdocs/final-project-cloud-computing-b-cc-kelompok-8-boboiboy-kuasa-bug-gaib/Nusatarawisata-kaltim/vendor/laravel/framework/src/Illuminate/Routing/Router.php(821): Illuminate\\Pipeline\\Pipeline->then(Object(Closure))
#34 /Applications/XAMPP/xamppfiles/htdocs/final-project-cloud-computing-b-cc-kelompok-8-boboiboy-kuasa-bug-gaib/Nusatarawisata-kaltim/vendor/laravel/framework/src/Illuminate/Routing/Router.php(800): Illuminate\\Routing\\Router->runRouteWithinStack(Object(Illuminate\\Routing\\Route), Object(Illuminate\\Http\\Request))
#35 /Applications/XAMPP/xamppfiles/htdocs/final-project-cloud-computing-b-cc-kelompok-8-boboiboy-kuasa-bug-gaib/Nusatarawisata-kaltim/vendor/laravel/framework/src/Illuminate/Routing/Router.php(764): Illuminate\\Routing\\Router->runRoute(Object(Illuminate\\Http\\Request), Object(Illuminate\\Routing\\Route))
#36 /Applications/XAMPP/xamppfiles/htdocs/final-project-cloud-computing-b-cc-kelompok-8-boboiboy-kuasa-bug-gaib/Nusatarawisata-kaltim/vendor/laravel/framework/src/Illuminate/Routing/Router.php(753): Illuminate\\Routing\\Router->dispatchToRoute(Object(Illuminate\\Http\\Request))
#37 /Applications/XAMPP/xamppfiles/htdocs/final-project-cloud-computing-b-cc-kelompok-8-boboiboy-kuasa-bug-gaib/Nusatarawisata-kaltim/vendor/laravel/framework/src/Illuminate/Foundation/Http/Kernel.php(200): Illuminate\\Routing\\Router->dispatch(Object(Illuminate\\Http\\Request))
#38 /Applications/XAMPP/xamppfiles/htdocs/final-project-cloud-computing-b-cc-kelompok-8-boboiboy-kuasa-bug-gaib/Nusatarawisata-kaltim/vendor/laravel/framework/src/Illuminate/Pipeline/Pipeline.php(180): Illuminate\\Foundation\\Http\\Kernel->Illuminate\\Foundation\\Http\\{closure}(Object(Illuminate\\Http\\Request))
#39 /Applications/XAMPP/xamppfiles/htdocs/final-project-cloud-computing-b-cc-kelompok-8-boboiboy-kuasa-bug-gaib/Nusatarawisata-kaltim/vendor/laravel/framework/src/Illuminate/Foundation/Http/Middleware/TransformsRequest.php(21): Illuminate\\Pipeline\\Pipeline->Illuminate\\Pipeline\\{closure}(Object(Illuminate\\Http\\Request))
#40 /Applications/XAMPP/xamppfiles/htdocs/final-project-cloud-computing-b-cc-kelompok-8-boboiboy-kuasa-bug-gaib/Nusatarawisata-kaltim/vendor/laravel/framework/src/Illuminate/Foundation/Http/Middleware/ConvertEmptyStringsToNull.php(31): Illuminate\\Foundation\\Http\\Middleware\\TransformsRequest->handle(Object(Illuminate\\Http\\Request), Object(Closure))
#41 /Applications/XAMPP/xamppfiles/htdocs/final-project-cloud-computing-b-cc-kelompok-8-boboiboy-kuasa-bug-gaib/Nusatarawisata-kaltim/vendor/laravel/framework/src/Illuminate/Pipeline/Pipeline.php(219): Illuminate\\Foundation\\Http\\Middleware\\ConvertEmptyStringsToNull->handle(Object(Illuminate\\Http\\Request), Object(Closure))
#42 /Applications/XAMPP/xamppfiles/htdocs/final-project-cloud-computing-b-cc-kelompok-8-boboiboy-kuasa-bug-gaib/Nusatarawisata-kaltim/vendor/laravel/framework/src/Illuminate/Foundation/Http/Middleware/TransformsRequest.php(21): Illuminate\\Pipeline\\Pipeline->Illuminate\\Pipeline\\{closure}(Object(Illuminate\\Http\\Request))
#43 /Applications/XAMPP/xamppfiles/htdocs/final-project-cloud-computing-b-cc-kelompok-8-boboiboy-kuasa-bug-gaib/Nusatarawisata-kaltim/vendor/laravel/framework/src/Illuminate/Foundation/Http/Middleware/TrimStrings.php(51): Illuminate\\Foundation\\Http\\Middleware\\TransformsRequest->handle(Object(Illuminate\\Http\\Request), Object(Closure))
#44 /Applications/XAMPP/xamppfiles/htdocs/final-project-cloud-computing-b-cc-kelompok-8-boboiboy-kuasa-bug-gaib/Nusatarawisata-kaltim/vendor/laravel/framework/src/Illuminate/Pipeline/Pipeline.php(219): Illuminate\\Foundation\\Http\\Middleware\\TrimStrings->handle(Object(Illuminate\\Http\\Request), Object(Closure))
#45 /Applications/XAMPP/xamppfiles/htdocs/final-project-cloud-computing-b-cc-kelompok-8-boboiboy-kuasa-bug-gaib/Nusatarawisata-kaltim/vendor/laravel/framework/src/Illuminate/Http/Middleware/ValidatePostSize.php(27): Illuminate\\Pipeline\\Pipeline->Illuminate\\Pipeline\\{closure}(Object(Illuminate\\Http\\Request))
#46 /Applications/XAMPP/xamppfiles/htdocs/final-project-cloud-computing-b-cc-kelompok-8-boboiboy-kuasa-bug-gaib/Nusatarawisata-kaltim/vendor/laravel/framework/src/Illuminate/Pipeline/Pipeline.php(219): Illuminate\\Http\\Middleware\\ValidatePostSize->handle(Object(Illuminate\\Http\\Request), Object(Closure))
#47 /Applications/XAMPP/xamppfiles/htdocs/final-project-cloud-computing-b-cc-kelompok-8-boboiboy-kuasa-bug-gaib/Nusatarawisata-kaltim/vendor/laravel/framework/src/Illuminate/Foundation/Http/Middleware/PreventRequestsDuringMaintenance.php(109): Illuminate\\Pipeline\\Pipeline->Illuminate\\Pipeline\\{closure}(Object(Illuminate\\Http\\Request))
#48 /Applications/XAMPP/xamppfiles/htdocs/final-project-cloud-computing-b-cc-kelompok-8-boboiboy-kuasa-bug-gaib/Nusatarawisata-kaltim/vendor/laravel/framework/src/Illuminate/Pipeline/Pipeline.php(219): Illuminate\\Foundation\\Http\\Middleware\\PreventRequestsDuringMaintenance->handle(Object(Illuminate\\Http\\Request), Object(Closure))
#49 /Applications/XAMPP/xamppfiles/htdocs/final-project-cloud-computing-b-cc-kelompok-8-boboiboy-kuasa-bug-gaib/Nusatarawisata-kaltim/vendor/laravel/framework/src/Illuminate/Http/Middleware/HandleCors.php(48): Illuminate\\Pipeline\\Pipeline->Illuminate\\Pipeline\\{closure}(Object(Illuminate\\Http\\Request))
#50 /Applications/XAMPP/xamppfiles/htdocs/final-project-cloud-computing-b-cc-kelompok-8-boboiboy-kuasa-bug-gaib/Nusatarawisata-kaltim/vendor/laravel/framework/src/Illuminate/Pipeline/Pipeline.php(219): Illuminate\\Http\\Middleware\\HandleCors->handle(Object(Illuminate\\Http\\Request), Object(Closure))
#51 /Applications/XAMPP/xamppfiles/htdocs/final-project-cloud-computing-b-cc-kelompok-8-boboiboy-kuasa-bug-gaib/Nusatarawisata-kaltim/vendor/laravel/framework/src/Illuminate/Http/Middleware/TrustProxies.php(58): Illuminate\\Pipeline\\Pipeline->Illuminate\\Pipeline\\{closure}(Object(Illuminate\\Http\\Request))
#52 /Applications/XAMPP/xamppfiles/htdocs/final-project-cloud-computing-b-cc-kelompok-8-boboiboy-kuasa-bug-gaib/Nusatarawisata-kaltim/vendor/laravel/framework/src/Illuminate/Pipeline/Pipeline.php(219): Illuminate\\Http\\Middleware\\TrustProxies->handle(Object(Illuminate\\Http\\Request), Object(Closure))
#53 /Applications/XAMPP/xamppfiles/htdocs/final-project-cloud-computing-b-cc-kelompok-8-boboiboy-kuasa-bug-gaib/Nusatarawisata-kaltim/vendor/laravel/framework/src/Illuminate/Foundation/Http/Middleware/InvokeDeferredCallbacks.php(22): Illuminate\\Pipeline\\Pipeline->Illuminate\\Pipeline\\{closure}(Object(Illuminate\\Http\\Request))
#54 /Applications/XAMPP/xamppfiles/htdocs/final-project-cloud-computing-b-cc-kelompok-8-boboiboy-kuasa-bug-gaib/Nusatarawisata-kaltim/vendor/laravel/framework/src/Illuminate/Pipeline/Pipeline.php(219): Illuminate\\Foundation\\Http\\Middleware\\InvokeDeferredCallbacks->handle(Object(Illuminate\\Http\\Request), Object(Closure))
#55 /Applications/XAMPP/xamppfiles/htdocs/final-project-cloud-computing-b-cc-kelompok-8-boboiboy-kuasa-bug-gaib/Nusatarawisata-kaltim/vendor/laravel/framework/src/Illuminate/Http/Middleware/ValidatePathEncoding.php(26): Illuminate\\Pipeline\\Pipeline->Illuminate\\Pipeline\\{closure}(Object(Illuminate\\Http\\Request))
#56 /Applications/XAMPP/xamppfiles/htdocs/final-project-cloud-computing-b-cc-kelompok-8-boboiboy-kuasa-bug-gaib/Nusatarawisata-kaltim/vendor/laravel/framework/src/Illuminate/Pipeline/Pipeline.php(219): Illuminate\\Http\\Middleware\\ValidatePathEncoding->handle(Object(Illuminate\\Http\\Request), Object(Closure))
#57 /Applications/XAMPP/xamppfiles/htdocs/final-project-cloud-computing-b-cc-kelompok-8-boboiboy-kuasa-bug-gaib/Nusatarawisata-kaltim/vendor/laravel/framework/src/Illuminate/Pipeline/Pipeline.php(137): Illuminate\\Pipeline\\Pipeline->Illuminate\\Pipeline\\{closure}(Object(Illuminate\\Http\\Request))
#58 /Applications/XAMPP/xamppfiles/htdocs/final-project-cloud-computing-b-cc-kelompok-8-boboiboy-kuasa-bug-gaib/Nusatarawisata-kaltim/vendor/laravel/framework/src/Illuminate/Foundation/Http/Kernel.php(175): Illuminate\\Pipeline\\Pipeline->then(Object(Closure))
#59 /Applications/XAMPP/xamppfiles/htdocs/final-project-cloud-computing-b-cc-kelompok-8-boboiboy-kuasa-bug-gaib/Nusatarawisata-kaltim/vendor/laravel/framework/src/Illuminate/Foundation/Http/Kernel.php(144): Illuminate\\Foundation\\Http\\Kernel->sendRequestThroughRouter(Object(Illuminate\\Http\\Request))
#60 /Applications/XAMPP/xamppfiles/htdocs/final-project-cloud-computing-b-cc-kelompok-8-boboiboy-kuasa-bug-gaib/Nusatarawisata-kaltim/vendor/laravel/framework/src/Illuminate/Foundation/Application.php(1220): Illuminate\\Foundation\\Http\\Kernel->handle(Object(Illuminate\\Http\\Request))
#61 /Applications/XAMPP/xamppfiles/htdocs/final-project-cloud-computing-b-cc-kelompok-8-boboiboy-kuasa-bug-gaib/Nusatarawisata-kaltim/public/index.php(20): Illuminate\\Foundation\\Application->handleRequest(Object(Illuminate\\Http\\Request))
#62 /Applications/XAMPP/xamppfiles/htdocs/final-project-cloud-computing-b-cc-kelompok-8-boboiboy-kuasa-bug-gaib/Nusatarawisata-kaltim/vendor/laravel/framework/src/Illuminate/Foundation/resources/server.php(23): require_once('/Applications/X...')
#63 {main}
"} 
[2025-10-29 02:12:55] local.ERROR: Route [user.home] not defined. (View: /Applications/XAMPP/xamppfiles/htdocs/final-project-cloud-computing-b-cc-kelompok-8-boboiboy-kuasa-bug-gaib/Nusatarawisata-kaltim/resources/views/components/admin/navbar.blade.php) (View: /Applications/XAMPP/xamppfiles/htdocs/final-project-cloud-computing-b-cc-kelompok-8-boboiboy-kuasa-bug-gaib/Nusatarawisata-kaltim/resources/views/components/admin/navbar.blade.php) (View: /Applications/XAMPP/xamppfiles/htdocs/final-project-cloud-computing-b-cc-kelompok-8-boboiboy-kuasa-bug-gaib/Nusatarawisata-kaltim/resources/views/components/admin/navbar.blade.php) {"userId":1,"exception":"[object] (Illuminate\\View\\ViewException(code: 0): Route [user.home] not defined. (View: /Applications/XAMPP/xamppfiles/htdocs/final-project-cloud-computing-b-cc-kelompok-8-boboiboy-kuasa-bug-gaib/Nusatarawisata-kaltim/resources/views/components/admin/navbar.blade.php) (View: /Applications/XAMPP/xamppfiles/htdocs/final-project-cloud-computing-b-cc-kelompok-8-boboiboy-kuasa-bug-gaib/Nusatarawisata-kaltim/resources/views/components/admin/navbar.blade.php) (View: /Applications/XAMPP/xamppfiles/htdocs/final-project-cloud-computing-b-cc-kelompok-8-boboiboy-kuasa-bug-gaib/Nusatarawisata-kaltim/resources/views/components/admin/navbar.blade.php) at /Applications/XAMPP/xamppfiles/htdocs/final-project-cloud-computing-b-cc-kelompok-8-boboiboy-kuasa-bug-gaib/Nusatarawisata-kaltim/vendor/laravel/framework/src/Illuminate/Routing/UrlGenerator.php:526)
[stacktrace]
#0 /Applications/XAMPP/xamppfiles/htdocs/final-project-cloud-computing-b-cc-kelompok-8-boboiboy-kuasa-bug-gaib/Nusatarawisata-kaltim/vendor/laravel/framework/src/Illuminate/View/Engines/PhpEngine.php(59): Illuminate\\View\\Engines\\CompilerEngine->handleViewException(Object(Illuminate\\View\\ViewException), 1)
#1 /Applications/XAMPP/xamppfiles/htdocs/final-project-cloud-computing-b-cc-kelompok-8-boboiboy-kuasa-bug-gaib/Nusatarawisata-kaltim/vendor/laravel/framework/src/Illuminate/View/Engines/CompilerEngine.php(76): Illuminate\\View\\Engines\\PhpEngine->evaluatePath('/Applications/X...', Array)
#2 /Applications/XAMPP/xamppfiles/htdocs/final-project-cloud-computing-b-cc-kelompok-8-boboiboy-kuasa-bug-gaib/Nusatarawisata-kaltim/vendor/laravel/framework/src/Illuminate/View/View.php(208): Illuminate\\View\\Engines\\CompilerEngine->get('/Applications/X...', Array)
#3 /Applications/XAMPP/xamppfiles/htdocs/final-project-cloud-computing-b-cc-kelompok-8-boboiboy-kuasa-bug-gaib/Nusatarawisata-kaltim/vendor/laravel/framework/src/Illuminate/View/View.php(191): Illuminate\\View\\View->getContents()
#4 /Applications/XAMPP/xamppfiles/htdocs/final-project-cloud-computing-b-cc-kelompok-8-boboiboy-kuasa-bug-gaib/Nusatarawisata-kaltim/vendor/laravel/framework/src/Illuminate/View/View.php(160): Illuminate\\View\\View->renderContents()
#5 /Applications/XAMPP/xamppfiles/htdocs/final-project-cloud-computing-b-cc-kelompok-8-boboiboy-kuasa-bug-gaib/Nusatarawisata-kaltim/vendor/laravel/framework/src/Illuminate/Http/Response.php(78): Illuminate\\View\\View->render()
#6 /Applications/XAMPP/xamppfiles/htdocs/final-project-cloud-computing-b-cc-kelompok-8-boboiboy-kuasa-bug-gaib/Nusatarawisata-kaltim/vendor/laravel/framework/src/Illuminate/Http/Response.php(34): Illuminate\\Http\\Response->setContent(Object(Illuminate\\View\\View))
#7 /Applications/XAMPP/xamppfiles/htdocs/final-project-cloud-computing-b-cc-kelompok-8-boboiboy-kuasa-bug-gaib/Nusatarawisata-kaltim/vendor/laravel/framework/src/Illuminate/Routing/Router.php(939): Illuminate\\Http\\Response->__construct(Object(Illuminate\\View\\View), 200, Array)
#8 /Applications/XAMPP/xamppfiles/htdocs/final-project-cloud-computing-b-cc-kelompok-8-boboiboy-kuasa-bug-gaib/Nusatarawisata-kaltim/vendor/laravel/framework/src/Illuminate/Routing/Router.php(906): Illuminate\\Routing\\Router::toResponse(Object(Illuminate\\Http\\Request), Object(Illuminate\\View\\View))
#9 /Applications/XAMPP/xamppfiles/htdocs/final-project-cloud-computing-b-cc-kelompok-8-boboiboy-kuasa-bug-gaib/Nusatarawisata-kaltim/vendor/laravel/framework/src/Illuminate/Routing/Router.php(821): Illuminate\\Routing\\Router->prepareResponse(Object(Illuminate\\Http\\Request), Object(Illuminate\\View\\View))
#10 /Applications/XAMPP/xamppfiles/htdocs/final-project-cloud-computing-b-cc-kelompok-8-boboiboy-kuasa-bug-gaib/Nusatarawisata-kaltim/vendor/laravel/framework/src/Illuminate/Pipeline/Pipeline.php(180): Illuminate\\Routing\\Router->Illuminate\\Routing\\{closure}(Object(Illuminate\\Http\\Request))
#11 /Applications/XAMPP/xamppfiles/htdocs/final-project-cloud-computing-b-cc-kelompok-8-boboiboy-kuasa-bug-gaib/Nusatarawisata-kaltim/app/Http/Middleware/IsAdmin.php(25): Illuminate\\Pipeline\\Pipeline->Illuminate\\Pipeline\\{closure}(Object(Illuminate\\Http\\Request))
#12 /Applications/XAMPP/xamppfiles/htdocs/final-project-cloud-computing-b-cc-kelompok-8-boboiboy-kuasa-bug-gaib/Nusatarawisata-kaltim/vendor/laravel/framework/src/Illuminate/Pipeline/Pipeline.php(219): App\\Http\\Middleware\\IsAdmin->handle(Object(Illuminate\\Http\\Request), Object(Closure))
#13 /Applications/XAMPP/xamppfiles/htdocs/final-project-cloud-computing-b-cc-kelompok-8-boboiboy-kuasa-bug-gaib/Nusatarawisata-kaltim/vendor/laravel/framework/src/Illuminate/Routing/Middleware/SubstituteBindings.php(50): Illuminate\\Pipeline\\Pipeline->Illuminate\\Pipeline\\{closure}(Object(Illuminate\\Http\\Request))
#14 /Applications/XAMPP/xamppfiles/htdocs/final-project-cloud-computing-b-cc-kelompok-8-boboiboy-kuasa-bug-gaib/Nusatarawisata-kaltim/vendor/laravel/framework/src/Illuminate/Pipeline/Pipeline.php(219): Illuminate\\Routing\\Middleware\\SubstituteBindings->handle(Object(Illuminate\\Http\\Request), Object(Closure))
#15 /Applications/XAMPP/xamppfiles/htdocs/final-project-cloud-computing-b-cc-kelompok-8-boboiboy-kuasa-bug-gaib/Nusatarawisata-kaltim/vendor/laravel/framework/src/Illuminate/Foundation/Http/Middleware/VerifyCsrfToken.php(87): Illuminate\\Pipeline\\Pipeline->Illuminate\\Pipeline\\{closure}(Object(Illuminate\\Http\\Request))
#16 /Applications/XAMPP/xamppfiles/htdocs/final-project-cloud-computing-b-cc-kelompok-8-boboiboy-kuasa-bug-gaib/Nusatarawisata-kaltim/vendor/laravel/framework/src/Illuminate/Pipeline/Pipeline.php(219): Illuminate\\Foundation\\Http\\Middleware\\VerifyCsrfToken->handle(Object(Illuminate\\Http\\Request), Object(Closure))
#17 /Applications/XAMPP/xamppfiles/htdocs/final-project-cloud-computing-b-cc-kelompok-8-boboiboy-kuasa-bug-gaib/Nusatarawisata-kaltim/vendor/laravel/framework/src/Illuminate/View/Middleware/ShareErrorsFromSession.php(48): Illuminate\\Pipeline\\Pipeline->Illuminate\\Pipeline\\{closure}(Object(Illuminate\\Http\\Request))
#18 /Applications/XAMPP/xamppfiles/htdocs/final-project-cloud-computing-b-cc-kelompok-8-boboiboy-kuasa-bug-gaib/Nusatarawisata-kaltim/vendor/laravel/framework/src/Illuminate/Pipeline/Pipeline.php(219): Illuminate\\View\\Middleware\\ShareErrorsFromSession->handle(Object(Illuminate\\Http\\Request), Object(Closure))
#19 /Applications/XAMPP/xamppfiles/htdocs/final-project-cloud-computing-b-cc-kelompok-8-boboiboy-kuasa-bug-gaib/Nusatarawisata-kaltim/vendor/laravel/framework/src/Illuminate/Session/Middleware/StartSession.php(120): Illuminate\\Pipeline\\Pipeline->Illuminate\\Pipeline\\{closure}(Object(Illuminate\\Http\\Request))
#20 /Applications/XAMPP/xamppfiles/htdocs/final-project-cloud-computing-b-cc-kelompok-8-boboiboy-kuasa-bug-gaib/Nusatarawisata-kaltim/vendor/laravel/framework/src/Illuminate/Session/Middleware/StartSession.php(63): Illuminate\\Session\\Middleware\\StartSession->handleStatefulRequest(Object(Illuminate\\Http\\Request), Object(Illuminate\\Session\\Store), Object(Closure))
#21 /Applications/XAMPP/xamppfiles/htdocs/final-project-cloud-computing-b-cc-kelompok-8-boboiboy-kuasa-bug-gaib/Nusatarawisata-kaltim/vendor/laravel/framework/src/Illuminate/Pipeline/Pipeline.php(219): Illuminate\\Session\\Middleware\\StartSession->handle(Object(Illuminate\\Http\\Request), Object(Closure))
#22 /Applications/XAMPP/xamppfiles/htdocs/final-project-cloud-computing-b-cc-kelompok-8-boboiboy-kuasa-bug-gaib/Nusatarawisata-kaltim/vendor/laravel/framework/src/Illuminate/Cookie/Middleware/AddQueuedCookiesToResponse.php(36): Illuminate\\Pipeline\\Pipeline->Illuminate\\Pipeline\\{closure}(Object(Illuminate\\Http\\Request))
#23 /Applications/XAMPP/xamppfiles/htdocs/final-project-cloud-computing-b-cc-kelompok-8-boboiboy-kuasa-bug-gaib/Nusatarawisata-kaltim/vendor/laravel/framework/src/Illuminate/Pipeline/Pipeline.php(219): Illuminate\\Cookie\\Middleware\\AddQueuedCookiesToResponse->handle(Object(Illuminate\\Http\\Request), Object(Closure))
#24 /Applications/XAMPP/xamppfiles/htdocs/final-project-cloud-computing-b-cc-kelompok-8-boboiboy-kuasa-bug-gaib/Nusatarawisata-kaltim/vendor/laravel/framework/src/Illuminate/Cookie/Middleware/EncryptCookies.php(74): Illuminate\\Pipeline\\Pipeline->Illuminate\\Pipeline\\{closure}(Object(Illuminate\\Http\\Request))
#25 /Applications/XAMPP/xamppfiles/htdocs/final-project-cloud-computing-b-cc-kelompok-8-boboiboy-kuasa-bug-gaib/Nusatarawisata-kaltim/vendor/laravel/framework/src/Illuminate/Pipeline/Pipeline.php(219): Illuminate\\Cookie\\Middleware\\EncryptCookies->handle(Object(Illuminate\\Http\\Request), Object(Closure))
#26 /Applications/XAMPP/xamppfiles/htdocs/final-project-cloud-computing-b-cc-kelompok-8-boboiboy-kuasa-bug-gaib/Nusatarawisata-kaltim/vendor/laravel/framework/src/Illuminate/Pipeline/Pipeline.php(137): Illuminate\\Pipeline\\Pipeline->Illuminate\\Pipeline\\{closure}(Object(Illuminate\\Http\\Request))
#27 /Applications/XAMPP/xamppfiles/htdocs/final-project-cloud-computing-b-cc-kelompok-8-boboiboy-kuasa-bug-gaib/Nusatarawisata-kaltim/vendor/laravel/framework/src/Illuminate/Routing/Router.php(821): Illuminate\\Pipeline\\Pipeline->then(Object(Closure))
#28 /Applications/XAMPP/xamppfiles/htdocs/final-project-cloud-computing-b-cc-kelompok-8-boboiboy-kuasa-bug-gaib/Nusatarawisata-kaltim/vendor/laravel/framework/src/Illuminate/Routing/Router.php(800): Illuminate\\Routing\\Router->runRouteWithinStack(Object(Illuminate\\Routing\\Route), Object(Illuminate\\Http\\Request))
#29 /Applications/XAMPP/xamppfiles/htdocs/final-project-cloud-computing-b-cc-kelompok-8-boboiboy-kuasa-bug-gaib/Nusatarawisata-kaltim/vendor/laravel/framework/src/Illuminate/Routing/Router.php(764): Illuminate\\Routing\\Router->runRoute(Object(Illuminate\\Http\\Request), Object(Illuminate\\Routing\\Route))
#30 /Applications/XAMPP/xamppfiles/htdocs/final-project-cloud-computing-b-cc-kelompok-8-boboiboy-kuasa-bug-gaib/Nusatarawisata-kaltim/vendor/laravel/framework/src/Illuminate/Routing/Router.php(753): Illuminate\\Routing\\Router->dispatchToRoute(Object(Illuminate\\Http\\Request))
#31 /Applications/XAMPP/xamppfiles/htdocs/final-project-cloud-computing-b-cc-kelompok-8-boboiboy-kuasa-bug-gaib/Nusatarawisata-kaltim/vendor/laravel/framework/src/Illuminate/Foundation/Http/Kernel.php(200): Illuminate\\Routing\\Router->dispatch(Object(Illuminate\\Http\\Request))
#32 /Applications/XAMPP/xamppfiles/htdocs/final-project-cloud-computing-b-cc-kelompok-8-boboiboy-kuasa-bug-gaib/Nusatarawisata-kaltim/vendor/laravel/framework/src/Illuminate/Pipeline/Pipeline.php(180): Illuminate\\Foundation\\Http\\Kernel->Illuminate\\Foundation\\Http\\{closure}(Object(Illuminate\\Http\\Request))
#33 /Applications/XAMPP/xamppfiles/htdocs/final-project-cloud-computing-b-cc-kelompok-8-boboiboy-kuasa-bug-gaib/Nusatarawisata-kaltim/vendor/laravel/framework/src/Illuminate/Foundation/Http/Middleware/TransformsRequest.php(21): Illuminate\\Pipeline\\Pipeline->Illuminate\\Pipeline\\{closure}(Object(Illuminate\\Http\\Request))
#34 /Applications/XAMPP/xamppfiles/htdocs/final-project-cloud-computing-b-cc-kelompok-8-boboiboy-kuasa-bug-gaib/Nusatarawisata-kaltim/vendor/laravel/framework/src/Illuminate/Foundation/Http/Middleware/ConvertEmptyStringsToNull.php(31): Illuminate\\Foundation\\Http\\Middleware\\TransformsRequest->handle(Object(Illuminate\\Http\\Request), Object(Closure))
#35 /Applications/XAMPP/xamppfiles/htdocs/final-project-cloud-computing-b-cc-kelompok-8-boboiboy-kuasa-bug-gaib/Nusatarawisata-kaltim/vendor/laravel/framework/src/Illuminate/Pipeline/Pipeline.php(219): Illuminate\\Foundation\\Http\\Middleware\\ConvertEmptyStringsToNull->handle(Object(Illuminate\\Http\\Request), Object(Closure))
#36 /Applications/XAMPP/xamppfiles/htdocs/final-project-cloud-computing-b-cc-kelompok-8-boboiboy-kuasa-bug-gaib/Nusatarawisata-kaltim/vendor/laravel/framework/src/Illuminate/Foundation/Http/Middleware/TransformsRequest.php(21): Illuminate\\Pipeline\\Pipeline->Illuminate\\Pipeline\\{closure}(Object(Illuminate\\Http\\Request))
#37 /Applications/XAMPP/xamppfiles/htdocs/final-project-cloud-computing-b-cc-kelompok-8-boboiboy-kuasa-bug-gaib/Nusatarawisata-kaltim/vendor/laravel/framework/src/Illuminate/Foundation/Http/Middleware/TrimStrings.php(51): Illuminate\\Foundation\\Http\\Middleware\\TransformsRequest->handle(Object(Illuminate\\Http\\Request), Object(Closure))
#38 /Applications/XAMPP/xamppfiles/htdocs/final-project-cloud-computing-b-cc-kelompok-8-boboiboy-kuasa-bug-gaib/Nusatarawisata-kaltim/vendor/laravel/framework/src/Illuminate/Pipeline/Pipeline.php(219): Illuminate\\Foundation\\Http\\Middleware\\TrimStrings->handle(Object(Illuminate\\Http\\Request), Object(Closure))
#39 /Applications/XAMPP/xamppfiles/htdocs/final-project-cloud-computing-b-cc-kelompok-8-boboiboy-kuasa-bug-gaib/Nusatarawisata-kaltim/vendor/laravel/framework/src/Illuminate/Http/Middleware/ValidatePostSize.php(27): Illuminate\\Pipeline\\Pipeline->Illuminate\\Pipeline\\{closure}(Object(Illuminate\\Http\\Request))
#40 /Applications/XAMPP/xamppfiles/htdocs/final-project-cloud-computing-b-cc-kelompok-8-boboiboy-kuasa-bug-gaib/Nusatarawisata-kaltim/vendor/laravel/framework/src/Illuminate/Pipeline/Pipeline.php(219): Illuminate\\Http\\Middleware\\ValidatePostSize->handle(Object(Illuminate\\Http\\Request), Object(Closure))
#41 /Applications/XAMPP/xamppfiles/htdocs/final-project-cloud-computing-b-cc-kelompok-8-boboiboy-kuasa-bug-gaib/Nusatarawisata-kaltim/vendor/laravel/framework/src/Illuminate/Foundation/Http/Middleware/PreventRequestsDuringMaintenance.php(109): Illuminate\\Pipeline\\Pipeline->Illuminate\\Pipeline\\{closure}(Object(Illuminate\\Http\\Request))
#42 /Applications/XAMPP/xamppfiles/htdocs/final-project-cloud-computing-b-cc-kelompok-8-boboiboy-kuasa-bug-gaib/Nusatarawisata-kaltim/vendor/laravel/framework/src/Illuminate/Pipeline/Pipeline.php(219): Illuminate\\Foundation\\Http\\Middleware\\PreventRequestsDuringMaintenance->handle(Object(Illuminate\\Http\\Request), Object(Closure))
#43 /Applications/XAMPP/xamppfiles/htdocs/final-project-cloud-computing-b-cc-kelompok-8-boboiboy-kuasa-bug-gaib/Nusatarawisata-kaltim/vendor/laravel/framework/src/Illuminate/Http/Middleware/HandleCors.php(48): Illuminate\\Pipeline\\Pipeline->Illuminate\\Pipeline\\{closure}(Object(Illuminate\\Http\\Request))
#44 /Applications/XAMPP/xamppfiles/htdocs/final-project-cloud-computing-b-cc-kelompok-8-boboiboy-kuasa-bug-gaib/Nusatarawisata-kaltim/vendor/laravel/framework/src/Illuminate/Pipeline/Pipeline.php(219): Illuminate\\Http\\Middleware\\HandleCors->handle(Object(Illuminate\\Http\\Request), Object(Closure))
#45 /Applications/XAMPP/xamppfiles/htdocs/final-project-cloud-computing-b-cc-kelompok-8-boboiboy-kuasa-bug-gaib/Nusatarawisata-kaltim/vendor/laravel/framework/src/Illuminate/Http/Middleware/TrustProxies.php(58): Illuminate\\Pipeline\\Pipeline->Illuminate\\Pipeline\\{closure}(Object(Illuminate\\Http\\Request))
#46 /Applications/XAMPP/xamppfiles/htdocs/final-project-cloud-computing-b-cc-kelompok-8-boboiboy-kuasa-bug-gaib/Nusatarawisata-kaltim/vendor/laravel/framework/src/Illuminate/Pipeline/Pipeline.php(219): Illuminate\\Http\\Middleware\\TrustProxies->handle(Object(Illuminate\\Http\\Request), Object(Closure))
#47 /Applications/XAMPP/xamppfiles/htdocs/final-project-cloud-computing-b-cc-kelompok-8-boboiboy-kuasa-bug-gaib/Nusatarawisata-kaltim/vendor/laravel/framework/src/Illuminate/Foundation/Http/Middleware/InvokeDeferredCallbacks.php(22): Illuminate\\Pipeline\\Pipeline->Illuminate\\Pipeline\\{closure}(Object(Illuminate\\Http\\Request))
#48 /Applications/XAMPP/xamppfiles/htdocs/final-project-cloud-computing-b-cc-kelompok-8-boboiboy-kuasa-bug-gaib/Nusatarawisata-kaltim/vendor/laravel/framework/src/Illuminate/Pipeline/Pipeline.php(219): Illuminate\\Foundation\\Http\\Middleware\\InvokeDeferredCallbacks->handle(Object(Illuminate\\Http\\Request), Object(Closure))
#49 /Applications/XAMPP/xamppfiles/htdocs/final-project-cloud-computing-b-cc-kelompok-8-boboiboy-kuasa-bug-gaib/Nusatarawisata-kaltim/vendor/laravel/framework/src/Illuminate/Http/Middleware/ValidatePathEncoding.php(26): Illuminate\\Pipeline\\Pipeline->Illuminate\\Pipeline\\{closure}(Object(Illuminate\\Http\\Request))
#50 /Applications/XAMPP/xamppfiles/htdocs/final-project-cloud-computing-b-cc-kelompok-8-boboiboy-kuasa-bug-gaib/Nusatarawisata-kaltim/vendor/laravel/framework/src/Illuminate/Pipeline/Pipeline.php(219): Illuminate\\Http\\Middleware\\ValidatePathEncoding->handle(Object(Illuminate\\Http\\Request), Object(Closure))
#51 /Applications/XAMPP/xamppfiles/htdocs/final-project-cloud-computing-b-cc-kelompok-8-boboiboy-kuasa-bug-gaib/Nusatarawisata-kaltim/vendor/laravel/framework/src/Illuminate/Pipeline/Pipeline.php(137): Illuminate\\Pipeline\\Pipeline->Illuminate\\Pipeline\\{closure}(Object(Illuminate\\Http\\Request))
#52 /Applications/XAMPP/xamppfiles/htdocs/final-project-cloud-computing-b-cc-kelompok-8-boboiboy-kuasa-bug-gaib/Nusatarawisata-kaltim/vendor/laravel/framework/src/Illuminate/Foundation/Http/Kernel.php(175): Illuminate\\Pipeline\\Pipeline->then(Object(Closure))
#53 /Applications/XAMPP/xamppfiles/htdocs/final-project-cloud-computing-b-cc-kelompok-8-boboiboy-kuasa-bug-gaib/Nusatarawisata-kaltim/vendor/laravel/framework/src/Illuminate/Foundation/Http/Kernel.php(144): Illuminate\\Foundation\\Http\\Kernel->sendRequestThroughRouter(Object(Illuminate\\Http\\Request))
#54 /Applications/XAMPP/xamppfiles/htdocs/final-project-cloud-computing-b-cc-kelompok-8-boboiboy-kuasa-bug-gaib/Nusatarawisata-kaltim/vendor/laravel/framework/src/Illuminate/Foundation/Application.php(1220): Illuminate\\Foundation\\Http\\Kernel->handle(Object(Illuminate\\Http\\Request))
#55 /Applications/XAMPP/xamppfiles/htdocs/final-project-cloud-computing-b-cc-kelompok-8-boboiboy-kuasa-bug-gaib/Nusatarawisata-kaltim/public/index.php(20): Illuminate\\Foundation\\Application->handleRequest(Object(Illuminate\\Http\\Request))
#56 /Applications/XAMPP/xamppfiles/htdocs/final-project-cloud-computing-b-cc-kelompok-8-boboiboy-kuasa-bug-gaib/Nusatarawisata-kaltim/vendor/laravel/framework/src/Illuminate/Foundation/resources/server.php(23): require_once('/Applications/X...')
#57 {main}

[previous exception] [object] (Illuminate\\View\\ViewException(code: 0): Route [user.home] not defined. (View: /Applications/XAMPP/xamppfiles/htdocs/final-project-cloud-computing-b-cc-kelompok-8-boboiboy-kuasa-bug-gaib/Nusatarawisata-kaltim/resources/views/components/admin/navbar.blade.php) (View: /Applications/XAMPP/xamppfiles/htdocs/final-project-cloud-computing-b-cc-kelompok-8-boboiboy-kuasa-bug-gaib/Nusatarawisata-kaltim/resources/views/components/admin/navbar.blade.php) at /Applications/XAMPP/xamppfiles/htdocs/final-project-cloud-computing-b-cc-kelompok-8-boboiboy-kuasa-bug-gaib/Nusatarawisata-kaltim/vendor/laravel/framework/src/Illuminate/Routing/UrlGenerator.php:526)
[stacktrace]
#0 /Applications/XAMPP/xamppfiles/htdocs/final-project-cloud-computing-b-cc-kelompok-8-boboiboy-kuasa-bug-gaib/Nusatarawisata-kaltim/vendor/laravel/framework/src/Illuminate/View/Engines/PhpEngine.php(59): Illuminate\\View\\Engines\\CompilerEngine->handleViewException(Object(Illuminate\\View\\ViewException), 2)
#1 /Applications/XAMPP/xamppfiles/htdocs/final-project-cloud-computing-b-cc-kelompok-8-boboiboy-kuasa-bug-gaib/Nusatarawisata-kaltim/vendor/laravel/framework/src/Illuminate/View/Engines/CompilerEngine.php(76): Illuminate\\View\\Engines\\PhpEngine->evaluatePath('/Applications/X...', Array)
#2 /Applications/XAMPP/xamppfiles/htdocs/final-project-cloud-computing-b-cc-kelompok-8-boboiboy-kuasa-bug-gaib/Nusatarawisata-kaltim/vendor/laravel/framework/src/Illuminate/View/View.php(208): Illuminate\\View\\Engines\\CompilerEngine->get('/Applications/X...', Array)
#3 /Applications/XAMPP/xamppfiles/htdocs/final-project-cloud-computing-b-cc-kelompok-8-boboiboy-kuasa-bug-gaib/Nusatarawisata-kaltim/vendor/laravel/framework/src/Illuminate/View/View.php(191): Illuminate\\View\\View->getContents()
#4 /Applications/XAMPP/xamppfiles/htdocs/final-project-cloud-computing-b-cc-kelompok-8-boboiboy-kuasa-bug-gaib/Nusatarawisata-kaltim/vendor/laravel/framework/src/Illuminate/View/View.php(160): Illuminate\\View\\View->renderContents()
#5 /Applications/XAMPP/xamppfiles/htdocs/final-project-cloud-computing-b-cc-kelompok-8-boboiboy-kuasa-bug-gaib/Nusatarawisata-kaltim/storage/framework/views/cdce134fccee2388a9fc444b1db8fa96.php(217): Illuminate\\View\\View->render()
#6 /Applications/XAMPP/xamppfiles/htdocs/final-project-cloud-computing-b-cc-kelompok-8-boboiboy-kuasa-bug-gaib/Nusatarawisata-kaltim/vendor/laravel/framework/src/Illuminate/Filesystem/Filesystem.php(123): require('/Applications/X...')
#7 /Applications/XAMPP/xamppfiles/htdocs/final-project-cloud-computing-b-cc-kelompok-8-boboiboy-kuasa-bug-gaib/Nusatarawisata-kaltim/vendor/laravel/framework/src/Illuminate/Filesystem/Filesystem.php(124): Illuminate\\Filesystem\\Filesystem::Illuminate\\Filesystem\\{closure}()
#8 /Applications/XAMPP/xamppfiles/htdocs/final-project-cloud-computing-b-cc-kelompok-8-boboiboy-kuasa-bug-gaib/Nusatarawisata-kaltim/vendor/laravel/framework/src/Illuminate/View/Engines/PhpEngine.php(57): Illuminate\\Filesystem\\Filesystem->getRequire('/Applications/X...', Array)
#9 /Applications/XAMPP/xamppfiles/htdocs/final-project-cloud-computing-b-cc-kelompok-8-boboiboy-kuasa-bug-gaib/Nusatarawisata-kaltim/vendor/laravel/framework/src/Illuminate/View/Engines/CompilerEngine.php(76): Illuminate\\View\\Engines\\PhpEngine->evaluatePath('/Applications/X...', Array)
#10 /Applications/XAMPP/xamppfiles/htdocs/final-project-cloud-computing-b-cc-kelompok-8-boboiboy-kuasa-bug-gaib/Nusatarawisata-kaltim/vendor/laravel/framework/src/Illuminate/View/View.php(208): Illuminate\\View\\Engines\\CompilerEngine->get('/Applications/X...', Array)
#11 /Applications/XAMPP/xamppfiles/htdocs/final-project-cloud-computing-b-cc-kelompok-8-boboiboy-kuasa-bug-gaib/Nusatarawisata-kaltim/vendor/laravel/framework/src/Illuminate/View/View.php(191): Illuminate\\View\\View->getContents()
#12 /Applications/XAMPP/xamppfiles/htdocs/final-project-cloud-computing-b-cc-kelompok-8-boboiboy-kuasa-bug-gaib/Nusatarawisata-kaltim/vendor/laravel/framework/src/Illuminate/View/View.php(160): Illuminate\\View\\View->renderContents()
#13 /Applications/XAMPP/xamppfiles/htdocs/final-project-cloud-computing-b-cc-kelompok-8-boboiboy-kuasa-bug-gaib/Nusatarawisata-kaltim/vendor/laravel/framework/src/Illuminate/Http/Response.php(78): Illuminate\\View\\View->render()
#14 /Applications/XAMPP/xamppfiles/htdocs/final-project-cloud-computing-b-cc-kelompok-8-boboiboy-kuasa-bug-gaib/Nusatarawisata-kaltim/vendor/laravel/framework/src/Illuminate/Http/Response.php(34): Illuminate\\Http\\Response->setContent(Object(Illuminate\\View\\View))
#15 /Applications/XAMPP/xamppfiles/htdocs/final-project-cloud-computing-b-cc-kelompok-8-boboiboy-kuasa-bug-gaib/Nusatarawisata-kaltim/vendor/laravel/framework/src/Illuminate/Routing/Router.php(939): Illuminate\\Http\\Response->__construct(Object(Illuminate\\View\\View), 200, Array)
#16 /Applications/XAMPP/xamppfiles/htdocs/final-project-cloud-computing-b-cc-kelompok-8-boboiboy-kuasa-bug-gaib/Nusatarawisata-kaltim/vendor/laravel/framework/src/Illuminate/Routing/Router.php(906): Illuminate\\Routing\\Router::toResponse(Object(Illuminate\\Http\\Request), Object(Illuminate\\View\\View))
#17 /Applications/XAMPP/xamppfiles/htdocs/final-project-cloud-computing-b-cc-kelompok-8-boboiboy-kuasa-bug-gaib/Nusatarawisata-kaltim/vendor/laravel/framework/src/Illuminate/Routing/Router.php(821): Illuminate\\Routing\\Router->prepareResponse(Object(Illuminate\\Http\\Request), Object(Illuminate\\View\\View))
#18 /Applications/XAMPP/xamppfiles/htdocs/final-project-cloud-computing-b-cc-kelompok-8-boboiboy-kuasa-bug-gaib/Nusatarawisata-kaltim/vendor/laravel/framework/src/Illuminate/Pipeline/Pipeline.php(180): Illuminate\\Routing\\Router->Illuminate\\Routing\\{closure}(Object(Illuminate\\Http\\Request))
#19 /Applications/XAMPP/xamppfiles/htdocs/final-project-cloud-computing-b-cc-kelompok-8-boboiboy-kuasa-bug-gaib/Nusatarawisata-kaltim/app/Http/Middleware/IsAdmin.php(25): Illuminate\\Pipeline\\Pipeline->Illuminate\\Pipeline\\{closure}(Object(Illuminate\\Http\\Request))
#20 /Applications/XAMPP/xamppfiles/htdocs/final-project-cloud-computing-b-cc-kelompok-8-boboiboy-kuasa-bug-gaib/Nusatarawisata-kaltim/vendor/laravel/framework/src/Illuminate/Pipeline/Pipeline.php(219): App\\Http\\Middleware\\IsAdmin->handle(Object(Illuminate\\Http\\Request), Object(Closure))
#21 /Applications/XAMPP/xamppfiles/htdocs/final-project-cloud-computing-b-cc-kelompok-8-boboiboy-kuasa-bug-gaib/Nusatarawisata-kaltim/vendor/laravel/framework/src/Illuminate/Routing/Middleware/SubstituteBindings.php(50): Illuminate\\Pipeline\\Pipeline->Illuminate\\Pipeline\\{closure}(Object(Illuminate\\Http\\Request))
#22 /Applications/XAMPP/xamppfiles/htdocs/final-project-cloud-computing-b-cc-kelompok-8-boboiboy-kuasa-bug-gaib/Nusatarawisata-kaltim/vendor/laravel/framework/src/Illuminate/Pipeline/Pipeline.php(219): Illuminate\\Routing\\Middleware\\SubstituteBindings->handle(Object(Illuminate\\Http\\Request), Object(Closure))
#23 /Applications/XAMPP/xamppfiles/htdocs/final-project-cloud-computing-b-cc-kelompok-8-boboiboy-kuasa-bug-gaib/Nusatarawisata-kaltim/vendor/laravel/framework/src/Illuminate/Foundation/Http/Middleware/VerifyCsrfToken.php(87): Illuminate\\Pipeline\\Pipeline->Illuminate\\Pipeline\\{closure}(Object(Illuminate\\Http\\Request))
#24 /Applications/XAMPP/xamppfiles/htdocs/final-project-cloud-computing-b-cc-kelompok-8-boboiboy-kuasa-bug-gaib/Nusatarawisata-kaltim/vendor/laravel/framework/src/Illuminate/Pipeline/Pipeline.php(219): Illuminate\\Foundation\\Http\\Middleware\\VerifyCsrfToken->handle(Object(Illuminate\\Http\\Request), Object(Closure))
#25 /Applications/XAMPP/xamppfiles/htdocs/final-project-cloud-computing-b-cc-kelompok-8-boboiboy-kuasa-bug-gaib/Nusatarawisata-kaltim/vendor/laravel/framework/src/Illuminate/View/Middleware/ShareErrorsFromSession.php(48): Illuminate\\Pipeline\\Pipeline->Illuminate\\Pipeline\\{closure}(Object(Illuminate\\Http\\Request))
#26 /Applications/XAMPP/xamppfiles/htdocs/final-project-cloud-computing-b-cc-kelompok-8-boboiboy-kuasa-bug-gaib/Nusatarawisata-kaltim/vendor/laravel/framework/src/Illuminate/Pipeline/Pipeline.php(219): Illuminate\\View\\Middleware\\ShareErrorsFromSession->handle(Object(Illuminate\\Http\\Request), Object(Closure))
#27 /Applications/XAMPP/xamppfiles/htdocs/final-project-cloud-computing-b-cc-kelompok-8-boboiboy-kuasa-bug-gaib/Nusatarawisata-kaltim/vendor/laravel/framework/src/Illuminate/Session/Middleware/StartSession.php(120): Illuminate\\Pipeline\\Pipeline->Illuminate\\Pipeline\\{closure}(Object(Illuminate\\Http\\Request))
#28 /Applications/XAMPP/xamppfiles/htdocs/final-project-cloud-computing-b-cc-kelompok-8-boboiboy-kuasa-bug-gaib/Nusatarawisata-kaltim/vendor/laravel/framework/src/Illuminate/Session/Middleware/StartSession.php(63): Illuminate\\Session\\Middleware\\StartSession->handleStatefulRequest(Object(Illuminate\\Http\\Request), Object(Illuminate\\Session\\Store), Object(Closure))
#29 /Applications/XAMPP/xamppfiles/htdocs/final-project-cloud-computing-b-cc-kelompok-8-boboiboy-kuasa-bug-gaib/Nusatarawisata-kaltim/vendor/laravel/framework/src/Illuminate/Pipeline/Pipeline.php(219): Illuminate\\Session\\Middleware\\StartSession->handle(Object(Illuminate\\Http\\Request), Object(Closure))
#30 /Applications/XAMPP/xamppfiles/htdocs/final-project-cloud-computing-b-cc-kelompok-8-boboiboy-kuasa-bug-gaib/Nusatarawisata-kaltim/vendor/laravel/framework/src/Illuminate/Cookie/Middleware/AddQueuedCookiesToResponse.php(36): Illuminate\\Pipeline\\Pipeline->Illuminate\\Pipeline\\{closure}(Object(Illuminate\\Http\\Request))
#31 /Applications/XAMPP/xamppfiles/htdocs/final-project-cloud-computing-b-cc-kelompok-8-boboiboy-kuasa-bug-gaib/Nusatarawisata-kaltim/vendor/laravel/framework/src/Illuminate/Pipeline/Pipeline.php(219): Illuminate\\Cookie\\Middleware\\AddQueuedCookiesToResponse->handle(Object(Illuminate\\Http\\Request), Object(Closure))
#32 /Applications/XAMPP/xamppfiles/htdocs/final-project-cloud-computing-b-cc-kelompok-8-boboiboy-kuasa-bug-gaib/Nusatarawisata-kaltim/vendor/laravel/framework/src/Illuminate/Cookie/Middleware/EncryptCookies.php(74): Illuminate\\Pipeline\\Pipeline->Illuminate\\Pipeline\\{closure}(Object(Illuminate\\Http\\Request))
#33 /Applications/XAMPP/xamppfiles/htdocs/final-project-cloud-computing-b-cc-kelompok-8-boboiboy-kuasa-bug-gaib/Nusatarawisata-kaltim/vendor/laravel/framework/src/Illuminate/Pipeline/Pipeline.php(219): Illuminate\\Cookie\\Middleware\\EncryptCookies->handle(Object(Illuminate\\Http\\Request), Object(Closure))
#34 /Applications/XAMPP/xamppfiles/htdocs/final-project-cloud-computing-b-cc-kelompok-8-boboiboy-kuasa-bug-gaib/Nusatarawisata-kaltim/vendor/laravel/framework/src/Illuminate/Pipeline/Pipeline.php(137): Illuminate\\Pipeline\\Pipeline->Illuminate\\Pipeline\\{closure}(Object(Illuminate\\Http\\Request))
#35 /Applications/XAMPP/xamppfiles/htdocs/final-project-cloud-computing-b-cc-kelompok-8-boboiboy-kuasa-bug-gaib/Nusatarawisata-kaltim/vendor/laravel/framework/src/Illuminate/Routing/Router.php(821): Illuminate\\Pipeline\\Pipeline->then(Object(Closure))
#36 /Applications/XAMPP/xamppfiles/htdocs/final-project-cloud-computing-b-cc-kelompok-8-boboiboy-kuasa-bug-gaib/Nusatarawisata-kaltim/vendor/laravel/framework/src/Illuminate/Routing/Router.php(800): Illuminate\\Routing\\Router->runRouteWithinStack(Object(Illuminate\\Routing\\Route), Object(Illuminate\\Http\\Request))
#37 /Applications/XAMPP/xamppfiles/htdocs/final-project-cloud-computing-b-cc-kelompok-8-boboiboy-kuasa-bug-gaib/Nusatarawisata-kaltim/vendor/laravel/framework/src/Illuminate/Routing/Router.php(764): Illuminate\\Routing\\Router->runRoute(Object(Illuminate\\Http\\Request), Object(Illuminate\\Routing\\Route))
#38 /Applications/XAMPP/xamppfiles/htdocs/final-project-cloud-computing-b-cc-kelompok-8-boboiboy-kuasa-bug-gaib/Nusatarawisata-kaltim/vendor/laravel/framework/src/Illuminate/Routing/Router.php(753): Illuminate\\Routing\\Router->dispatchToRoute(Object(Illuminate\\Http\\Request))
#39 /Applications/XAMPP/xamppfiles/htdocs/final-project-cloud-computing-b-cc-kelompok-8-boboiboy-kuasa-bug-gaib/Nusatarawisata-kaltim/vendor/laravel/framework/src/Illuminate/Foundation/Http/Kernel.php(200): Illuminate\\Routing\\Router->dispatch(Object(Illuminate\\Http\\Request))
#40 /Applications/XAMPP/xamppfiles/htdocs/final-project-cloud-computing-b-cc-kelompok-8-boboiboy-kuasa-bug-gaib/Nusatarawisata-kaltim/vendor/laravel/framework/src/Illuminate/Pipeline/Pipeline.php(180): Illuminate\\Foundation\\Http\\Kernel->Illuminate\\Foundation\\Http\\{closure}(Object(Illuminate\\Http\\Request))
#41 /Applications/XAMPP/xamppfiles/htdocs/final-project-cloud-computing-b-cc-kelompok-8-boboiboy-kuasa-bug-gaib/Nusatarawisata-kaltim/vendor/laravel/framework/src/Illuminate/Foundation/Http/Middleware/TransformsRequest.php(21): Illuminate\\Pipeline\\Pipeline->Illuminate\\Pipeline\\{closure}(Object(Illuminate\\Http\\Request))
#42 /Applications/XAMPP/xamppfiles/htdocs/final-project-cloud-computing-b-cc-kelompok-8-boboiboy-kuasa-bug-gaib/Nusatarawisata-kaltim/vendor/laravel/framework/src/Illuminate/Foundation/Http/Middleware/ConvertEmptyStringsToNull.php(31): Illuminate\\Foundation\\Http\\Middleware\\TransformsRequest->handle(Object(Illuminate\\Http\\Request), Object(Closure))
#43 /Applications/XAMPP/xamppfiles/htdocs/final-project-cloud-computing-b-cc-kelompok-8-boboiboy-kuasa-bug-gaib/Nusatarawisata-kaltim/vendor/laravel/framework/src/Illuminate/Pipeline/Pipeline.php(219): Illuminate\\Foundation\\Http\\Middleware\\ConvertEmptyStringsToNull->handle(Object(Illuminate\\Http\\Request), Object(Closure))
#44 /Applications/XAMPP/xamppfiles/htdocs/final-project-cloud-computing-b-cc-kelompok-8-boboiboy-kuasa-bug-gaib/Nusatarawisata-kaltim/vendor/laravel/framework/src/Illuminate/Foundation/Http/Middleware/TransformsRequest.php(21): Illuminate\\Pipeline\\Pipeline->Illuminate\\Pipeline\\{closure}(Object(Illuminate\\Http\\Request))
#45 /Applications/XAMPP/xamppfiles/htdocs/final-project-cloud-computing-b-cc-kelompok-8-boboiboy-kuasa-bug-gaib/Nusatarawisata-kaltim/vendor/laravel/framework/src/Illuminate/Foundation/Http/Middleware/TrimStrings.php(51): Illuminate\\Foundation\\Http\\Middleware\\TransformsRequest->handle(Object(Illuminate\\Http\\Request), Object(Closure))
#46 /Applications/XAMPP/xamppfiles/htdocs/final-project-cloud-computing-b-cc-kelompok-8-boboiboy-kuasa-bug-gaib/Nusatarawisata-kaltim/vendor/laravel/framework/src/Illuminate/Pipeline/Pipeline.php(219): Illuminate\\Foundation\\Http\\Middleware\\TrimStrings->handle(Object(Illuminate\\Http\\Request), Object(Closure))
#47 /Applications/XAMPP/xamppfiles/htdocs/final-project-cloud-computing-b-cc-kelompok-8-boboiboy-kuasa-bug-gaib/Nusatarawisata-kaltim/vendor/laravel/framework/src/Illuminate/Http/Middleware/ValidatePostSize.php(27): Illuminate\\Pipeline\\Pipeline->Illuminate\\Pipeline\\{closure}(Object(Illuminate\\Http\\Request))
#48 /Applications/XAMPP/xamppfiles/htdocs/final-project-cloud-computing-b-cc-kelompok-8-boboiboy-kuasa-bug-gaib/Nusatarawisata-kaltim/vendor/laravel/framework/src/Illuminate/Pipeline/Pipeline.php(219): Illuminate\\Http\\Middleware\\ValidatePostSize->handle(Object(Illuminate\\Http\\Request), Object(Closure))
#49 /Applications/XAMPP/xamppfiles/htdocs/final-project-cloud-computing-b-cc-kelompok-8-boboiboy-kuasa-bug-gaib/Nusatarawisata-kaltim/vendor/laravel/framework/src/Illuminate/Foundation/Http/Middleware/PreventRequestsDuringMaintenance.php(109): Illuminate\\Pipeline\\Pipeline->Illuminate\\Pipeline\\{closure}(Object(Illuminate\\Http\\Request))
#50 /Applications/XAMPP/xamppfiles/htdocs/final-project-cloud-computing-b-cc-kelompok-8-boboiboy-kuasa-bug-gaib/Nusatarawisata-kaltim/vendor/laravel/framework/src/Illuminate/Pipeline/Pipeline.php(219): Illuminate\\Foundation\\Http\\Middleware\\PreventRequestsDuringMaintenance->handle(Object(Illuminate\\Http\\Request), Object(Closure))
#51 /Applications/XAMPP/xamppfiles/htdocs/final-project-cloud-computing-b-cc-kelompok-8-boboiboy-kuasa-bug-gaib/Nusatarawisata-kaltim/vendor/laravel/framework/src/Illuminate/Http/Middleware/HandleCors.php(48): Illuminate\\Pipeline\\Pipeline->Illuminate\\Pipeline\\{closure}(Object(Illuminate\\Http\\Request))
#52 /Applications/XAMPP/xamppfiles/htdocs/final-project-cloud-computing-b-cc-kelompok-8-boboiboy-kuasa-bug-gaib/Nusatarawisata-kaltim/vendor/laravel/framework/src/Illuminate/Pipeline/Pipeline.php(219): Illuminate\\Http\\Middleware\\HandleCors->handle(Object(Illuminate\\Http\\Request), Object(Closure))
#53 /Applications/XAMPP/xamppfiles/htdocs/final-project-cloud-computing-b-cc-kelompok-8-boboiboy-kuasa-bug-gaib/Nusatarawisata-kaltim/vendor/laravel/framework/src/Illuminate/Http/Middleware/TrustProxies.php(58): Illuminate\\Pipeline\\Pipeline->Illuminate\\Pipeline\\{closure}(Object(Illuminate\\Http\\Request))
#54 /Applications/XAMPP/xamppfiles/htdocs/final-project-cloud-computing-b-cc-kelompok-8-boboiboy-kuasa-bug-gaib/Nusatarawisata-kaltim/vendor/laravel/framework/src/Illuminate/Pipeline/Pipeline.php(219): Illuminate\\Http\\Middleware\\TrustProxies->handle(Object(Illuminate\\Http\\Request), Object(Closure))
#55 /Applications/XAMPP/xamppfiles/htdocs/final-project-cloud-computing-b-cc-kelompok-8-boboiboy-kuasa-bug-gaib/Nusatarawisata-kaltim/vendor/laravel/framework/src/Illuminate/Foundation/Http/Middleware/InvokeDeferredCallbacks.php(22): Illuminate\\Pipeline\\Pipeline->Illuminate\\Pipeline\\{closure}(Object(Illuminate\\Http\\Request))
#56 /Applications/XAMPP/xamppfiles/htdocs/final-project-cloud-computing-b-cc-kelompok-8-boboiboy-kuasa-bug-gaib/Nusatarawisata-kaltim/vendor/laravel/framework/src/Illuminate/Pipeline/Pipeline.php(219): Illuminate\\Foundation\\Http\\Middleware\\InvokeDeferredCallbacks->handle(Object(Illuminate\\Http\\Request), Object(Closure))
#57 /Applications/XAMPP/xamppfiles/htdocs/final-project-cloud-computing-b-cc-kelompok-8-boboiboy-kuasa-bug-gaib/Nusatarawisata-kaltim/vendor/laravel/framework/src/Illuminate/Http/Middleware/ValidatePathEncoding.php(26): Illuminate\\Pipeline\\Pipeline->Illuminate\\Pipeline\\{closure}(Object(Illuminate\\Http\\Request))
#58 /Applications/XAMPP/xamppfiles/htdocs/final-project-cloud-computing-b-cc-kelompok-8-boboiboy-kuasa-bug-gaib/Nusatarawisata-kaltim/vendor/laravel/framework/src/Illuminate/Pipeline/Pipeline.php(219): Illuminate\\Http\\Middleware\\ValidatePathEncoding->handle(Object(Illuminate\\Http\\Request), Object(Closure))
#59 /Applications/XAMPP/xamppfiles/htdocs/final-project-cloud-computing-b-cc-kelompok-8-boboiboy-kuasa-bug-gaib/Nusatarawisata-kaltim/vendor/laravel/framework/src/Illuminate/Pipeline/Pipeline.php(137): Illuminate\\Pipeline\\Pipeline->Illuminate\\Pipeline\\{closure}(Object(Illuminate\\Http\\Request))
#60 /Applications/XAMPP/xamppfiles/htdocs/final-project-cloud-computing-b-cc-kelompok-8-boboiboy-kuasa-bug-gaib/Nusatarawisata-kaltim/vendor/laravel/framework/src/Illuminate/Foundation/Http/Kernel.php(175): Illuminate\\Pipeline\\Pipeline->then(Object(Closure))
#61 /Applications/XAMPP/xamppfiles/htdocs/final-project-cloud-computing-b-cc-kelompok-8-boboiboy-kuasa-bug-gaib/Nusatarawisata-kaltim/vendor/laravel/framework/src/Illuminate/Foundation/Http/Kernel.php(144): Illuminate\\Foundation\\Http\\Kernel->sendRequestThroughRouter(Object(Illuminate\\Http\\Request))
#62 /Applications/XAMPP/xamppfiles/htdocs/final-project-cloud-computing-b-cc-kelompok-8-boboiboy-kuasa-bug-gaib/Nusatarawisata-kaltim/vendor/laravel/framework/src/Illuminate/Foundation/Application.php(1220): Illuminate\\Foundation\\Http\\Kernel->handle(Object(Illuminate\\Http\\Request))
#63 /Applications/XAMPP/xamppfiles/htdocs/final-project-cloud-computing-b-cc-kelompok-8-boboiboy-kuasa-bug-gaib/Nusatarawisata-kaltim/public/index.php(20): Illuminate\\Foundation\\Application->handleRequest(Object(Illuminate\\Http\\Request))
#64 /Applications/XAMPP/xamppfiles/htdocs/final-project-cloud-computing-b-cc-kelompok-8-boboiboy-kuasa-bug-gaib/Nusatarawisata-kaltim/vendor/laravel/framework/src/Illuminate/Foundation/resources/server.php(23): require_once('/Applications/X...')
#65 {main}

[previous exception] [object] (Illuminate\\View\\ViewException(code: 0): Route [user.home] not defined. (View: /Applications/XAMPP/xamppfiles/htdocs/final-project-cloud-computing-b-cc-kelompok-8-boboiboy-kuasa-bug-gaib/Nusatarawisata-kaltim/resources/views/components/admin/navbar.blade.php) at /Applications/XAMPP/xamppfiles/htdocs/final-project-cloud-computing-b-cc-kelompok-8-boboiboy-kuasa-bug-gaib/Nusatarawisata-kaltim/vendor/laravel/framework/src/Illuminate/Routing/UrlGenerator.php:526)
[stacktrace]
#0 /Applications/XAMPP/xamppfiles/htdocs/final-project-cloud-computing-b-cc-kelompok-8-boboiboy-kuasa-bug-gaib/Nusatarawisata-kaltim/vendor/laravel/framework/src/Illuminate/View/Engines/PhpEngine.php(59): Illuminate\\View\\Engines\\CompilerEngine->handleViewException(Object(Symfony\\Component\\Routing\\Exception\\RouteNotFoundException), 3)
#1 /Applications/XAMPP/xamppfiles/htdocs/final-project-cloud-computing-b-cc-kelompok-8-boboiboy-kuasa-bug-gaib/Nusatarawisata-kaltim/vendor/laravel/framework/src/Illuminate/View/Engines/CompilerEngine.php(76): Illuminate\\View\\Engines\\PhpEngine->evaluatePath('/Applications/X...', Array)
#2 /Applications/XAMPP/xamppfiles/htdocs/final-project-cloud-computing-b-cc-kelompok-8-boboiboy-kuasa-bug-gaib/Nusatarawisata-kaltim/vendor/laravel/framework/src/Illuminate/View/View.php(208): Illuminate\\View\\Engines\\CompilerEngine->get('/Applications/X...', Array)
#3 /Applications/XAMPP/xamppfiles/htdocs/final-project-cloud-computing-b-cc-kelompok-8-boboiboy-kuasa-bug-gaib/Nusatarawisata-kaltim/vendor/laravel/framework/src/Illuminate/View/View.php(191): Illuminate\\View\\View->getContents()
#4 /Applications/XAMPP/xamppfiles/htdocs/final-project-cloud-computing-b-cc-kelompok-8-boboiboy-kuasa-bug-gaib/Nusatarawisata-kaltim/vendor/laravel/framework/src/Illuminate/View/View.php(160): Illuminate\\View\\View->renderContents()
#5 /Applications/XAMPP/xamppfiles/htdocs/final-project-cloud-computing-b-cc-kelompok-8-boboiboy-kuasa-bug-gaib/Nusatarawisata-kaltim/vendor/laravel/framework/src/Illuminate/View/Concerns/ManagesComponents.php(103): Illuminate\\View\\View->render()
#6 /Applications/XAMPP/xamppfiles/htdocs/final-project-cloud-computing-b-cc-kelompok-8-boboiboy-kuasa-bug-gaib/Nusatarawisata-kaltim/storage/framework/views/ef4943de1b4e69e4b401ed0e6738976c.php(40): Illuminate\\View\\Factory->renderComponent()
#7 /Applications/XAMPP/xamppfiles/htdocs/final-project-cloud-computing-b-cc-kelompok-8-boboiboy-kuasa-bug-gaib/Nusatarawisata-kaltim/vendor/laravel/framework/src/Illuminate/Filesystem/Filesystem.php(123): require('/Applications/X...')
#8 /Applications/XAMPP/xamppfiles/htdocs/final-project-cloud-computing-b-cc-kelompok-8-boboiboy-kuasa-bug-gaib/Nusatarawisata-kaltim/vendor/laravel/framework/src/Illuminate/Filesystem/Filesystem.php(124): Illuminate\\Filesystem\\Filesystem::Illuminate\\Filesystem\\{closure}()
#9 /Applications/XAMPP/xamppfiles/htdocs/final-project-cloud-computing-b-cc-kelompok-8-boboiboy-kuasa-bug-gaib/Nusatarawisata-kaltim/vendor/laravel/framework/src/Illuminate/View/Engines/PhpEngine.php(57): Illuminate\\Filesystem\\Filesystem->getRequire('/Applications/X...', Array)
#10 /Applications/XAMPP/xamppfiles/htdocs/final-project-cloud-computing-b-cc-kelompok-8-boboiboy-kuasa-bug-gaib/Nusatarawisata-kaltim/vendor/laravel/framework/src/Illuminate/View/Engines/CompilerEngine.php(76): Illuminate\\View\\Engines\\PhpEngine->evaluatePath('/Applications/X...', Array)
#11 /Applications/XAMPP/xamppfiles/htdocs/final-project-cloud-computing-b-cc-kelompok-8-boboiboy-kuasa-bug-gaib/Nusatarawisata-kaltim/vendor/laravel/framework/src/Illuminate/View/View.php(208): Illuminate\\View\\Engines\\CompilerEngine->get('/Applications/X...', Array)
#12 /Applications/XAMPP/xamppfiles/htdocs/final-project-cloud-computing-b-cc-kelompok-8-boboiboy-kuasa-bug-gaib/Nusatarawisata-kaltim/vendor/laravel/framework/src/Illuminate/View/View.php(191): Illuminate\\View\\View->getContents()
#13 /Applications/XAMPP/xamppfiles/htdocs/final-project-cloud-computing-b-cc-kelompok-8-boboiboy-kuasa-bug-gaib/Nusatarawisata-kaltim/vendor/laravel/framework/src/Illuminate/View/View.php(160): Illuminate\\View\\View->renderContents()
#14 /Applications/XAMPP/xamppfiles/htdocs/final-project-cloud-computing-b-cc-kelompok-8-boboiboy-kuasa-bug-gaib/Nusatarawisata-kaltim/storage/framework/views/cdce134fccee2388a9fc444b1db8fa96.php(217): Illuminate\\View\\View->render()
#15 /Applications/XAMPP/xamppfiles/htdocs/final-project-cloud-computing-b-cc-kelompok-8-boboiboy-kuasa-bug-gaib/Nusatarawisata-kaltim/vendor/laravel/framework/src/Illuminate/Filesystem/Filesystem.php(123): require('/Applications/X...')
#16 /Applications/XAMPP/xamppfiles/htdocs/final-project-cloud-computing-b-cc-kelompok-8-boboiboy-kuasa-bug-gaib/Nusatarawisata-kaltim/vendor/laravel/framework/src/Illuminate/Filesystem/Filesystem.php(124): Illuminate\\Filesystem\\Filesystem::Illuminate\\Filesystem\\{closure}()
#17 /Applications/XAMPP/xamppfiles/htdocs/final-project-cloud-computing-b-cc-kelompok-8-boboiboy-kuasa-bug-gaib/Nusatarawisata-kaltim/vendor/laravel/framework/src/Illuminate/View/Engines/PhpEngine.php(57): Illuminate\\Filesystem\\Filesystem->getRequire('/Applications/X...', Array)
#18 /Applications/XAMPP/xamppfiles/htdocs/final-project-cloud-computing-b-cc-kelompok-8-boboiboy-kuasa-bug-gaib/Nusatarawisata-kaltim/vendor/laravel/framework/src/Illuminate/View/Engines/CompilerEngine.php(76): Illuminate\\View\\Engines\\PhpEngine->evaluatePath('/Applications/X...', Array)
#19 /Applications/XAMPP/xamppfiles/htdocs/final-project-cloud-computing-b-cc-kelompok-8-boboiboy-kuasa-bug-gaib/Nusatarawisata-kaltim/vendor/laravel/framework/src/Illuminate/View/View.php(208): Illuminate\\View\\Engines\\CompilerEngine->get('/Applications/X...', Array)
#20 /Applications/XAMPP/xamppfiles/htdocs/final-project-cloud-computing-b-cc-kelompok-8-boboiboy-kuasa-bug-gaib/Nusatarawisata-kaltim/vendor/laravel/framework/src/Illuminate/View/View.php(191): Illuminate\\View\\View->getContents()
#21 /Applications/XAMPP/xamppfiles/htdocs/final-project-cloud-computing-b-cc-kelompok-8-boboiboy-kuasa-bug-gaib/Nusatarawisata-kaltim/vendor/laravel/framework/src/Illuminate/View/View.php(160): Illuminate\\View\\View->renderContents()
#22 /Applications/XAMPP/xamppfiles/htdocs/final-project-cloud-computing-b-cc-kelompok-8-boboiboy-kuasa-bug-gaib/Nusatarawisata-kaltim/vendor/laravel/framework/src/Illuminate/Http/Response.php(78): Illuminate\\View\\View->render()
#23 /Applications/XAMPP/xamppfiles/htdocs/final-project-cloud-computing-b-cc-kelompok-8-boboiboy-kuasa-bug-gaib/Nusatarawisata-kaltim/vendor/laravel/framework/src/Illuminate/Http/Response.php(34): Illuminate\\Http\\Response->setContent(Object(Illuminate\\View\\View))
#24 /Applications/XAMPP/xamppfiles/htdocs/final-project-cloud-computing-b-cc-kelompok-8-boboiboy-kuasa-bug-gaib/Nusatarawisata-kaltim/vendor/laravel/framework/src/Illuminate/Routing/Router.php(939): Illuminate\\Http\\Response->__construct(Object(Illuminate\\View\\View), 200, Array)
#25 /Applications/XAMPP/xamppfiles/htdocs/final-project-cloud-computing-b-cc-kelompok-8-boboiboy-kuasa-bug-gaib/Nusatarawisata-kaltim/vendor/laravel/framework/src/Illuminate/Routing/Router.php(906): Illuminate\\Routing\\Router::toResponse(Object(Illuminate\\Http\\Request), Object(Illuminate\\View\\View))
#26 /Applications/XAMPP/xamppfiles/htdocs/final-project-cloud-computing-b-cc-kelompok-8-boboiboy-kuasa-bug-gaib/Nusatarawisata-kaltim/vendor/laravel/framework/src/Illuminate/Routing/Router.php(821): Illuminate\\Routing\\Router->prepareResponse(Object(Illuminate\\Http\\Request), Object(Illuminate\\View\\View))
#27 /Applications/XAMPP/xamppfiles/htdocs/final-project-cloud-computing-b-cc-kelompok-8-boboiboy-kuasa-bug-gaib/Nusatarawisata-kaltim/vendor/laravel/framework/src/Illuminate/Pipeline/Pipeline.php(180): Illuminate\\Routing\\Router->Illuminate\\Routing\\{closure}(Object(Illuminate\\Http\\Request))
#28 /Applications/XAMPP/xamppfiles/htdocs/final-project-cloud-computing-b-cc-kelompok-8-boboiboy-kuasa-bug-gaib/Nusatarawisata-kaltim/app/Http/Middleware/IsAdmin.php(25): Illuminate\\Pipeline\\Pipeline->Illuminate\\Pipeline\\{closure}(Object(Illuminate\\Http\\Request))
#29 /Applications/XAMPP/xamppfiles/htdocs/final-project-cloud-computing-b-cc-kelompok-8-boboiboy-kuasa-bug-gaib/Nusatarawisata-kaltim/vendor/laravel/framework/src/Illuminate/Pipeline/Pipeline.php(219): App\\Http\\Middleware\\IsAdmin->handle(Object(Illuminate\\Http\\Request), Object(Closure))
#30 /Applications/XAMPP/xamppfiles/htdocs/final-project-cloud-computing-b-cc-kelompok-8-boboiboy-kuasa-bug-gaib/Nusatarawisata-kaltim/vendor/laravel/framework/src/Illuminate/Routing/Middleware/SubstituteBindings.php(50): Illuminate\\Pipeline\\Pipeline->Illuminate\\Pipeline\\{closure}(Object(Illuminate\\Http\\Request))
#31 /Applications/XAMPP/xamppfiles/htdocs/final-project-cloud-computing-b-cc-kelompok-8-boboiboy-kuasa-bug-gaib/Nusatarawisata-kaltim/vendor/laravel/framework/src/Illuminate/Pipeline/Pipeline.php(219): Illuminate\\Routing\\Middleware\\SubstituteBindings->handle(Object(Illuminate\\Http\\Request), Object(Closure))
#32 /Applications/XAMPP/xamppfiles/htdocs/final-project-cloud-computing-b-cc-kelompok-8-boboiboy-kuasa-bug-gaib/Nusatarawisata-kaltim/vendor/laravel/framework/src/Illuminate/Foundation/Http/Middleware/VerifyCsrfToken.php(87): Illuminate\\Pipeline\\Pipeline->Illuminate\\Pipeline\\{closure}(Object(Illuminate\\Http\\Request))
#33 /Applications/XAMPP/xamppfiles/htdocs/final-project-cloud-computing-b-cc-kelompok-8-boboiboy-kuasa-bug-gaib/Nusatarawisata-kaltim/vendor/laravel/framework/src/Illuminate/Pipeline/Pipeline.php(219): Illuminate\\Foundation\\Http\\Middleware\\VerifyCsrfToken->handle(Object(Illuminate\\Http\\Request), Object(Closure))
#34 /Applications/XAMPP/xamppfiles/htdocs/final-project-cloud-computing-b-cc-kelompok-8-boboiboy-kuasa-bug-gaib/Nusatarawisata-kaltim/vendor/laravel/framework/src/Illuminate/View/Middleware/ShareErrorsFromSession.php(48): Illuminate\\Pipeline\\Pipeline->Illuminate\\Pipeline\\{closure}(Object(Illuminate\\Http\\Request))
#35 /Applications/XAMPP/xamppfiles/htdocs/final-project-cloud-computing-b-cc-kelompok-8-boboiboy-kuasa-bug-gaib/Nusatarawisata-kaltim/vendor/laravel/framework/src/Illuminate/Pipeline/Pipeline.php(219): Illuminate\\View\\Middleware\\ShareErrorsFromSession->handle(Object(Illuminate\\Http\\Request), Object(Closure))
#36 /Applications/XAMPP/xamppfiles/htdocs/final-project-cloud-computing-b-cc-kelompok-8-boboiboy-kuasa-bug-gaib/Nusatarawisata-kaltim/vendor/laravel/framework/src/Illuminate/Session/Middleware/StartSession.php(120): Illuminate\\Pipeline\\Pipeline->Illuminate\\Pipeline\\{closure}(Object(Illuminate\\Http\\Request))
#37 /Applications/XAMPP/xamppfiles/htdocs/final-project-cloud-computing-b-cc-kelompok-8-boboiboy-kuasa-bug-gaib/Nusatarawisata-kaltim/vendor/laravel/framework/src/Illuminate/Session/Middleware/StartSession.php(63): Illuminate\\Session\\Middleware\\StartSession->handleStatefulRequest(Object(Illuminate\\Http\\Request), Object(Illuminate\\Session\\Store), Object(Closure))
#38 /Applications/XAMPP/xamppfiles/htdocs/final-project-cloud-computing-b-cc-kelompok-8-boboiboy-kuasa-bug-gaib/Nusatarawisata-kaltim/vendor/laravel/framework/src/Illuminate/Pipeline/Pipeline.php(219): Illuminate\\Session\\Middleware\\StartSession->handle(Object(Illuminate\\Http\\Request), Object(Closure))
#39 /Applications/XAMPP/xamppfiles/htdocs/final-project-cloud-computing-b-cc-kelompok-8-boboiboy-kuasa-bug-gaib/Nusatarawisata-kaltim/vendor/laravel/framework/src/Illuminate/Cookie/Middleware/AddQueuedCookiesToResponse.php(36): Illuminate\\Pipeline\\Pipeline->Illuminate\\Pipeline\\{closure}(Object(Illuminate\\Http\\Request))
#40 /Applications/XAMPP/xamppfiles/htdocs/final-project-cloud-computing-b-cc-kelompok-8-boboiboy-kuasa-bug-gaib/Nusatarawisata-kaltim/vendor/laravel/framework/src/Illuminate/Pipeline/Pipeline.php(219): Illuminate\\Cookie\\Middleware\\AddQueuedCookiesToResponse->handle(Object(Illuminate\\Http\\Request), Object(Closure))
#41 /Applications/XAMPP/xamppfiles/htdocs/final-project-cloud-computing-b-cc-kelompok-8-boboiboy-kuasa-bug-gaib/Nusatarawisata-kaltim/vendor/laravel/framework/src/Illuminate/Cookie/Middleware/EncryptCookies.php(74): Illuminate\\Pipeline\\Pipeline->Illuminate\\Pipeline\\{closure}(Object(Illuminate\\Http\\Request))
#42 /Applications/XAMPP/xamppfiles/htdocs/final-project-cloud-computing-b-cc-kelompok-8-boboiboy-kuasa-bug-gaib/Nusatarawisata-kaltim/vendor/laravel/framework/src/Illuminate/Pipeline/Pipeline.php(219): Illuminate\\Cookie\\Middleware\\EncryptCookies->handle(Object(Illuminate\\Http\\Request), Object(Closure))
#43 /Applications/XAMPP/xamppfiles/htdocs/final-project-cloud-computing-b-cc-kelompok-8-boboiboy-kuasa-bug-gaib/Nusatarawisata-kaltim/vendor/laravel/framework/src/Illuminate/Pipeline/Pipeline.php(137): Illuminate\\Pipeline\\Pipeline->Illuminate\\Pipeline\\{closure}(Object(Illuminate\\Http\\Request))
#44 /Applications/XAMPP/xamppfiles/htdocs/final-project-cloud-computing-b-cc-kelompok-8-boboiboy-kuasa-bug-gaib/Nusatarawisata-kaltim/vendor/laravel/framework/src/Illuminate/Routing/Router.php(821): Illuminate\\Pipeline\\Pipeline->then(Object(Closure))
#45 /Applications/XAMPP/xamppfiles/htdocs/final-project-cloud-computing-b-cc-kelompok-8-boboiboy-kuasa-bug-gaib/Nusatarawisata-kaltim/vendor/laravel/framework/src/Illuminate/Routing/Router.php(800): Illuminate\\Routing\\Router->runRouteWithinStack(Object(Illuminate\\Routing\\Route), Object(Illuminate\\Http\\Request))
#46 /Applications/XAMPP/xamppfiles/htdocs/final-project-cloud-computing-b-cc-kelompok-8-boboiboy-kuasa-bug-gaib/Nusatarawisata-kaltim/vendor/laravel/framework/src/Illuminate/Routing/Router.php(764): Illuminate\\Routing\\Router->runRoute(Object(Illuminate\\Http\\Request), Object(Illuminate\\Routing\\Route))
#47 /Applications/XAMPP/xamppfiles/htdocs/final-project-cloud-computing-b-cc-kelompok-8-boboiboy-kuasa-bug-gaib/Nusatarawisata-kaltim/vendor/laravel/framework/src/Illuminate/Routing/Router.php(753): Illuminate\\Routing\\Router->dispatchToRoute(Object(Illuminate\\Http\\Request))
#48 /Applications/XAMPP/xamppfiles/htdocs/final-project-cloud-computing-b-cc-kelompok-8-boboiboy-kuasa-bug-gaib/Nusatarawisata-kaltim/vendor/laravel/framework/src/Illuminate/Foundation/Http/Kernel.php(200): Illuminate\\Routing\\Router->dispatch(Object(Illuminate\\Http\\Request))
#49 /Applications/XAMPP/xamppfiles/htdocs/final-project-cloud-computing-b-cc-kelompok-8-boboiboy-kuasa-bug-gaib/Nusatarawisata-kaltim/vendor/laravel/framework/src/Illuminate/Pipeline/Pipeline.php(180): Illuminate\\Foundation\\Http\\Kernel->Illuminate\\Foundation\\Http\\{closure}(Object(Illuminate\\Http\\Request))
#50 /Applications/XAMPP/xamppfiles/htdocs/final-project-cloud-computing-b-cc-kelompok-8-boboiboy-kuasa-bug-gaib/Nusatarawisata-kaltim/vendor/laravel/framework/src/Illuminate/Foundation/Http/Middleware/TransformsRequest.php(21): Illuminate\\Pipeline\\Pipeline->Illuminate\\Pipeline\\{closure}(Object(Illuminate\\Http\\Request))
#51 /Applications/XAMPP/xamppfiles/htdocs/final-project-cloud-computing-b-cc-kelompok-8-boboiboy-kuasa-bug-gaib/Nusatarawisata-kaltim/vendor/laravel/framework/src/Illuminate/Foundation/Http/Middleware/ConvertEmptyStringsToNull.php(31): Illuminate\\Foundation\\Http\\Middleware\\TransformsRequest->handle(Object(Illuminate\\Http\\Request), Object(Closure))
#52 /Applications/XAMPP/xamppfiles/htdocs/final-project-cloud-computing-b-cc-kelompok-8-boboiboy-kuasa-bug-gaib/Nusatarawisata-kaltim/vendor/laravel/framework/src/Illuminate/Pipeline/Pipeline.php(219): Illuminate\\Foundation\\Http\\Middleware\\ConvertEmptyStringsToNull->handle(Object(Illuminate\\Http\\Request), Object(Closure))
#53 /Applications/XAMPP/xamppfiles/htdocs/final-project-cloud-computing-b-cc-kelompok-8-boboiboy-kuasa-bug-gaib/Nusatarawisata-kaltim/vendor/laravel/framework/src/Illuminate/Foundation/Http/Middleware/TransformsRequest.php(21): Illuminate\\Pipeline\\Pipeline->Illuminate\\Pipeline\\{closure}(Object(Illuminate\\Http\\Request))
#54 /Applications/XAMPP/xamppfiles/htdocs/final-project-cloud-computing-b-cc-kelompok-8-boboiboy-kuasa-bug-gaib/Nusatarawisata-kaltim/vendor/laravel/framework/src/Illuminate/Foundation/Http/Middleware/TrimStrings.php(51): Illuminate\\Foundation\\Http\\Middleware\\TransformsRequest->handle(Object(Illuminate\\Http\\Request), Object(Closure))
#55 /Applications/XAMPP/xamppfiles/htdocs/final-project-cloud-computing-b-cc-kelompok-8-boboiboy-kuasa-bug-gaib/Nusatarawisata-kaltim/vendor/laravel/framework/src/Illuminate/Pipeline/Pipeline.php(219): Illuminate\\Foundation\\Http\\Middleware\\TrimStrings->handle(Object(Illuminate\\Http\\Request), Object(Closure))
#56 /Applications/XAMPP/xamppfiles/htdocs/final-project-cloud-computing-b-cc-kelompok-8-boboiboy-kuasa-bug-gaib/Nusatarawisata-kaltim/vendor/laravel/framework/src/Illuminate/Http/Middleware/ValidatePostSize.php(27): Illuminate\\Pipeline\\Pipeline->Illuminate\\Pipeline\\{closure}(Object(Illuminate\\Http\\Request))
#57 /Applications/XAMPP/xamppfiles/htdocs/final-project-cloud-computing-b-cc-kelompok-8-boboiboy-kuasa-bug-gaib/Nusatarawisata-kaltim/vendor/laravel/framework/src/Illuminate/Pipeline/Pipeline.php(219): Illuminate\\Http\\Middleware\\ValidatePostSize->handle(Object(Illuminate\\Http\\Request), Object(Closure))
#58 /Applications/XAMPP/xamppfiles/htdocs/final-project-cloud-computing-b-cc-kelompok-8-boboiboy-kuasa-bug-gaib/Nusatarawisata-kaltim/vendor/laravel/framework/src/Illuminate/Foundation/Http/Middleware/PreventRequestsDuringMaintenance.php(109): Illuminate\\Pipeline\\Pipeline->Illuminate\\Pipeline\\{closure}(Object(Illuminate\\Http\\Request))
#59 /Applications/XAMPP/xamppfiles/htdocs/final-project-cloud-computing-b-cc-kelompok-8-boboiboy-kuasa-bug-gaib/Nusatarawisata-kaltim/vendor/laravel/framework/src/Illuminate/Pipeline/Pipeline.php(219): Illuminate\\Foundation\\Http\\Middleware\\PreventRequestsDuringMaintenance->handle(Object(Illuminate\\Http\\Request), Object(Closure))
#60 /Applications/XAMPP/xamppfiles/htdocs/final-project-cloud-computing-b-cc-kelompok-8-boboiboy-kuasa-bug-gaib/Nusatarawisata-kaltim/vendor/laravel/framework/src/Illuminate/Http/Middleware/HandleCors.php(48): Illuminate\\Pipeline\\Pipeline->Illuminate\\Pipeline\\{closure}(Object(Illuminate\\Http\\Request))
#61 /Applications/XAMPP/xamppfiles/htdocs/final-project-cloud-computing-b-cc-kelompok-8-boboiboy-kuasa-bug-gaib/Nusatarawisata-kaltim/vendor/laravel/framework/src/Illuminate/Pipeline/Pipeline.php(219): Illuminate\\Http\\Middleware\\HandleCors->handle(Object(Illuminate\\Http\\Request), Object(Closure))
#62 /Applications/XAMPP/xamppfiles/htdocs/final-project-cloud-computing-b-cc-kelompok-8-boboiboy-kuasa-bug-gaib/Nusatarawisata-kaltim/vendor/laravel/framework/src/Illuminate/Http/Middleware/TrustProxies.php(58): Illuminate\\Pipeline\\Pipeline->Illuminate\\Pipeline\\{closure}(Object(Illuminate\\Http\\Request))
#63 /Applications/XAMPP/xamppfiles/htdocs/final-project-cloud-computing-b-cc-kelompok-8-boboiboy-kuasa-bug-gaib/Nusatarawisata-kaltim/vendor/laravel/framework/src/Illuminate/Pipeline/Pipeline.php(219): Illuminate\\Http\\Middleware\\TrustProxies->handle(Object(Illuminate\\Http\\Request), Object(Closure))
#64 /Applications/XAMPP/xamppfiles/htdocs/final-project-cloud-computing-b-cc-kelompok-8-boboiboy-kuasa-bug-gaib/Nusatarawisata-kaltim/vendor/laravel/framework/src/Illuminate/Foundation/Http/Middleware/InvokeDeferredCallbacks.php(22): Illuminate\\Pipeline\\Pipeline->Illuminate\\Pipeline\\{closure}(Object(Illuminate\\Http\\Request))
#65 /Applications/XAMPP/xamppfiles/htdocs/final-project-cloud-computing-b-cc-kelompok-8-boboiboy-kuasa-bug-gaib/Nusatarawisata-kaltim/vendor/laravel/framework/src/Illuminate/Pipeline/Pipeline.php(219): Illuminate\\Foundation\\Http\\Middleware\\InvokeDeferredCallbacks->handle(Object(Illuminate\\Http\\Request), Object(Closure))
#66 /Applications/XAMPP/xamppfiles/htdocs/final-project-cloud-computing-b-cc-kelompok-8-boboiboy-kuasa-bug-gaib/Nusatarawisata-kaltim/vendor/laravel/framework/src/Illuminate/Http/Middleware/ValidatePathEncoding.php(26): Illuminate\\Pipeline\\Pipeline->Illuminate\\Pipeline\\{closure}(Object(Illuminate\\Http\\Request))
#67 /Applications/XAMPP/xamppfiles/htdocs/final-project-cloud-computing-b-cc-kelompok-8-boboiboy-kuasa-bug-gaib/Nusatarawisata-kaltim/vendor/laravel/framework/src/Illuminate/Pipeline/Pipeline.php(219): Illuminate\\Http\\Middleware\\ValidatePathEncoding->handle(Object(Illuminate\\Http\\Request), Object(Closure))
#68 /Applications/XAMPP/xamppfiles/htdocs/final-project-cloud-computing-b-cc-kelompok-8-boboiboy-kuasa-bug-gaib/Nusatarawisata-kaltim/vendor/laravel/framework/src/Illuminate/Pipeline/Pipeline.php(137): Illuminate\\Pipeline\\Pipeline->Illuminate\\Pipeline\\{closure}(Object(Illuminate\\Http\\Request))
#69 /Applications/XAMPP/xamppfiles/htdocs/final-project-cloud-computing-b-cc-kelompok-8-boboiboy-kuasa-bug-gaib/Nusatarawisata-kaltim/vendor/laravel/framework/src/Illuminate/Foundation/Http/Kernel.php(175): Illuminate\\Pipeline\\Pipeline->then(Object(Closure))
#70 /Applications/XAMPP/xamppfiles/htdocs/final-project-cloud-computing-b-cc-kelompok-8-boboiboy-kuasa-bug-gaib/Nusatarawisata-kaltim/vendor/laravel/framework/src/Illuminate/Foundation/Http/Kernel.php(144): Illuminate\\Foundation\\Http\\Kernel->sendRequestThroughRouter(Object(Illuminate\\Http\\Request))
#71 /Applications/XAMPP/xamppfiles/htdocs/final-project-cloud-computing-b-cc-kelompok-8-boboiboy-kuasa-bug-gaib/Nusatarawisata-kaltim/vendor/laravel/framework/src/Illuminate/Foundation/Application.php(1220): Illuminate\\Foundation\\Http\\Kernel->handle(Object(Illuminate\\Http\\Request))
#72 /Applications/XAMPP/xamppfiles/htdocs/final-project-cloud-computing-b-cc-kelompok-8-boboiboy-kuasa-bug-gaib/Nusatarawisata-kaltim/public/index.php(20): Illuminate\\Foundation\\Application->handleRequest(Object(Illuminate\\Http\\Request))
#73 /Applications/XAMPP/xamppfiles/htdocs/final-project-cloud-computing-b-cc-kelompok-8-boboiboy-kuasa-bug-gaib/Nusatarawisata-kaltim/vendor/laravel/framework/src/Illuminate/Foundation/resources/server.php(23): require_once('/Applications/X...')
#74 {main}

[previous exception] [object] (Symfony\\Component\\Routing\\Exception\\RouteNotFoundException(code: 0): Route [user.home] not defined. at /Applications/XAMPP/xamppfiles/htdocs/final-project-cloud-computing-b-cc-kelompok-8-boboiboy-kuasa-bug-gaib/Nusatarawisata-kaltim/vendor/laravel/framework/src/Illuminate/Routing/UrlGenerator.php:526)
[stacktrace]
#0 /Applications/XAMPP/xamppfiles/htdocs/final-project-cloud-computing-b-cc-kelompok-8-boboiboy-kuasa-bug-gaib/Nusatarawisata-kaltim/vendor/laravel/framework/src/Illuminate/Foundation/helpers.php(871): Illuminate\\Routing\\UrlGenerator->route('user.home', Array, true)
#1 /Applications/XAMPP/xamppfiles/htdocs/final-project-cloud-computing-b-cc-kelompok-8-boboiboy-kuasa-bug-gaib/Nusatarawisata-kaltim/storage/framework/views/96ab06d04e4926d42bf7c70aa4637fa8.php(56): route('user.home')
#2 /Applications/XAMPP/xamppfiles/htdocs/final-project-cloud-computing-b-cc-kelompok-8-boboiboy-kuasa-bug-gaib/Nusatarawisata-kaltim/vendor/laravel/framework/src/Illuminate/Filesystem/Filesystem.php(123): require('/Applications/X...')
#3 /Applications/XAMPP/xamppfiles/htdocs/final-project-cloud-computing-b-cc-kelompok-8-boboiboy-kuasa-bug-gaib/Nusatarawisata-kaltim/vendor/laravel/framework/src/Illuminate/Filesystem/Filesystem.php(124): Illuminate\\Filesystem\\Filesystem::Illuminate\\Filesystem\\{closure}()
#4 /Applications/XAMPP/xamppfiles/htdocs/final-project-cloud-computing-b-cc-kelompok-8-boboiboy-kuasa-bug-gaib/Nusatarawisata-kaltim/vendor/laravel/framework/src/Illuminate/View/Engines/PhpEngine.php(57): Illuminate\\Filesystem\\Filesystem->getRequire('/Applications/X...', Array)
#5 /Applications/XAMPP/xamppfiles/htdocs/final-project-cloud-computing-b-cc-kelompok-8-boboiboy-kuasa-bug-gaib/Nusatarawisata-kaltim/vendor/laravel/framework/src/Illuminate/View/Engines/CompilerEngine.php(76): Illuminate\\View\\Engines\\PhpEngine->evaluatePath('/Applications/X...', Array)
#6 /Applications/XAMPP/xamppfiles/htdocs/final-project-cloud-computing-b-cc-kelompok-8-boboiboy-kuasa-bug-gaib/Nusatarawisata-kaltim/vendor/laravel/framework/src/Illuminate/View/View.php(208): Illuminate\\View\\Engines\\CompilerEngine->get('/Applications/X...', Array)
#7 /Applications/XAMPP/xamppfiles/htdocs/final-project-cloud-computing-b-cc-kelompok-8-boboiboy-kuasa-bug-gaib/Nusatarawisata-kaltim/vendor/laravel/framework/src/Illuminate/View/View.php(191): Illuminate\\View\\View->getContents()
#8 /Applications/XAMPP/xamppfiles/htdocs/final-project-cloud-computing-b-cc-kelompok-8-boboiboy-kuasa-bug-gaib/Nusatarawisata-kaltim/vendor/laravel/framework/src/Illuminate/View/View.php(160): Illuminate\\View\\View->renderContents()
#9 /Applications/XAMPP/xamppfiles/htdocs/final-project-cloud-computing-b-cc-kelompok-8-boboiboy-kuasa-bug-gaib/Nusatarawisata-kaltim/vendor/laravel/framework/src/Illuminate/View/Concerns/ManagesComponents.php(103): Illuminate\\View\\View->render()
#10 /Applications/XAMPP/xamppfiles/htdocs/final-project-cloud-computing-b-cc-kelompok-8-boboiboy-kuasa-bug-gaib/Nusatarawisata-kaltim/storage/framework/views/ef4943de1b4e69e4b401ed0e6738976c.php(40): Illuminate\\View\\Factory->renderComponent()
#11 /Applications/XAMPP/xamppfiles/htdocs/final-project-cloud-computing-b-cc-kelompok-8-boboiboy-kuasa-bug-gaib/Nusatarawisata-kaltim/vendor/laravel/framework/src/Illuminate/Filesystem/Filesystem.php(123): require('/Applications/X...')
#12 /Applications/XAMPP/xamppfiles/htdocs/final-project-cloud-computing-b-cc-kelompok-8-boboiboy-kuasa-bug-gaib/Nusatarawisata-kaltim/vendor/laravel/framework/src/Illuminate/Filesystem/Filesystem.php(124): Illuminate\\Filesystem\\Filesystem::Illuminate\\Filesystem\\{closure}()
#13 /Applications/XAMPP/xamppfiles/htdocs/final-project-cloud-computing-b-cc-kelompok-8-boboiboy-kuasa-bug-gaib/Nusatarawisata-kaltim/vendor/laravel/framework/src/Illuminate/View/Engines/PhpEngine.php(57): Illuminate\\Filesystem\\Filesystem->getRequire('/Applications/X...', Array)
#14 /Applications/XAMPP/xamppfiles/htdocs/final-project-cloud-computing-b-cc-kelompok-8-boboiboy-kuasa-bug-gaib/Nusatarawisata-kaltim/vendor/laravel/framework/src/Illuminate/View/Engines/CompilerEngine.php(76): Illuminate\\View\\Engines\\PhpEngine->evaluatePath('/Applications/X...', Array)
#15 /Applications/XAMPP/xamppfiles/htdocs/final-project-cloud-computing-b-cc-kelompok-8-boboiboy-kuasa-bug-gaib/Nusatarawisata-kaltim/vendor/laravel/framework/src/Illuminate/View/View.php(208): Illuminate\\View\\Engines\\CompilerEngine->get('/Applications/X...', Array)
#16 /Applications/XAMPP/xamppfiles/htdocs/final-project-cloud-computing-b-cc-kelompok-8-boboiboy-kuasa-bug-gaib/Nusatarawisata-kaltim/vendor/laravel/framework/src/Illuminate/View/View.php(191): Illuminate\\View\\View->getContents()
#17 /Applications/XAMPP/xamppfiles/htdocs/final-project-cloud-computing-b-cc-kelompok-8-boboiboy-kuasa-bug-gaib/Nusatarawisata-kaltim/vendor/laravel/framework/src/Illuminate/View/View.php(160): Illuminate\\View\\View->renderContents()
#18 /Applications/XAMPP/xamppfiles/htdocs/final-project-cloud-computing-b-cc-kelompok-8-boboiboy-kuasa-bug-gaib/Nusatarawisata-kaltim/storage/framework/views/cdce134fccee2388a9fc444b1db8fa96.php(217): Illuminate\\View\\View->render()
#19 /Applications/XAMPP/xamppfiles/htdocs/final-project-cloud-computing-b-cc-kelompok-8-boboiboy-kuasa-bug-gaib/Nusatarawisata-kaltim/vendor/laravel/framework/src/Illuminate/Filesystem/Filesystem.php(123): require('/Applications/X...')
#20 /Applications/XAMPP/xamppfiles/htdocs/final-project-cloud-computing-b-cc-kelompok-8-boboiboy-kuasa-bug-gaib/Nusatarawisata-kaltim/vendor/laravel/framework/src/Illuminate/Filesystem/Filesystem.php(124): Illuminate\\Filesystem\\Filesystem::Illuminate\\Filesystem\\{closure}()
#21 /Applications/XAMPP/xamppfiles/htdocs/final-project-cloud-computing-b-cc-kelompok-8-boboiboy-kuasa-bug-gaib/Nusatarawisata-kaltim/vendor/laravel/framework/src/Illuminate/View/Engines/PhpEngine.php(57): Illuminate\\Filesystem\\Filesystem->getRequire('/Applications/X...', Array)
#22 /Applications/XAMPP/xamppfiles/htdocs/final-project-cloud-computing-b-cc-kelompok-8-boboiboy-kuasa-bug-gaib/Nusatarawisata-kaltim/vendor/laravel/framework/src/Illuminate/View/Engines/CompilerEngine.php(76): Illuminate\\View\\Engines\\PhpEngine->evaluatePath('/Applications/X...', Array)
#23 /Applications/XAMPP/xamppfiles/htdocs/final-project-cloud-computing-b-cc-kelompok-8-boboiboy-kuasa-bug-gaib/Nusatarawisata-kaltim/vendor/laravel/framework/src/Illuminate/View/View.php(208): Illuminate\\View\\Engines\\CompilerEngine->get('/Applications/X...', Array)
#24 /Applications/XAMPP/xamppfiles/htdocs/final-project-cloud-computing-b-cc-kelompok-8-boboiboy-kuasa-bug-gaib/Nusatarawisata-kaltim/vendor/laravel/framework/src/Illuminate/View/View.php(191): Illuminate\\View\\View->getContents()
#25 /Applications/XAMPP/xamppfiles/htdocs/final-project-cloud-computing-b-cc-kelompok-8-boboiboy-kuasa-bug-gaib/Nusatarawisata-kaltim/vendor/laravel/framework/src/Illuminate/View/View.php(160): Illuminate\\View\\View->renderContents()
#26 /Applications/XAMPP/xamppfiles/htdocs/final-project-cloud-computing-b-cc-kelompok-8-boboiboy-kuasa-bug-gaib/Nusatarawisata-kaltim/vendor/laravel/framework/src/Illuminate/Http/Response.php(78): Illuminate\\View\\View->render()
#27 /Applications/XAMPP/xamppfiles/htdocs/final-project-cloud-computing-b-cc-kelompok-8-boboiboy-kuasa-bug-gaib/Nusatarawisata-kaltim/vendor/laravel/framework/src/Illuminate/Http/Response.php(34): Illuminate\\Http\\Response->setContent(Object(Illuminate\\View\\View))
#28 /Applications/XAMPP/xamppfiles/htdocs/final-project-cloud-computing-b-cc-kelompok-8-boboiboy-kuasa-bug-gaib/Nusatarawisata-kaltim/vendor/laravel/framework/src/Illuminate/Routing/Router.php(939): Illuminate\\Http\\Response->__construct(Object(Illuminate\\View\\View), 200, Array)
#29 /Applications/XAMPP/xamppfiles/htdocs/final-project-cloud-computing-b-cc-kelompok-8-boboiboy-kuasa-bug-gaib/Nusatarawisata-kaltim/vendor/laravel/framework/src/Illuminate/Routing/Router.php(906): Illuminate\\Routing\\Router::toResponse(Object(Illuminate\\Http\\Request), Object(Illuminate\\View\\View))
#30 /Applications/XAMPP/xamppfiles/htdocs/final-project-cloud-computing-b-cc-kelompok-8-boboiboy-kuasa-bug-gaib/Nusatarawisata-kaltim/vendor/laravel/framework/src/Illuminate/Routing/Router.php(821): Illuminate\\Routing\\Router->prepareResponse(Object(Illuminate\\Http\\Request), Object(Illuminate\\View\\View))
#31 /Applications/XAMPP/xamppfiles/htdocs/final-project-cloud-computing-b-cc-kelompok-8-boboiboy-kuasa-bug-gaib/Nusatarawisata-kaltim/vendor/laravel/framework/src/Illuminate/Pipeline/Pipeline.php(180): Illuminate\\Routing\\Router->Illuminate\\Routing\\{closure}(Object(Illuminate\\Http\\Request))
#32 /Applications/XAMPP/xamppfiles/htdocs/final-project-cloud-computing-b-cc-kelompok-8-boboiboy-kuasa-bug-gaib/Nusatarawisata-kaltim/app/Http/Middleware/IsAdmin.php(25): Illuminate\\Pipeline\\Pipeline->Illuminate\\Pipeline\\{closure}(Object(Illuminate\\Http\\Request))
#33 /Applications/XAMPP/xamppfiles/htdocs/final-project-cloud-computing-b-cc-kelompok-8-boboiboy-kuasa-bug-gaib/Nusatarawisata-kaltim/vendor/laravel/framework/src/Illuminate/Pipeline/Pipeline.php(219): App\\Http\\Middleware\\IsAdmin->handle(Object(Illuminate\\Http\\Request), Object(Closure))
#34 /Applications/XAMPP/xamppfiles/htdocs/final-project-cloud-computing-b-cc-kelompok-8-boboiboy-kuasa-bug-gaib/Nusatarawisata-kaltim/vendor/laravel/framework/src/Illuminate/Routing/Middleware/SubstituteBindings.php(50): Illuminate\\Pipeline\\Pipeline->Illuminate\\Pipeline\\{closure}(Object(Illuminate\\Http\\Request))
#35 /Applications/XAMPP/xamppfiles/htdocs/final-project-cloud-computing-b-cc-kelompok-8-boboiboy-kuasa-bug-gaib/Nusatarawisata-kaltim/vendor/laravel/framework/src/Illuminate/Pipeline/Pipeline.php(219): Illuminate\\Routing\\Middleware\\SubstituteBindings->handle(Object(Illuminate\\Http\\Request), Object(Closure))
#36 /Applications/XAMPP/xamppfiles/htdocs/final-project-cloud-computing-b-cc-kelompok-8-boboiboy-kuasa-bug-gaib/Nusatarawisata-kaltim/vendor/laravel/framework/src/Illuminate/Foundation/Http/Middleware/VerifyCsrfToken.php(87): Illuminate\\Pipeline\\Pipeline->Illuminate\\Pipeline\\{closure}(Object(Illuminate\\Http\\Request))
#37 /Applications/XAMPP/xamppfiles/htdocs/final-project-cloud-computing-b-cc-kelompok-8-boboiboy-kuasa-bug-gaib/Nusatarawisata-kaltim/vendor/laravel/framework/src/Illuminate/Pipeline/Pipeline.php(219): Illuminate\\Foundation\\Http\\Middleware\\VerifyCsrfToken->handle(Object(Illuminate\\Http\\Request), Object(Closure))
#38 /Applications/XAMPP/xamppfiles/htdocs/final-project-cloud-computing-b-cc-kelompok-8-boboiboy-kuasa-bug-gaib/Nusatarawisata-kaltim/vendor/laravel/framework/src/Illuminate/View/Middleware/ShareErrorsFromSession.php(48): Illuminate\\Pipeline\\Pipeline->Illuminate\\Pipeline\\{closure}(Object(Illuminate\\Http\\Request))
#39 /Applications/XAMPP/xamppfiles/htdocs/final-project-cloud-computing-b-cc-kelompok-8-boboiboy-kuasa-bug-gaib/Nusatarawisata-kaltim/vendor/laravel/framework/src/Illuminate/Pipeline/Pipeline.php(219): Illuminate\\View\\Middleware\\ShareErrorsFromSession->handle(Object(Illuminate\\Http\\Request), Object(Closure))
#40 /Applications/XAMPP/xamppfiles/htdocs/final-project-cloud-computing-b-cc-kelompok-8-boboiboy-kuasa-bug-gaib/Nusatarawisata-kaltim/vendor/laravel/framework/src/Illuminate/Session/Middleware/StartSession.php(120): Illuminate\\Pipeline\\Pipeline->Illuminate\\Pipeline\\{closure}(Object(Illuminate\\Http\\Request))
#41 /Applications/XAMPP/xamppfiles/htdocs/final-project-cloud-computing-b-cc-kelompok-8-boboiboy-kuasa-bug-gaib/Nusatarawisata-kaltim/vendor/laravel/framework/src/Illuminate/Session/Middleware/StartSession.php(63): Illuminate\\Session\\Middleware\\StartSession->handleStatefulRequest(Object(Illuminate\\Http\\Request), Object(Illuminate\\Session\\Store), Object(Closure))
#42 /Applications/XAMPP/xamppfiles/htdocs/final-project-cloud-computing-b-cc-kelompok-8-boboiboy-kuasa-bug-gaib/Nusatarawisata-kaltim/vendor/laravel/framework/src/Illuminate/Pipeline/Pipeline.php(219): Illuminate\\Session\\Middleware\\StartSession->handle(Object(Illuminate\\Http\\Request), Object(Closure))
#43 /Applications/XAMPP/xamppfiles/htdocs/final-project-cloud-computing-b-cc-kelompok-8-boboiboy-kuasa-bug-gaib/Nusatarawisata-kaltim/vendor/laravel/framework/src/Illuminate/Cookie/Middleware/AddQueuedCookiesToResponse.php(36): Illuminate\\Pipeline\\Pipeline->Illuminate\\Pipeline\\{closure}(Object(Illuminate\\Http\\Request))
#44 /Applications/XAMPP/xamppfiles/htdocs/final-project-cloud-computing-b-cc-kelompok-8-boboiboy-kuasa-bug-gaib/Nusatarawisata-kaltim/vendor/laravel/framework/src/Illuminate/Pipeline/Pipeline.php(219): Illuminate\\Cookie\\Middleware\\AddQueuedCookiesToResponse->handle(Object(Illuminate\\Http\\Request), Object(Closure))
#45 /Applications/XAMPP/xamppfiles/htdocs/final-project-cloud-computing-b-cc-kelompok-8-boboiboy-kuasa-bug-gaib/Nusatarawisata-kaltim/vendor/laravel/framework/src/Illuminate/Cookie/Middleware/EncryptCookies.php(74): Illuminate\\Pipeline\\Pipeline->Illuminate\\Pipeline\\{closure}(Object(Illuminate\\Http\\Request))
#46 /Applications/XAMPP/xamppfiles/htdocs/final-project-cloud-computing-b-cc-kelompok-8-boboiboy-kuasa-bug-gaib/Nusatarawisata-kaltim/vendor/laravel/framework/src/Illuminate/Pipeline/Pipeline.php(219): Illuminate\\Cookie\\Middleware\\EncryptCookies->handle(Object(Illuminate\\Http\\Request), Object(Closure))
#47 /Applications/XAMPP/xamppfiles/htdocs/final-project-cloud-computing-b-cc-kelompok-8-boboiboy-kuasa-bug-gaib/Nusatarawisata-kaltim/vendor/laravel/framework/src/Illuminate/Pipeline/Pipeline.php(137): Illuminate\\Pipeline\\Pipeline->Illuminate\\Pipeline\\{closure}(Object(Illuminate\\Http\\Request))
#48 /Applications/XAMPP/xamppfiles/htdocs/final-project-cloud-computing-b-cc-kelompok-8-boboiboy-kuasa-bug-gaib/Nusatarawisata-kaltim/vendor/laravel/framework/src/Illuminate/Routing/Router.php(821): Illuminate\\Pipeline\\Pipeline->then(Object(Closure))
#49 /Applications/XAMPP/xamppfiles/htdocs/final-project-cloud-computing-b-cc-kelompok-8-boboiboy-kuasa-bug-gaib/Nusatarawisata-kaltim/vendor/laravel/framework/src/Illuminate/Routing/Router.php(800): Illuminate\\Routing\\Router->runRouteWithinStack(Object(Illuminate\\Routing\\Route), Object(Illuminate\\Http\\Request))
#50 /Applications/XAMPP/xamppfiles/htdocs/final-project-cloud-computing-b-cc-kelompok-8-boboiboy-kuasa-bug-gaib/Nusatarawisata-kaltim/vendor/laravel/framework/src/Illuminate/Routing/Router.php(764): Illuminate\\Routing\\Router->runRoute(Object(Illuminate\\Http\\Request), Object(Illuminate\\Routing\\Route))
#51 /Applications/XAMPP/xamppfiles/htdocs/final-project-cloud-computing-b-cc-kelompok-8-boboiboy-kuasa-bug-gaib/Nusatarawisata-kaltim/vendor/laravel/framework/src/Illuminate/Routing/Router.php(753): Illuminate\\Routing\\Router->dispatchToRoute(Object(Illuminate\\Http\\Request))
#52 /Applications/XAMPP/xamppfiles/htdocs/final-project-cloud-computing-b-cc-kelompok-8-boboiboy-kuasa-bug-gaib/Nusatarawisata-kaltim/vendor/laravel/framework/src/Illuminate/Foundation/Http/Kernel.php(200): Illuminate\\Routing\\Router->dispatch(Object(Illuminate\\Http\\Request))
#53 /Applications/XAMPP/xamppfiles/htdocs/final-project-cloud-computing-b-cc-kelompok-8-boboiboy-kuasa-bug-gaib/Nusatarawisata-kaltim/vendor/laravel/framework/src/Illuminate/Pipeline/Pipeline.php(180): Illuminate\\Foundation\\Http\\Kernel->Illuminate\\Foundation\\Http\\{closure}(Object(Illuminate\\Http\\Request))
#54 /Applications/XAMPP/xamppfiles/htdocs/final-project-cloud-computing-b-cc-kelompok-8-boboiboy-kuasa-bug-gaib/Nusatarawisata-kaltim/vendor/laravel/framework/src/Illuminate/Foundation/Http/Middleware/TransformsRequest.php(21): Illuminate\\Pipeline\\Pipeline->Illuminate\\Pipeline\\{closure}(Object(Illuminate\\Http\\Request))
#55 /Applications/XAMPP/xamppfiles/htdocs/final-project-cloud-computing-b-cc-kelompok-8-boboiboy-kuasa-bug-gaib/Nusatarawisata-kaltim/vendor/laravel/framework/src/Illuminate/Foundation/Http/Middleware/ConvertEmptyStringsToNull.php(31): Illuminate\\Foundation\\Http\\Middleware\\TransformsRequest->handle(Object(Illuminate\\Http\\Request), Object(Closure))
#56 /Applications/XAMPP/xamppfiles/htdocs/final-project-cloud-computing-b-cc-kelompok-8-boboiboy-kuasa-bug-gaib/Nusatarawisata-kaltim/vendor/laravel/framework/src/Illuminate/Pipeline/Pipeline.php(219): Illuminate\\Foundation\\Http\\Middleware\\ConvertEmptyStringsToNull->handle(Object(Illuminate\\Http\\Request), Object(Closure))
#57 /Applications/XAMPP/xamppfiles/htdocs/final-project-cloud-computing-b-cc-kelompok-8-boboiboy-kuasa-bug-gaib/Nusatarawisata-kaltim/vendor/laravel/framework/src/Illuminate/Foundation/Http/Middleware/TransformsRequest.php(21): Illuminate\\Pipeline\\Pipeline->Illuminate\\Pipeline\\{closure}(Object(Illuminate\\Http\\Request))
#58 /Applications/XAMPP/xamppfiles/htdocs/final-project-cloud-computing-b-cc-kelompok-8-boboiboy-kuasa-bug-gaib/Nusatarawisata-kaltim/vendor/laravel/framework/src/Illuminate/Foundation/Http/Middleware/TrimStrings.php(51): Illuminate\\Foundation\\Http\\Middleware\\TransformsRequest->handle(Object(Illuminate\\Http\\Request), Object(Closure))
#59 /Applications/XAMPP/xamppfiles/htdocs/final-project-cloud-computing-b-cc-kelompok-8-boboiboy-kuasa-bug-gaib/Nusatarawisata-kaltim/vendor/laravel/framework/src/Illuminate/Pipeline/Pipeline.php(219): Illuminate\\Foundation\\Http\\Middleware\\TrimStrings->handle(Object(Illuminate\\Http\\Request), Object(Closure))
#60 /Applications/XAMPP/xamppfiles/htdocs/final-project-cloud-computing-b-cc-kelompok-8-boboiboy-kuasa-bug-gaib/Nusatarawisata-kaltim/vendor/laravel/framework/src/Illuminate/Http/Middleware/ValidatePostSize.php(27): Illuminate\\Pipeline\\Pipeline->Illuminate\\Pipeline\\{closure}(Object(Illuminate\\Http\\Request))
#61 /Applications/XAMPP/xamppfiles/htdocs/final-project-cloud-computing-b-cc-kelompok-8-boboiboy-kuasa-bug-gaib/Nusatarawisata-kaltim/vendor/laravel/framework/src/Illuminate/Pipeline/Pipeline.php(219): Illuminate\\Http\\Middleware\\ValidatePostSize->handle(Object(Illuminate\\Http\\Request), Object(Closure))
#62 /Applications/XAMPP/xamppfiles/htdocs/final-project-cloud-computing-b-cc-kelompok-8-boboiboy-kuasa-bug-gaib/Nusatarawisata-kaltim/vendor/laravel/framework/src/Illuminate/Foundation/Http/Middleware/PreventRequestsDuringMaintenance.php(109): Illuminate\\Pipeline\\Pipeline->Illuminate\\Pipeline\\{closure}(Object(Illuminate\\Http\\Request))
#63 /Applications/XAMPP/xamppfiles/htdocs/final-project-cloud-computing-b-cc-kelompok-8-boboiboy-kuasa-bug-gaib/Nusatarawisata-kaltim/vendor/laravel/framework/src/Illuminate/Pipeline/Pipeline.php(219): Illuminate\\Foundation\\Http\\Middleware\\PreventRequestsDuringMaintenance->handle(Object(Illuminate\\Http\\Request), Object(Closure))
#64 /Applications/XAMPP/xamppfiles/htdocs/final-project-cloud-computing-b-cc-kelompok-8-boboiboy-kuasa-bug-gaib/Nusatarawisata-kaltim/vendor/laravel/framework/src/Illuminate/Http/Middleware/HandleCors.php(48): Illuminate\\Pipeline\\Pipeline->Illuminate\\Pipeline\\{closure}(Object(Illuminate\\Http\\Request))
#65 /Applications/XAMPP/xamppfiles/htdocs/final-project-cloud-computing-b-cc-kelompok-8-boboiboy-kuasa-bug-gaib/Nusatarawisata-kaltim/vendor/laravel/framework/src/Illuminate/Pipeline/Pipeline.php(219): Illuminate\\Http\\Middleware\\HandleCors->handle(Object(Illuminate\\Http\\Request), Object(Closure))
#66 /Applications/XAMPP/xamppfiles/htdocs/final-project-cloud-computing-b-cc-kelompok-8-boboiboy-kuasa-bug-gaib/Nusatarawisata-kaltim/vendor/laravel/framework/src/Illuminate/Http/Middleware/TrustProxies.php(58): Illuminate\\Pipeline\\Pipeline->Illuminate\\Pipeline\\{closure}(Object(Illuminate\\Http\\Request))
#67 /Applications/XAMPP/xamppfiles/htdocs/final-project-cloud-computing-b-cc-kelompok-8-boboiboy-kuasa-bug-gaib/Nusatarawisata-kaltim/vendor/laravel/framework/src/Illuminate/Pipeline/Pipeline.php(219): Illuminate\\Http\\Middleware\\TrustProxies->handle(Object(Illuminate\\Http\\Request), Object(Closure))
#68 /Applications/XAMPP/xamppfiles/htdocs/final-project-cloud-computing-b-cc-kelompok-8-boboiboy-kuasa-bug-gaib/Nusatarawisata-kaltim/vendor/laravel/framework/src/Illuminate/Foundation/Http/Middleware/InvokeDeferredCallbacks.php(22): Illuminate\\Pipeline\\Pipeline->Illuminate\\Pipeline\\{closure}(Object(Illuminate\\Http\\Request))
#69 /Applications/XAMPP/xamppfiles/htdocs/final-project-cloud-computing-b-cc-kelompok-8-boboiboy-kuasa-bug-gaib/Nusatarawisata-kaltim/vendor/laravel/framework/src/Illuminate/Pipeline/Pipeline.php(219): Illuminate\\Foundation\\Http\\Middleware\\InvokeDeferredCallbacks->handle(Object(Illuminate\\Http\\Request), Object(Closure))
#70 /Applications/XAMPP/xamppfiles/htdocs/final-project-cloud-computing-b-cc-kelompok-8-boboiboy-kuasa-bug-gaib/Nusatarawisata-kaltim/vendor/laravel/framework/src/Illuminate/Http/Middleware/ValidatePathEncoding.php(26): Illuminate\\Pipeline\\Pipeline->Illuminate\\Pipeline\\{closure}(Object(Illuminate\\Http\\Request))
#71 /Applications/XAMPP/xamppfiles/htdocs/final-project-cloud-computing-b-cc-kelompok-8-boboiboy-kuasa-bug-gaib/Nusatarawisata-kaltim/vendor/laravel/framework/src/Illuminate/Pipeline/Pipeline.php(219): Illuminate\\Http\\Middleware\\ValidatePathEncoding->handle(Object(Illuminate\\Http\\Request), Object(Closure))
#72 /Applications/XAMPP/xamppfiles/htdocs/final-project-cloud-computing-b-cc-kelompok-8-boboiboy-kuasa-bug-gaib/Nusatarawisata-kaltim/vendor/laravel/framework/src/Illuminate/Pipeline/Pipeline.php(137): Illuminate\\Pipeline\\Pipeline->Illuminate\\Pipeline\\{closure}(Object(Illuminate\\Http\\Request))
#73 /Applications/XAMPP/xamppfiles/htdocs/final-project-cloud-computing-b-cc-kelompok-8-boboiboy-kuasa-bug-gaib/Nusatarawisata-kaltim/vendor/laravel/framework/src/Illuminate/Foundation/Http/Kernel.php(175): Illuminate\\Pipeline\\Pipeline->then(Object(Closure))
#74 /Applications/XAMPP/xamppfiles/htdocs/final-project-cloud-computing-b-cc-kelompok-8-boboiboy-kuasa-bug-gaib/Nusatarawisata-kaltim/vendor/laravel/framework/src/Illuminate/Foundation/Http/Kernel.php(144): Illuminate\\Foundation\\Http\\Kernel->sendRequestThroughRouter(Object(Illuminate\\Http\\Request))
#75 /Applications/XAMPP/xamppfiles/htdocs/final-project-cloud-computing-b-cc-kelompok-8-boboiboy-kuasa-bug-gaib/Nusatarawisata-kaltim/vendor/laravel/framework/src/Illuminate/Foundation/Application.php(1220): Illuminate\\Foundation\\Http\\Kernel->handle(Object(Illuminate\\Http\\Request))
#76 /Applications/XAMPP/xamppfiles/htdocs/final-project-cloud-computing-b-cc-kelompok-8-boboiboy-kuasa-bug-gaib/Nusatarawisata-kaltim/public/index.php(20): Illuminate\\Foundation\\Application->handleRequest(Object(Illuminate\\Http\\Request))
#77 /Applications/XAMPP/xamppfiles/htdocs/final-project-cloud-computing-b-cc-kelompok-8-boboiboy-kuasa-bug-gaib/Nusatarawisata-kaltim/vendor/laravel/framework/src/Illuminate/Foundation/resources/server.php(23): require_once('/Applications/X...')
#78 {main}
"} 
[2025-10-29 09:17:04] local.INFO: Building Base Query {"user_id":1,"is_authenticated":true} 
[2025-10-29 09:17:04] local.INFO: Query SQL {"sql":"select \"destinations\".*, (select count(*) from \"liked_destinations\" where \"destinations\".\"id\" = \"liked_destinations\".\"destination_id\") as \"likes_count\", (select count(*) from \"reviews\" where \"destinations\".\"id\" = \"reviews\".\"destination_id\") as \"reviews_count\", CASE WHEN liked_destinations.user_id IS NOT NULL THEN 1 ELSE 0 END as is_liked_by_user from \"destinations\" left join \"liked_destinations\" on \"destinations\".\"id\" = \"liked_destinations\".\"destination_id\" and \"liked_destinations\".\"user_id\" = ?","bindings":[1]} 
[2025-10-29 09:17:08] local.ERROR: View [admin.users.index] not found. {"userId":1,"exception":"[object] (InvalidArgumentException(code: 0): View [admin.users.index] not found. at /Applications/XAMPP/xamppfiles/htdocs/final-project-cloud-computing-b-cc-kelompok-8-boboiboy-kuasa-bug-gaib/Nusatarawisata-kaltim/vendor/laravel/framework/src/Illuminate/View/FileViewFinder.php:138)
[stacktrace]
#0 /Applications/XAMPP/xamppfiles/htdocs/final-project-cloud-computing-b-cc-kelompok-8-boboiboy-kuasa-bug-gaib/Nusatarawisata-kaltim/vendor/laravel/framework/src/Illuminate/View/FileViewFinder.php(78): Illuminate\\View\\FileViewFinder->findInPaths('admin.users.ind...', Array)
#1 /Applications/XAMPP/xamppfiles/htdocs/final-project-cloud-computing-b-cc-kelompok-8-boboiboy-kuasa-bug-gaib/Nusatarawisata-kaltim/vendor/laravel/framework/src/Illuminate/View/Factory.php(150): Illuminate\\View\\FileViewFinder->find('admin.users.ind...')
#2 /Applications/XAMPP/xamppfiles/htdocs/final-project-cloud-computing-b-cc-kelompok-8-boboiboy-kuasa-bug-gaib/Nusatarawisata-kaltim/vendor/laravel/framework/src/Illuminate/Foundation/helpers.php(1101): Illuminate\\View\\Factory->make('admin.users.ind...', Array, Array)
#3 /Applications/XAMPP/xamppfiles/htdocs/final-project-cloud-computing-b-cc-kelompok-8-boboiboy-kuasa-bug-gaib/Nusatarawisata-kaltim/app/Http/Controllers/Admin/UserController.php(47): view('admin.users.ind...', Array)
#4 /Applications/XAMPP/xamppfiles/htdocs/final-project-cloud-computing-b-cc-kelompok-8-boboiboy-kuasa-bug-gaib/Nusatarawisata-kaltim/vendor/laravel/framework/src/Illuminate/Routing/ControllerDispatcher.php(46): App\\Http\\Controllers\\Admin\\UserController->index(Object(Illuminate\\Http\\Request))
#5 /Applications/XAMPP/xamppfiles/htdocs/final-project-cloud-computing-b-cc-kelompok-8-boboiboy-kuasa-bug-gaib/Nusatarawisata-kaltim/vendor/laravel/framework/src/Illuminate/Routing/Route.php(265): Illuminate\\Routing\\ControllerDispatcher->dispatch(Object(Illuminate\\Routing\\Route), Object(App\\Http\\Controllers\\Admin\\UserController), 'index')
#6 /Applications/XAMPP/xamppfiles/htdocs/final-project-cloud-computing-b-cc-kelompok-8-boboiboy-kuasa-bug-gaib/Nusatarawisata-kaltim/vendor/laravel/framework/src/Illuminate/Routing/Route.php(211): Illuminate\\Routing\\Route->runController()
#7 /Applications/XAMPP/xamppfiles/htdocs/final-project-cloud-computing-b-cc-kelompok-8-boboiboy-kuasa-bug-gaib/Nusatarawisata-kaltim/vendor/laravel/framework/src/Illuminate/Routing/Router.php(822): Illuminate\\Routing\\Route->run()
#8 /Applications/XAMPP/xamppfiles/htdocs/final-project-cloud-computing-b-cc-kelompok-8-boboiboy-kuasa-bug-gaib/Nusatarawisata-kaltim/vendor/laravel/framework/src/Illuminate/Pipeline/Pipeline.php(180): Illuminate\\Routing\\Router->Illuminate\\Routing\\{closure}(Object(Illuminate\\Http\\Request))
#9 /Applications/XAMPP/xamppfiles/htdocs/final-project-cloud-computing-b-cc-kelompok-8-boboiboy-kuasa-bug-gaib/Nusatarawisata-kaltim/app/Http/Middleware/IsAdmin.php(25): Illuminate\\Pipeline\\Pipeline->Illuminate\\Pipeline\\{closure}(Object(Illuminate\\Http\\Request))
#10 /Applications/XAMPP/xamppfiles/htdocs/final-project-cloud-computing-b-cc-kelompok-8-boboiboy-kuasa-bug-gaib/Nusatarawisata-kaltim/vendor/laravel/framework/src/Illuminate/Pipeline/Pipeline.php(219): App\\Http\\Middleware\\IsAdmin->handle(Object(Illuminate\\Http\\Request), Object(Closure))
#11 /Applications/XAMPP/xamppfiles/htdocs/final-project-cloud-computing-b-cc-kelompok-8-boboiboy-kuasa-bug-gaib/Nusatarawisata-kaltim/vendor/laravel/framework/src/Illuminate/Routing/Middleware/SubstituteBindings.php(50): Illuminate\\Pipeline\\Pipeline->Illuminate\\Pipeline\\{closure}(Object(Illuminate\\Http\\Request))
#12 /Applications/XAMPP/xamppfiles/htdocs/final-project-cloud-computing-b-cc-kelompok-8-boboiboy-kuasa-bug-gaib/Nusatarawisata-kaltim/vendor/laravel/framework/src/Illuminate/Pipeline/Pipeline.php(219): Illuminate\\Routing\\Middleware\\SubstituteBindings->handle(Object(Illuminate\\Http\\Request), Object(Closure))
#13 /Applications/XAMPP/xamppfiles/htdocs/final-project-cloud-computing-b-cc-kelompok-8-boboiboy-kuasa-bug-gaib/Nusatarawisata-kaltim/vendor/laravel/framework/src/Illuminate/Foundation/Http/Middleware/VerifyCsrfToken.php(87): Illuminate\\Pipeline\\Pipeline->Illuminate\\Pipeline\\{closure}(Object(Illuminate\\Http\\Request))
#14 /Applications/XAMPP/xamppfiles/htdocs/final-project-cloud-computing-b-cc-kelompok-8-boboiboy-kuasa-bug-gaib/Nusatarawisata-kaltim/vendor/laravel/framework/src/Illuminate/Pipeline/Pipeline.php(219): Illuminate\\Foundation\\Http\\Middleware\\VerifyCsrfToken->handle(Object(Illuminate\\Http\\Request), Object(Closure))
#15 /Applications/XAMPP/xamppfiles/htdocs/final-project-cloud-computing-b-cc-kelompok-8-boboiboy-kuasa-bug-gaib/Nusatarawisata-kaltim/vendor/laravel/framework/src/Illuminate/View/Middleware/ShareErrorsFromSession.php(48): Illuminate\\Pipeline\\Pipeline->Illuminate\\Pipeline\\{closure}(Object(Illuminate\\Http\\Request))
#16 /Applications/XAMPP/xamppfiles/htdocs/final-project-cloud-computing-b-cc-kelompok-8-boboiboy-kuasa-bug-gaib/Nusatarawisata-kaltim/vendor/laravel/framework/src/Illuminate/Pipeline/Pipeline.php(219): Illuminate\\View\\Middleware\\ShareErrorsFromSession->handle(Object(Illuminate\\Http\\Request), Object(Closure))
#17 /Applications/XAMPP/xamppfiles/htdocs/final-project-cloud-computing-b-cc-kelompok-8-boboiboy-kuasa-bug-gaib/Nusatarawisata-kaltim/vendor/laravel/framework/src/Illuminate/Session/Middleware/StartSession.php(120): Illuminate\\Pipeline\\Pipeline->Illuminate\\Pipeline\\{closure}(Object(Illuminate\\Http\\Request))
#18 /Applications/XAMPP/xamppfiles/htdocs/final-project-cloud-computing-b-cc-kelompok-8-boboiboy-kuasa-bug-gaib/Nusatarawisata-kaltim/vendor/laravel/framework/src/Illuminate/Session/Middleware/StartSession.php(63): Illuminate\\Session\\Middleware\\StartSession->handleStatefulRequest(Object(Illuminate\\Http\\Request), Object(Illuminate\\Session\\Store), Object(Closure))
#19 /Applications/XAMPP/xamppfiles/htdocs/final-project-cloud-computing-b-cc-kelompok-8-boboiboy-kuasa-bug-gaib/Nusatarawisata-kaltim/vendor/laravel/framework/src/Illuminate/Pipeline/Pipeline.php(219): Illuminate\\Session\\Middleware\\StartSession->handle(Object(Illuminate\\Http\\Request), Object(Closure))
#20 /Applications/XAMPP/xamppfiles/htdocs/final-project-cloud-computing-b-cc-kelompok-8-boboiboy-kuasa-bug-gaib/Nusatarawisata-kaltim/vendor/laravel/framework/src/Illuminate/Cookie/Middleware/AddQueuedCookiesToResponse.php(36): Illuminate\\Pipeline\\Pipeline->Illuminate\\Pipeline\\{closure}(Object(Illuminate\\Http\\Request))
#21 /Applications/XAMPP/xamppfiles/htdocs/final-project-cloud-computing-b-cc-kelompok-8-boboiboy-kuasa-bug-gaib/Nusatarawisata-kaltim/vendor/laravel/framework/src/Illuminate/Pipeline/Pipeline.php(219): Illuminate\\Cookie\\Middleware\\AddQueuedCookiesToResponse->handle(Object(Illuminate\\Http\\Request), Object(Closure))
#22 /Applications/XAMPP/xamppfiles/htdocs/final-project-cloud-computing-b-cc-kelompok-8-boboiboy-kuasa-bug-gaib/Nusatarawisata-kaltim/vendor/laravel/framework/src/Illuminate/Cookie/Middleware/EncryptCookies.php(74): Illuminate\\Pipeline\\Pipeline->Illuminate\\Pipeline\\{closure}(Object(Illuminate\\Http\\Request))
#23 /Applications/XAMPP/xamppfiles/htdocs/final-project-cloud-computing-b-cc-kelompok-8-boboiboy-kuasa-bug-gaib/Nusatarawisata-kaltim/vendor/laravel/framework/src/Illuminate/Pipeline/Pipeline.php(219): Illuminate\\Cookie\\Middleware\\EncryptCookies->handle(Object(Illuminate\\Http\\Request), Object(Closure))
#24 /Applications/XAMPP/xamppfiles/htdocs/final-project-cloud-computing-b-cc-kelompok-8-boboiboy-kuasa-bug-gaib/Nusatarawisata-kaltim/vendor/laravel/framework/src/Illuminate/Pipeline/Pipeline.php(137): Illuminate\\Pipeline\\Pipeline->Illuminate\\Pipeline\\{closure}(Object(Illuminate\\Http\\Request))
#25 /Applications/XAMPP/xamppfiles/htdocs/final-project-cloud-computing-b-cc-kelompok-8-boboiboy-kuasa-bug-gaib/Nusatarawisata-kaltim/vendor/laravel/framework/src/Illuminate/Routing/Router.php(821): Illuminate\\Pipeline\\Pipeline->then(Object(Closure))
#26 /Applications/XAMPP/xamppfiles/htdocs/final-project-cloud-computing-b-cc-kelompok-8-boboiboy-kuasa-bug-gaib/Nusatarawisata-kaltim/vendor/laravel/framework/src/Illuminate/Routing/Router.php(800): Illuminate\\Routing\\Router->runRouteWithinStack(Object(Illuminate\\Routing\\Route), Object(Illuminate\\Http\\Request))
#27 /Applications/XAMPP/xamppfiles/htdocs/final-project-cloud-computing-b-cc-kelompok-8-boboiboy-kuasa-bug-gaib/Nusatarawisata-kaltim/vendor/laravel/framework/src/Illuminate/Routing/Router.php(764): Illuminate\\Routing\\Router->runRoute(Object(Illuminate\\Http\\Request), Object(Illuminate\\Routing\\Route))
#28 /Applications/XAMPP/xamppfiles/htdocs/final-project-cloud-computing-b-cc-kelompok-8-boboiboy-kuasa-bug-gaib/Nusatarawisata-kaltim/vendor/laravel/framework/src/Illuminate/Routing/Router.php(753): Illuminate\\Routing\\Router->dispatchToRoute(Object(Illuminate\\Http\\Request))
#29 /Applications/XAMPP/xamppfiles/htdocs/final-project-cloud-computing-b-cc-kelompok-8-boboiboy-kuasa-bug-gaib/Nusatarawisata-kaltim/vendor/laravel/framework/src/Illuminate/Foundation/Http/Kernel.php(200): Illuminate\\Routing\\Router->dispatch(Object(Illuminate\\Http\\Request))
#30 /Applications/XAMPP/xamppfiles/htdocs/final-project-cloud-computing-b-cc-kelompok-8-boboiboy-kuasa-bug-gaib/Nusatarawisata-kaltim/vendor/laravel/framework/src/Illuminate/Pipeline/Pipeline.php(180): Illuminate\\Foundation\\Http\\Kernel->Illuminate\\Foundation\\Http\\{closure}(Object(Illuminate\\Http\\Request))
#31 /Applications/XAMPP/xamppfiles/htdocs/final-project-cloud-computing-b-cc-kelompok-8-boboiboy-kuasa-bug-gaib/Nusatarawisata-kaltim/vendor/laravel/framework/src/Illuminate/Foundation/Http/Middleware/TransformsRequest.php(21): Illuminate\\Pipeline\\Pipeline->Illuminate\\Pipeline\\{closure}(Object(Illuminate\\Http\\Request))
#32 /Applications/XAMPP/xamppfiles/htdocs/final-project-cloud-computing-b-cc-kelompok-8-boboiboy-kuasa-bug-gaib/Nusatarawisata-kaltim/vendor/laravel/framework/src/Illuminate/Foundation/Http/Middleware/ConvertEmptyStringsToNull.php(31): Illuminate\\Foundation\\Http\\Middleware\\TransformsRequest->handle(Object(Illuminate\\Http\\Request), Object(Closure))
#33 /Applications/XAMPP/xamppfiles/htdocs/final-project-cloud-computing-b-cc-kelompok-8-boboiboy-kuasa-bug-gaib/Nusatarawisata-kaltim/vendor/laravel/framework/src/Illuminate/Pipeline/Pipeline.php(219): Illuminate\\Foundation\\Http\\Middleware\\ConvertEmptyStringsToNull->handle(Object(Illuminate\\Http\\Request), Object(Closure))
#34 /Applications/XAMPP/xamppfiles/htdocs/final-project-cloud-computing-b-cc-kelompok-8-boboiboy-kuasa-bug-gaib/Nusatarawisata-kaltim/vendor/laravel/framework/src/Illuminate/Foundation/Http/Middleware/TransformsRequest.php(21): Illuminate\\Pipeline\\Pipeline->Illuminate\\Pipeline\\{closure}(Object(Illuminate\\Http\\Request))
#35 /Applications/XAMPP/xamppfiles/htdocs/final-project-cloud-computing-b-cc-kelompok-8-boboiboy-kuasa-bug-gaib/Nusatarawisata-kaltim/vendor/laravel/framework/src/Illuminate/Foundation/Http/Middleware/TrimStrings.php(51): Illuminate\\Foundation\\Http\\Middleware\\TransformsRequest->handle(Object(Illuminate\\Http\\Request), Object(Closure))
#36 /Applications/XAMPP/xamppfiles/htdocs/final-project-cloud-computing-b-cc-kelompok-8-boboiboy-kuasa-bug-gaib/Nusatarawisata-kaltim/vendor/laravel/framework/src/Illuminate/Pipeline/Pipeline.php(219): Illuminate\\Foundation\\Http\\Middleware\\TrimStrings->handle(Object(Illuminate\\Http\\Request), Object(Closure))
#37 /Applications/XAMPP/xamppfiles/htdocs/final-project-cloud-computing-b-cc-kelompok-8-boboiboy-kuasa-bug-gaib/Nusatarawisata-kaltim/vendor/laravel/framework/src/Illuminate/Http/Middleware/ValidatePostSize.php(27): Illuminate\\Pipeline\\Pipeline->Illuminate\\Pipeline\\{closure}(Object(Illuminate\\Http\\Request))
#38 /Applications/XAMPP/xamppfiles/htdocs/final-project-cloud-computing-b-cc-kelompok-8-boboiboy-kuasa-bug-gaib/Nusatarawisata-kaltim/vendor/laravel/framework/src/Illuminate/Pipeline/Pipeline.php(219): Illuminate\\Http\\Middleware\\ValidatePostSize->handle(Object(Illuminate\\Http\\Request), Object(Closure))
#39 /Applications/XAMPP/xamppfiles/htdocs/final-project-cloud-computing-b-cc-kelompok-8-boboiboy-kuasa-bug-gaib/Nusatarawisata-kaltim/vendor/laravel/framework/src/Illuminate/Foundation/Http/Middleware/PreventRequestsDuringMaintenance.php(109): Illuminate\\Pipeline\\Pipeline->Illuminate\\Pipeline\\{closure}(Object(Illuminate\\Http\\Request))
#40 /Applications/XAMPP/xamppfiles/htdocs/final-project-cloud-computing-b-cc-kelompok-8-boboiboy-kuasa-bug-gaib/Nusatarawisata-kaltim/vendor/laravel/framework/src/Illuminate/Pipeline/Pipeline.php(219): Illuminate\\Foundation\\Http\\Middleware\\PreventRequestsDuringMaintenance->handle(Object(Illuminate\\Http\\Request), Object(Closure))
#41 /Applications/XAMPP/xamppfiles/htdocs/final-project-cloud-computing-b-cc-kelompok-8-boboiboy-kuasa-bug-gaib/Nusatarawisata-kaltim/vendor/laravel/framework/src/Illuminate/Http/Middleware/HandleCors.php(48): Illuminate\\Pipeline\\Pipeline->Illuminate\\Pipeline\\{closure}(Object(Illuminate\\Http\\Request))
#42 /Applications/XAMPP/xamppfiles/htdocs/final-project-cloud-computing-b-cc-kelompok-8-boboiboy-kuasa-bug-gaib/Nusatarawisata-kaltim/vendor/laravel/framework/src/Illuminate/Pipeline/Pipeline.php(219): Illuminate\\Http\\Middleware\\HandleCors->handle(Object(Illuminate\\Http\\Request), Object(Closure))
#43 /Applications/XAMPP/xamppfiles/htdocs/final-project-cloud-computing-b-cc-kelompok-8-boboiboy-kuasa-bug-gaib/Nusatarawisata-kaltim/vendor/laravel/framework/src/Illuminate/Http/Middleware/TrustProxies.php(58): Illuminate\\Pipeline\\Pipeline->Illuminate\\Pipeline\\{closure}(Object(Illuminate\\Http\\Request))
#44 /Applications/XAMPP/xamppfiles/htdocs/final-project-cloud-computing-b-cc-kelompok-8-boboiboy-kuasa-bug-gaib/Nusatarawisata-kaltim/vendor/laravel/framework/src/Illuminate/Pipeline/Pipeline.php(219): Illuminate\\Http\\Middleware\\TrustProxies->handle(Object(Illuminate\\Http\\Request), Object(Closure))
#45 /Applications/XAMPP/xamppfiles/htdocs/final-project-cloud-computing-b-cc-kelompok-8-boboiboy-kuasa-bug-gaib/Nusatarawisata-kaltim/vendor/laravel/framework/src/Illuminate/Foundation/Http/Middleware/InvokeDeferredCallbacks.php(22): Illuminate\\Pipeline\\Pipeline->Illuminate\\Pipeline\\{closure}(Object(Illuminate\\Http\\Request))
#46 /Applications/XAMPP/xamppfiles/htdocs/final-project-cloud-computing-b-cc-kelompok-8-boboiboy-kuasa-bug-gaib/Nusatarawisata-kaltim/vendor/laravel/framework/src/Illuminate/Pipeline/Pipeline.php(219): Illuminate\\Foundation\\Http\\Middleware\\InvokeDeferredCallbacks->handle(Object(Illuminate\\Http\\Request), Object(Closure))
#47 /Applications/XAMPP/xamppfiles/htdocs/final-project-cloud-computing-b-cc-kelompok-8-boboiboy-kuasa-bug-gaib/Nusatarawisata-kaltim/vendor/laravel/framework/src/Illuminate/Http/Middleware/ValidatePathEncoding.php(26): Illuminate\\Pipeline\\Pipeline->Illuminate\\Pipeline\\{closure}(Object(Illuminate\\Http\\Request))
#48 /Applications/XAMPP/xamppfiles/htdocs/final-project-cloud-computing-b-cc-kelompok-8-boboiboy-kuasa-bug-gaib/Nusatarawisata-kaltim/vendor/laravel/framework/src/Illuminate/Pipeline/Pipeline.php(219): Illuminate\\Http\\Middleware\\ValidatePathEncoding->handle(Object(Illuminate\\Http\\Request), Object(Closure))
#49 /Applications/XAMPP/xamppfiles/htdocs/final-project-cloud-computing-b-cc-kelompok-8-boboiboy-kuasa-bug-gaib/Nusatarawisata-kaltim/vendor/laravel/framework/src/Illuminate/Pipeline/Pipeline.php(137): Illuminate\\Pipeline\\Pipeline->Illuminate\\Pipeline\\{closure}(Object(Illuminate\\Http\\Request))
#50 /Applications/XAMPP/xamppfiles/htdocs/final-project-cloud-computing-b-cc-kelompok-8-boboiboy-kuasa-bug-gaib/Nusatarawisata-kaltim/vendor/laravel/framework/src/Illuminate/Foundation/Http/Kernel.php(175): Illuminate\\Pipeline\\Pipeline->then(Object(Closure))
#51 /Applications/XAMPP/xamppfiles/htdocs/final-project-cloud-computing-b-cc-kelompok-8-boboiboy-kuasa-bug-gaib/Nusatarawisata-kaltim/vendor/laravel/framework/src/Illuminate/Foundation/Http/Kernel.php(144): Illuminate\\Foundation\\Http\\Kernel->sendRequestThroughRouter(Object(Illuminate\\Http\\Request))
#52 /Applications/XAMPP/xamppfiles/htdocs/final-project-cloud-computing-b-cc-kelompok-8-boboiboy-kuasa-bug-gaib/Nusatarawisata-kaltim/vendor/laravel/framework/src/Illuminate/Foundation/Application.php(1220): Illuminate\\Foundation\\Http\\Kernel->handle(Object(Illuminate\\Http\\Request))
#53 /Applications/XAMPP/xamppfiles/htdocs/final-project-cloud-computing-b-cc-kelompok-8-boboiboy-kuasa-bug-gaib/Nusatarawisata-kaltim/public/index.php(20): Illuminate\\Foundation\\Application->handleRequest(Object(Illuminate\\Http\\Request))
#54 /Applications/XAMPP/xamppfiles/htdocs/final-project-cloud-computing-b-cc-kelompok-8-boboiboy-kuasa-bug-gaib/Nusatarawisata-kaltim/vendor/laravel/framework/src/Illuminate/Foundation/resources/server.php(23): require_once('/Applications/X...')
#55 {main}
"} 
